[
  {
    "id": "b80b72be-5c59-4dcd-b2c7-a2eb3a0bfd7f",
    "data": [
      {
        "text": "It\u0027s shameful",
        "userDefined": false
      }
    ],
    "isTemplate": false,
    "count": 0,
    "updated": 0
  },
  {
    "id": "afbd476e-3766-4e30-804b-2cdd619d07de",
    "data": [
      {
        "text": "Suggest some fictional movies",
        "userDefined": false
      }
    ],
    "isTemplate": false,
    "count": 0,
    "updated": 0
  },
  {
    "id": "54274d78-8e8a-49cd-a505-732fb822068c",
    "data": [
      {
        "text": "I can\u0027t sleep",
        "userDefined": false
      }
    ],
    "isTemplate": false,
    "count": 0,
    "updated": 0
  },
  {
    "id": "e2a83f45-acaa-459b-811a-5e21665d68ac",
    "data": [
      {
        "text": "I feel depressed",
        "userDefined": false
      }
    ],
    "isTemplate": false,
    "count": 0,
    "updated": 0
  },
  {
    "id": "43a3bf0d-5b70-404f-a151-b921ff24652f",
    "data": [
      {
        "text": "Should I do suicide",
        "userDefined": false
      }
    ],
    "isTemplate": false,
    "count": 0,
    "updated": 0
  },
  {
    "id": "bed0904c-4792-4e24-acee-350f2829479c",
    "data": [
      {
        "text": "There are many people in my mind",
        "userDefined": false
      }
    ],
    "isTemplate": false,
    "count": 0,
    "updated": 0
  },
  {
    "id": "5a704462-e895-4411-bb2f-c8233ab2af09",
    "data": [
      {
        "text": "Can you get a fuckin for me?",
        "userDefined": false
      }
    ],
    "isTemplate": false,
    "count": 0,
    "updated": 0
  },
  {
    "id": "1fbe4082-0736-4d8f-ad91-09a886cd2809",
    "data": [
      {
        "text": "How are you?",
        "userDefined": false
      }
    ],
    "isTemplate": false,
    "count": 0,
    "updated": 0
  },
  {
    "id": "5a118bdd-8bb7-4aa0-a5b0-81588afa4551",
    "data": [
      {
        "text": "Wtf are you doin",
        "userDefined": false
      }
    ],
    "isTemplate": false,
    "count": 0,
    "updated": 0
  }
]