[
  {
    "id": "31e50cab-ad20-4bd9-b52a-306b95e33a3f",
    "data": [
      {
        "text": "🚗",
        "userDefined": false
      }
    ],
    "isTemplate": false,
    "count": 0,
    "updated": 0
  },
  {
    "id": "4e41ab96-0a0b-4a7e-bacc-1435441a632b",
    "data": [
      {
        "text": "🚕",
        "userDefined": false
      }
    ],
    "isTemplate": false,
    "count": 0,
    "updated": 0
  },
  {
    "id": "749a1a96-cbf4-4888-bdf8-067021f2b2de",
    "data": [
      {
        "text": "🚙",
        "userDefined": false
      }
    ],
    "isTemplate": false,
    "count": 0,
    "updated": 0
  },
  {
    "id": "4bcf0d3e-6dba-4aa4-900d-1677e154ce3e",
    "data": [
      {
        "text": "🚌",
        "userDefined": false
      }
    ],
    "isTemplate": false,
    "count": 0,
    "updated": 0
  },
  {
    "id": "c3923855-8cda-41b6-9d43-d0ab8cee6997",
    "data": [
      {
        "text": "🚎",
        "userDefined": false
      }
    ],
    "isTemplate": false,
    "count": 0,
    "updated": 0
  },
  {
    "id": "c3a4ac96-9fb0-417d-9a24-760b209532c7",
    "data": [
      {
        "text": "🏎",
        "userDefined": false
      }
    ],
    "isTemplate": false,
    "count": 0,
    "updated": 0
  },
  {
    "id": "276fbd06-42d4-46de-988e-88aea5f5acda",
    "data": [
      {
        "text": "🚓",
        "userDefined": false
      }
    ],
    "isTemplate": false,
    "count": 0,
    "updated": 0
  },
  {
    "id": "589c6ada-d85e-4984-a079-b203f2277af1",
    "data": [
      {
        "text": "🚑",
        "userDefined": false
      }
    ],
    "isTemplate": false,
    "count": 0,
    "updated": 0
  },
  {
    "id": "ebaa98bf-d74c-46a5-9560-1ff348039df1",
    "data": [
      {
        "text": "🚒",
        "userDefined": false
      }
    ],
    "isTemplate": false,
    "count": 0,
    "updated": 0
  },
  {
    "id": "8982b8d0-0e1b-4fcc-9a0f-976b7130be8c",
    "data": [
      {
        "text": "🚐",
        "userDefined": false
      }
    ],
    "isTemplate": false,
    "count": 0,
    "updated": 0
  },
  {
    "id": "69efb79b-f0cc-4bd3-a71d-891e1fad272b",
    "data": [
      {
        "text": "🚚",
        "userDefined": false
      }
    ],
    "isTemplate": false,
    "count": 0,
    "updated": 0
  },
  {
    "id": "01ea48ae-a11b-48e7-95cd-ad100fcc4b26",
    "data": [
      {
        "text": "🚛",
        "userDefined": false
      }
    ],
    "isTemplate": false,
    "count": 0,
    "updated": 0
  },
  {
    "id": "50528ee4-345b-47da-a02d-9e1c6698cf25",
    "data": [
      {
        "text": "🚜",
        "userDefined": false
      }
    ],
    "isTemplate": false,
    "count": 0,
    "updated": 0
  },
  {
    "id": "e16fc1b8-0c32-4e51-aded-e6fbef174021",
    "data": [
      {
        "text": "🏍",
        "userDefined": false
      }
    ],
    "isTemplate": false,
    "count": 0,
    "updated": 0
  },
  {
    "id": "82e21f0b-56d4-4732-ad3b-eee9fdde570b",
    "data": [
      {
        "text": "🚲",
        "userDefined": false
      }
    ],
    "isTemplate": false,
    "count": 0,
    "updated": 0
  },
  {
    "id": "2a5a4c39-9c98-4daf-b9fb-e71789a07ab1",
    "data": [
      {
        "text": "🚨",
        "userDefined": false
      }
    ],
    "isTemplate": false,
    "count": 0,
    "updated": 0
  },
  {
    "id": "b9bf447a-e6da-4363-84dc-de8da18742dc",
    "data": [
      {
        "text": "🚔",
        "userDefined": false
      }
    ],
    "isTemplate": false,
    "count": 0,
    "updated": 0
  },
  {
    "id": "9de324a4-e77e-4b55-8e0d-360b133c4943",
    "data": [
      {
        "text": "🚍",
        "userDefined": false
      }
    ],
    "isTemplate": false,
    "count": 0,
    "updated": 0
  },
  {
    "id": "5eb04717-ff01-44f0-accb-87ebdc9131ef",
    "data": [
      {
        "text": "🚘",
        "userDefined": false
      }
    ],
    "isTemplate": false,
    "count": 0,
    "updated": 0
  },
  {
    "id": "797e3e00-230d-432d-a139-f0af9a5ad042",
    "data": [
      {
        "text": "🚖",
        "userDefined": false
      }
    ],
    "isTemplate": false,
    "count": 0,
    "updated": 0
  },
  {
    "id": "4a8e85b8-d684-4446-ba36-0c7cc06f7257",
    "data": [
      {
        "text": "🚡",
        "userDefined": false
      }
    ],
    "isTemplate": false,
    "count": 0,
    "updated": 0
  },
  {
    "id": "6ba1c9e1-ac90-4669-a0f5-e960c3f1baa9",
    "data": [
      {
        "text": "🚠",
        "userDefined": false
      }
    ],
    "isTemplate": false,
    "count": 0,
    "updated": 0
  },
  {
    "id": "8662b2b5-9895-47d5-99f6-98f8e456470f",
    "data": [
      {
        "text": "🚟",
        "userDefined": false
      }
    ],
    "isTemplate": false,
    "count": 0,
    "updated": 0
  },
  {
    "id": "a231e70d-3c62-46f8-af7e-59d58c6e1a89",
    "data": [
      {
        "text": "🚃",
        "userDefined": false
      }
    ],
    "isTemplate": false,
    "count": 0,
    "updated": 0
  },
  {
    "id": "80e1c98b-ea5f-443a-a32c-75475fa12bdf",
    "data": [
      {
        "text": "🚋",
        "userDefined": false
      }
    ],
    "isTemplate": false,
    "count": 0,
    "updated": 0
  },
  {
    "id": "c8116284-37eb-4798-9d14-40e798c771d9",
    "data": [
      {
        "text": "🚝",
        "userDefined": false
      }
    ],
    "isTemplate": false,
    "count": 0,
    "updated": 0
  },
  {
    "id": "c475e37a-d099-4ee2-b81f-ec6c061d400e",
    "data": [
      {
        "text": "🚄",
        "userDefined": false
      }
    ],
    "isTemplate": false,
    "count": 0,
    "updated": 0
  },
  {
    "id": "66a87594-c372-4915-b097-728fb882d10e",
    "data": [
      {
        "text": "🚅",
        "userDefined": false
      }
    ],
    "isTemplate": false,
    "count": 0,
    "updated": 0
  },
  {
    "id": "d0470e83-f61e-449d-849b-4777305280cd",
    "data": [
      {
        "text": "🚈",
        "userDefined": false
      }
    ],
    "isTemplate": false,
    "count": 0,
    "updated": 0
  },
  {
    "id": "248acec8-0937-4b90-9db0-93d1234796b4",
    "data": [
      {
        "text": "🚞",
        "userDefined": false
      }
    ],
    "isTemplate": false,
    "count": 0,
    "updated": 0
  },
  {
    "id": "e1b342d5-8b13-49f2-857c-68c3749dd68b",
    "data": [
      {
        "text": "🚂",
        "userDefined": false
      }
    ],
    "isTemplate": false,
    "count": 0,
    "updated": 0
  },
  {
    "id": "a83fd03b-1dd8-4eda-b4c6-f7d7e8e9e596",
    "data": [
      {
        "text": "🚆",
        "userDefined": false
      }
    ],
    "isTemplate": false,
    "count": 0,
    "updated": 0
  },
  {
    "id": "bf7b36d4-6de8-47a0-8466-c0097d3ce5d0",
    "data": [
      {
        "text": "🚇",
        "userDefined": false
      }
    ],
    "isTemplate": false,
    "count": 0,
    "updated": 0
  },
  {
    "id": "dac5a01f-765f-4834-88c1-716646720363",
    "data": [
      {
        "text": "🚊",
        "userDefined": false
      }
    ],
    "isTemplate": false,
    "count": 0,
    "updated": 0
  },
  {
    "id": "c3980b0f-66c5-4d92-8fd1-9f2ed99f014a",
    "data": [
      {
        "text": "🚉",
        "userDefined": false
      }
    ],
    "isTemplate": false,
    "count": 0,
    "updated": 0
  },
  {
    "id": "a884105a-7edd-4e80-9a47-9a8aa2c42743",
    "data": [
      {
        "text": "🚁",
        "userDefined": false
      }
    ],
    "isTemplate": false,
    "count": 0,
    "updated": 0
  },
  {
    "id": "8c4e9700-8275-4801-9fee-96f59bb3cce8",
    "data": [
      {
        "text": "🛩",
        "userDefined": false
      }
    ],
    "isTemplate": false,
    "count": 0,
    "updated": 0
  },
  {
    "id": "e08daef0-0404-4c1b-b07c-fb5965aa4c36",
    "data": [
      {
        "text": "✈",
        "userDefined": false
      }
    ],
    "isTemplate": false,
    "count": 0,
    "updated": 0
  },
  {
    "id": "c145bf27-e14d-4f37-8cb4-dfbeaff1e46f",
    "data": [
      {
        "text": "🛫",
        "userDefined": false
      }
    ],
    "isTemplate": false,
    "count": 0,
    "updated": 0
  },
  {
    "id": "cf470615-91a3-4eeb-9a03-3f410e289d18",
    "data": [
      {
        "text": "🛬",
        "userDefined": false
      }
    ],
    "isTemplate": false,
    "count": 0,
    "updated": 0
  },
  {
    "id": "7bc8d4ef-4ff7-4c66-8d41-228629e072b5",
    "data": [
      {
        "text": "⛵",
        "userDefined": false
      }
    ],
    "isTemplate": false,
    "count": 0,
    "updated": 0
  },
  {
    "id": "b6b2738b-fdaa-41e2-bd0b-31a9fd5dce03",
    "data": [
      {
        "text": "🛥",
        "userDefined": false
      }
    ],
    "isTemplate": false,
    "count": 0,
    "updated": 0
  },
  {
    "id": "2599b559-3a10-4772-aef7-ac973d8e5083",
    "data": [
      {
        "text": "🚤",
        "userDefined": false
      }
    ],
    "isTemplate": false,
    "count": 0,
    "updated": 0
  },
  {
    "id": "c9bf5b6f-eca4-478e-9856-190f4f8b4837",
    "data": [
      {
        "text": "⛴",
        "userDefined": false
      }
    ],
    "isTemplate": false,
    "count": 0,
    "updated": 0
  },
  {
    "id": "38356772-4097-4c43-b455-06256b5f5655",
    "data": [
      {
        "text": "🛳",
        "userDefined": false
      }
    ],
    "isTemplate": false,
    "count": 0,
    "updated": 0
  },
  {
    "id": "69b04c05-2627-4ef2-a27d-e57db6e3186f",
    "data": [
      {
        "text": "🚀",
        "userDefined": false
      }
    ],
    "isTemplate": false,
    "count": 0,
    "updated": 0
  },
  {
    "id": "58a1ff6c-0845-4171-bd8f-a803d7d1014a",
    "data": [
      {
        "text": "🛰",
        "userDefined": false
      }
    ],
    "isTemplate": false,
    "count": 0,
    "updated": 0
  },
  {
    "id": "2abae866-7729-432e-9938-dc6d22dc6e48",
    "data": [
      {
        "text": "💺",
        "userDefined": false
      }
    ],
    "isTemplate": false,
    "count": 0,
    "updated": 0
  },
  {
    "id": "98d46c16-dc15-4702-9ddc-6b90e6f0309b",
    "data": [
      {
        "text": "⚓",
        "userDefined": false
      }
    ],
    "isTemplate": false,
    "count": 0,
    "updated": 0
  },
  {
    "id": "ec1385ae-3161-4979-8288-6af6b39ef9f2",
    "data": [
      {
        "text": "🚧",
        "userDefined": false
      }
    ],
    "isTemplate": false,
    "count": 0,
    "updated": 0
  },
  {
    "id": "f35d2d15-0dca-4430-9f7a-bb5c8e6baffd",
    "data": [
      {
        "text": "⛽",
        "userDefined": false
      }
    ],
    "isTemplate": false,
    "count": 0,
    "updated": 0
  },
  {
    "id": "04ed04f3-3842-4626-b90b-4e4c8fff4764",
    "data": [
      {
        "text": "🚏",
        "userDefined": false
      }
    ],
    "isTemplate": false,
    "count": 0,
    "updated": 0
  },
  {
    "id": "c209ef3c-23e4-43aa-86f8-aef039400510",
    "data": [
      {
        "text": "🚦",
        "userDefined": false
      }
    ],
    "isTemplate": false,
    "count": 0,
    "updated": 0
  },
  {
    "id": "f6c73f1d-bb8d-4ab4-8a8c-ca9eecdb1275",
    "data": [
      {
        "text": "🚥",
        "userDefined": false
      }
    ],
    "isTemplate": false,
    "count": 0,
    "updated": 0
  },
  {
    "id": "6a4c44f6-c2fc-473b-b55c-c3256222703b",
    "data": [
      {
        "text": "🏁",
        "userDefined": false
      }
    ],
    "isTemplate": false,
    "count": 0,
    "updated": 0
  },
  {
    "id": "707e0f48-d1d5-416f-9c83-71a96df05b0c",
    "data": [
      {
        "text": "🚢",
        "userDefined": false
      }
    ],
    "isTemplate": false,
    "count": 0,
    "updated": 0
  },
  {
    "id": "9d4aabd9-5fef-4f6d-9920-9ff7be00013b",
    "data": [
      {
        "text": "🎡",
        "userDefined": false
      }
    ],
    "isTemplate": false,
    "count": 0,
    "updated": 0
  },
  {
    "id": "66fa7999-1007-4a46-89e7-1a0f17d41c6d",
    "data": [
      {
        "text": "🎢",
        "userDefined": false
      }
    ],
    "isTemplate": false,
    "count": 0,
    "updated": 0
  },
  {
    "id": "b0355677-4fdd-4a6d-ae35-55ee18874a97",
    "data": [
      {
        "text": "🎠",
        "userDefined": false
      }
    ],
    "isTemplate": false,
    "count": 0,
    "updated": 0
  },
  {
    "id": "480035f5-1704-4162-8fba-cb94b3a93acc",
    "data": [
      {
        "text": "🏗",
        "userDefined": false
      }
    ],
    "isTemplate": false,
    "count": 0,
    "updated": 0
  },
  {
    "id": "2dac424d-5737-4fcd-977e-07edc558ca44",
    "data": [
      {
        "text": "🌁",
        "userDefined": false
      }
    ],
    "isTemplate": false,
    "count": 0,
    "updated": 0
  },
  {
    "id": "e003fdf0-f5d4-44ef-a72f-2a00db19bcd4",
    "data": [
      {
        "text": "🗼",
        "userDefined": false
      }
    ],
    "isTemplate": false,
    "count": 0,
    "updated": 0
  },
  {
    "id": "c36ecdf3-1851-4e43-af95-f6fc4463e0f7",
    "data": [
      {
        "text": "🏭",
        "userDefined": false
      }
    ],
    "isTemplate": false,
    "count": 0,
    "updated": 0
  },
  {
    "id": "0811b3ec-1e52-4fdd-bdbe-4e480f3f7d46",
    "data": [
      {
        "text": "⛲",
        "userDefined": false
      }
    ],
    "isTemplate": false,
    "count": 0,
    "updated": 0
  },
  {
    "id": "fd0796b7-178f-4df1-80a8-9f1e97b4aaf8",
    "data": [
      {
        "text": "🎑",
        "userDefined": false
      }
    ],
    "isTemplate": false,
    "count": 0,
    "updated": 0
  },
  {
    "id": "805cca36-4d96-4089-95df-d6372bab2c96",
    "data": [
      {
        "text": "⛰",
        "userDefined": false
      }
    ],
    "isTemplate": false,
    "count": 0,
    "updated": 0
  },
  {
    "id": "4cb3197a-0950-47fa-b32d-00a9d532d387",
    "data": [
      {
        "text": "🏔",
        "userDefined": false
      }
    ],
    "isTemplate": false,
    "count": 0,
    "updated": 0
  },
  {
    "id": "44c76301-d7a8-41b8-8b89-b4b2ee8b1c4b",
    "data": [
      {
        "text": "🗻",
        "userDefined": false
      }
    ],
    "isTemplate": false,
    "count": 0,
    "updated": 0
  },
  {
    "id": "0adf0a39-ab77-4ade-a4f1-97a88c570fb2",
    "data": [
      {
        "text": "🌋",
        "userDefined": false
      }
    ],
    "isTemplate": false,
    "count": 0,
    "updated": 0
  },
  {
    "id": "d82df452-e367-4946-9726-f883d0b47fb3",
    "data": [
      {
        "text": "🗾",
        "userDefined": false
      }
    ],
    "isTemplate": false,
    "count": 0,
    "updated": 0
  },
  {
    "id": "191eb9ab-9c7a-4f84-a561-5d8c4469ea1d",
    "data": [
      {
        "text": "🏕",
        "userDefined": false
      }
    ],
    "isTemplate": false,
    "count": 0,
    "updated": 0
  },
  {
    "id": "e6bb5b8f-ef51-416f-8ffc-462d1a559eeb",
    "data": [
      {
        "text": "⛺",
        "userDefined": false
      }
    ],
    "isTemplate": false,
    "count": 0,
    "updated": 0
  },
  {
    "id": "098570f7-2643-4ed3-9251-88ba8836a78c",
    "data": [
      {
        "text": "🏞",
        "userDefined": false
      }
    ],
    "isTemplate": false,
    "count": 0,
    "updated": 0
  },
  {
    "id": "32524a08-01d8-483f-a3a9-31f6fc5dbca0",
    "data": [
      {
        "text": "🛣",
        "userDefined": false
      }
    ],
    "isTemplate": false,
    "count": 0,
    "updated": 0
  },
  {
    "id": "309657c0-9da1-455c-91b2-d7be852ceab8",
    "data": [
      {
        "text": "🛤",
        "userDefined": false
      }
    ],
    "isTemplate": false,
    "count": 0,
    "updated": 0
  },
  {
    "id": "5440037d-f3f7-4d22-8fca-2cb86b20503b",
    "data": [
      {
        "text": "🌅",
        "userDefined": false
      }
    ],
    "isTemplate": false,
    "count": 0,
    "updated": 0
  },
  {
    "id": "364c49ba-c977-4e58-a263-c8740068ed2d",
    "data": [
      {
        "text": "🌄",
        "userDefined": false
      }
    ],
    "isTemplate": false,
    "count": 0,
    "updated": 0
  },
  {
    "id": "8243de32-e814-4e92-a9d5-50e89808a534",
    "data": [
      {
        "text": "🏜",
        "userDefined": false
      }
    ],
    "isTemplate": false,
    "count": 0,
    "updated": 0
  },
  {
    "id": "7ab357b5-1398-4381-a4e8-d3d50e687854",
    "data": [
      {
        "text": "🏖",
        "userDefined": false
      }
    ],
    "isTemplate": false,
    "count": 0,
    "updated": 0
  },
  {
    "id": "ffac629e-02e5-4182-b658-d6de8e088e13",
    "data": [
      {
        "text": "🏝",
        "userDefined": false
      }
    ],
    "isTemplate": false,
    "count": 0,
    "updated": 0
  },
  {
    "id": "31e72544-c249-4b6c-becb-bfcabd658bb3",
    "data": [
      {
        "text": "🌇",
        "userDefined": false
      }
    ],
    "isTemplate": false,
    "count": 0,
    "updated": 0
  },
  {
    "id": "cc38500b-311a-4ca7-8345-71b014600f96",
    "data": [
      {
        "text": "🌆",
        "userDefined": false
      }
    ],
    "isTemplate": false,
    "count": 0,
    "updated": 0
  },
  {
    "id": "a1b55ce9-652c-4746-b611-cc45f5a62ef8",
    "data": [
      {
        "text": "🏙",
        "userDefined": false
      }
    ],
    "isTemplate": false,
    "count": 0,
    "updated": 0
  },
  {
    "id": "96361ebe-48ca-4ae8-95d8-801609523d2e",
    "data": [
      {
        "text": "🌃",
        "userDefined": false
      }
    ],
    "isTemplate": false,
    "count": 0,
    "updated": 0
  },
  {
    "id": "f315b394-351e-4f85-9989-d884666dc958",
    "data": [
      {
        "text": "🌉",
        "userDefined": false
      }
    ],
    "isTemplate": false,
    "count": 0,
    "updated": 0
  },
  {
    "id": "706402b4-20ee-421f-84bf-422c0e01d542",
    "data": [
      {
        "text": "🌌",
        "userDefined": false
      }
    ],
    "isTemplate": false,
    "count": 0,
    "updated": 0
  },
  {
    "id": "a1f86dc0-05a7-4250-a335-4a36b48917eb",
    "data": [
      {
        "text": "🌠",
        "userDefined": false
      }
    ],
    "isTemplate": false,
    "count": 0,
    "updated": 0
  },
  {
    "id": "a03d5596-97da-431b-a200-343b8de6596a",
    "data": [
      {
        "text": "🎇",
        "userDefined": false
      }
    ],
    "isTemplate": false,
    "count": 0,
    "updated": 0
  },
  {
    "id": "b8d913c2-e2ea-4acd-acf8-1d950f6b0883",
    "data": [
      {
        "text": "🎆",
        "userDefined": false
      }
    ],
    "isTemplate": false,
    "count": 0,
    "updated": 0
  },
  {
    "id": "20743700-acd6-4975-b16a-d0578c111bb9",
    "data": [
      {
        "text": "🌈",
        "userDefined": false
      }
    ],
    "isTemplate": false,
    "count": 0,
    "updated": 0
  },
  {
    "id": "adb91b7a-134b-4638-ac2c-b1871999362f",
    "data": [
      {
        "text": "🏘",
        "userDefined": false
      }
    ],
    "isTemplate": false,
    "count": 0,
    "updated": 0
  },
  {
    "id": "d7a4eb67-8078-4fcc-805c-5ed28dce0668",
    "data": [
      {
        "text": "🏰",
        "userDefined": false
      }
    ],
    "isTemplate": false,
    "count": 0,
    "updated": 0
  },
  {
    "id": "6504c7c9-aa1c-492f-8d60-ac72c976c6b0",
    "data": [
      {
        "text": "🏯",
        "userDefined": false
      }
    ],
    "isTemplate": false,
    "count": 0,
    "updated": 0
  },
  {
    "id": "3a2873f7-237f-402f-b06e-d1bbf8c51169",
    "data": [
      {
        "text": "🏟",
        "userDefined": false
      }
    ],
    "isTemplate": false,
    "count": 0,
    "updated": 0
  },
  {
    "id": "40fa2607-0f5f-4d9f-a4a8-6d1dc56cb8f9",
    "data": [
      {
        "text": "🗽",
        "userDefined": false
      }
    ],
    "isTemplate": false,
    "count": 0,
    "updated": 0
  },
  {
    "id": "93a9a88b-d8bf-4086-afea-cf365a5161ab",
    "data": [
      {
        "text": "🏠",
        "userDefined": false
      }
    ],
    "isTemplate": false,
    "count": 0,
    "updated": 0
  },
  {
    "id": "b2086a23-bbfa-4754-8c59-9e3f6b92c562",
    "data": [
      {
        "text": "🏡",
        "userDefined": false
      }
    ],
    "isTemplate": false,
    "count": 0,
    "updated": 0
  },
  {
    "id": "0ff784ab-6cf1-40b4-aa2b-10caab4ca50d",
    "data": [
      {
        "text": "🏚",
        "userDefined": false
      }
    ],
    "isTemplate": false,
    "count": 0,
    "updated": 0
  },
  {
    "id": "96904f9d-7982-4fdd-8671-5eadcedf88e8",
    "data": [
      {
        "text": "🏢",
        "userDefined": false
      }
    ],
    "isTemplate": false,
    "count": 0,
    "updated": 0
  },
  {
    "id": "4912296e-1900-474a-ae3c-743c8be7dc66",
    "data": [
      {
        "text": "🏬",
        "userDefined": false
      }
    ],
    "isTemplate": false,
    "count": 0,
    "updated": 0
  },
  {
    "id": "f3e38513-3204-44c0-a767-891a32a5f14c",
    "data": [
      {
        "text": "🏣",
        "userDefined": false
      }
    ],
    "isTemplate": false,
    "count": 0,
    "updated": 0
  },
  {
    "id": "1007d195-3649-40f1-b6b5-f6c1b1d3480e",
    "data": [
      {
        "text": "🏤",
        "userDefined": false
      }
    ],
    "isTemplate": false,
    "count": 0,
    "updated": 0
  },
  {
    "id": "dc8d2b9c-0f59-48dc-8a88-068707d9551f",
    "data": [
      {
        "text": "🏥",
        "userDefined": false
      }
    ],
    "isTemplate": false,
    "count": 0,
    "updated": 0
  },
  {
    "id": "e21680fd-8966-45e2-b635-9a877b515456",
    "data": [
      {
        "text": "🏦",
        "userDefined": false
      }
    ],
    "isTemplate": false,
    "count": 0,
    "updated": 0
  },
  {
    "id": "7bd14eac-6f79-4b22-ab55-f8edf6d70765",
    "data": [
      {
        "text": "🏨",
        "userDefined": false
      }
    ],
    "isTemplate": false,
    "count": 0,
    "updated": 0
  },
  {
    "id": "6c39839d-3144-4c5f-bc0e-1aac06758b65",
    "data": [
      {
        "text": "🏪",
        "userDefined": false
      }
    ],
    "isTemplate": false,
    "count": 0,
    "updated": 0
  },
  {
    "id": "36b28d58-9845-4328-9f5e-ce5c94801e62",
    "data": [
      {
        "text": "🏫",
        "userDefined": false
      }
    ],
    "isTemplate": false,
    "count": 0,
    "updated": 0
  },
  {
    "id": "97c56dc6-b716-4ee0-b8dc-d09a6b27dfdd",
    "data": [
      {
        "text": "🏩",
        "userDefined": false
      }
    ],
    "isTemplate": false,
    "count": 0,
    "updated": 0
  },
  {
    "id": "f4e6cb57-c5de-461d-bc57-1f70c20d5f75",
    "data": [
      {
        "text": "💒",
        "userDefined": false
      }
    ],
    "isTemplate": false,
    "count": 0,
    "updated": 0
  },
  {
    "id": "5b9f4b86-611a-42ba-817f-627e1ccfadc8",
    "data": [
      {
        "text": "🏛",
        "userDefined": false
      }
    ],
    "isTemplate": false,
    "count": 0,
    "updated": 0
  },
  {
    "id": "992dbba2-b57f-43df-86dc-2fd076b905ed",
    "data": [
      {
        "text": "⛪",
        "userDefined": false
      }
    ],
    "isTemplate": false,
    "count": 0,
    "updated": 0
  },
  {
    "id": "1f578cf8-cc04-429a-9d0b-075bfbb52a7f",
    "data": [
      {
        "text": "🕌",
        "userDefined": false
      }
    ],
    "isTemplate": false,
    "count": 0,
    "updated": 0
  },
  {
    "id": "055a789a-4047-4e2b-9550-e94ac8404669",
    "data": [
      {
        "text": "🕍",
        "userDefined": false
      }
    ],
    "isTemplate": false,
    "count": 0,
    "updated": 0
  },
  {
    "id": "694d6e50-031b-4030-ac8d-eb43b9f37572",
    "data": [
      {
        "text": "🕋",
        "userDefined": false
      }
    ],
    "isTemplate": false,
    "count": 0,
    "updated": 0
  },
  {
    "id": "2eb94932-2509-4180-ab60-c8ef9170ce6c",
    "data": [
      {
        "text": "⛩",
        "userDefined": false
      }
    ],
    "isTemplate": false,
    "count": 0,
    "updated": 0
  }
]