[
  {
    "id": "82dfa46c-945b-4078-a82f-9c4e6bb27c7a",
    "data": [
      {
        "text": "🇦🇫",
        "userDefined": false
      }
    ],
    "isTemplate": false,
    "count": 0,
    "updated": 0
  },
  {
    "id": "33ac791b-a880-4555-bf5a-85b4e0184990",
    "data": [
      {
        "text": "🇦🇽",
        "userDefined": false
      }
    ],
    "isTemplate": false,
    "count": 0,
    "updated": 0
  },
  {
    "id": "16ec47cc-968c-416e-91eb-180141b9d159",
    "data": [
      {
        "text": "🇦🇱",
        "userDefined": false
      }
    ],
    "isTemplate": false,
    "count": 0,
    "updated": 0
  },
  {
    "id": "c3195a1e-f514-417e-8a70-384392e84ebc",
    "data": [
      {
        "text": "🇩🇿",
        "userDefined": false
      }
    ],
    "isTemplate": false,
    "count": 0,
    "updated": 0
  },
  {
    "id": "73181286-0180-4744-8182-476710391a1b",
    "data": [
      {
        "text": "🇦🇸",
        "userDefined": false
      }
    ],
    "isTemplate": false,
    "count": 0,
    "updated": 0
  },
  {
    "id": "543ddfe6-fb73-47fa-8b57-e85362f03946",
    "data": [
      {
        "text": "🇦🇩",
        "userDefined": false
      }
    ],
    "isTemplate": false,
    "count": 0,
    "updated": 0
  },
  {
    "id": "2e4086a6-f01a-4dc2-bdd4-715f54642ebe",
    "data": [
      {
        "text": "🇦🇴",
        "userDefined": false
      }
    ],
    "isTemplate": false,
    "count": 0,
    "updated": 0
  },
  {
    "id": "c9b4f37b-ff8d-46b3-9764-78314f7b615a",
    "data": [
      {
        "text": "🇦🇮",
        "userDefined": false
      }
    ],
    "isTemplate": false,
    "count": 0,
    "updated": 0
  },
  {
    "id": "41ef1340-cfd9-46b7-a0f4-5473984c8155",
    "data": [
      {
        "text": "🇦🇶",
        "userDefined": false
      }
    ],
    "isTemplate": false,
    "count": 0,
    "updated": 0
  },
  {
    "id": "d5781677-0379-4329-b305-cc1108ad1795",
    "data": [
      {
        "text": "🇦🇬",
        "userDefined": false
      }
    ],
    "isTemplate": false,
    "count": 0,
    "updated": 0
  },
  {
    "id": "a5c9fbf5-9725-4590-99ae-0fe63bfeedc2",
    "data": [
      {
        "text": "🇦🇷",
        "userDefined": false
      }
    ],
    "isTemplate": false,
    "count": 0,
    "updated": 0
  },
  {
    "id": "800770f7-9fe0-42aa-8253-4307bb0bbcbd",
    "data": [
      {
        "text": "🇦🇲",
        "userDefined": false
      }
    ],
    "isTemplate": false,
    "count": 0,
    "updated": 0
  },
  {
    "id": "5d6fb0e4-ca51-42e2-a3f5-98443214335e",
    "data": [
      {
        "text": "🇦🇼",
        "userDefined": false
      }
    ],
    "isTemplate": false,
    "count": 0,
    "updated": 0
  },
  {
    "id": "43da7d13-0ee2-41c2-8d4e-380b36e4bfbd",
    "data": [
      {
        "text": "🇦🇺",
        "userDefined": false
      }
    ],
    "isTemplate": false,
    "count": 0,
    "updated": 0
  },
  {
    "id": "3ecc0ae9-a89a-40f2-a6c4-2b1b784a29c4",
    "data": [
      {
        "text": "🇦🇹",
        "userDefined": false
      }
    ],
    "isTemplate": false,
    "count": 0,
    "updated": 0
  },
  {
    "id": "85223ced-7a3d-438b-8fe7-a2f8f2b893ef",
    "data": [
      {
        "text": "🇦🇿",
        "userDefined": false
      }
    ],
    "isTemplate": false,
    "count": 0,
    "updated": 0
  },
  {
    "id": "ac480b4a-dc3a-4100-9d5d-30f923c7509b",
    "data": [
      {
        "text": "🇧🇸",
        "userDefined": false
      }
    ],
    "isTemplate": false,
    "count": 0,
    "updated": 0
  },
  {
    "id": "579d503d-1df5-460b-a666-da4c4042f172",
    "data": [
      {
        "text": "🇧🇭",
        "userDefined": false
      }
    ],
    "isTemplate": false,
    "count": 0,
    "updated": 0
  },
  {
    "id": "feb0bd91-c1d3-4bb1-861e-22e231122fcd",
    "data": [
      {
        "text": "🇧🇩",
        "userDefined": false
      }
    ],
    "isTemplate": false,
    "count": 0,
    "updated": 0
  },
  {
    "id": "eceba233-144a-434f-8fec-b0de42431af2",
    "data": [
      {
        "text": "🇧🇧",
        "userDefined": false
      }
    ],
    "isTemplate": false,
    "count": 0,
    "updated": 0
  },
  {
    "id": "05c32771-db9c-45a6-8f8a-075ab627f0d6",
    "data": [
      {
        "text": "🇧🇾",
        "userDefined": false
      }
    ],
    "isTemplate": false,
    "count": 0,
    "updated": 0
  },
  {
    "id": "18f19b9a-520c-449d-a88a-820a768e04d3",
    "data": [
      {
        "text": "🇧🇪",
        "userDefined": false
      }
    ],
    "isTemplate": false,
    "count": 0,
    "updated": 0
  },
  {
    "id": "9f7d026c-f191-40a8-951a-1ee83438aa6f",
    "data": [
      {
        "text": "🇧🇿",
        "userDefined": false
      }
    ],
    "isTemplate": false,
    "count": 0,
    "updated": 0
  },
  {
    "id": "c89716a7-2148-48cc-ba1a-cd4985c136b5",
    "data": [
      {
        "text": "🇧🇯",
        "userDefined": false
      }
    ],
    "isTemplate": false,
    "count": 0,
    "updated": 0
  },
  {
    "id": "b677b21f-521c-47e3-aad5-d5aa5e268dbc",
    "data": [
      {
        "text": "🇧🇲",
        "userDefined": false
      }
    ],
    "isTemplate": false,
    "count": 0,
    "updated": 0
  },
  {
    "id": "820874f6-6ed7-4b03-9526-d6da48f59ae6",
    "data": [
      {
        "text": "🇧🇹",
        "userDefined": false
      }
    ],
    "isTemplate": false,
    "count": 0,
    "updated": 0
  },
  {
    "id": "921235f1-04e3-4cca-ad5c-85ce8c176d9a",
    "data": [
      {
        "text": "🇧🇴",
        "userDefined": false
      }
    ],
    "isTemplate": false,
    "count": 0,
    "updated": 0
  },
  {
    "id": "dda01e97-92f5-44ac-a397-f4bc947522ee",
    "data": [
      {
        "text": "🇧🇶",
        "userDefined": false
      }
    ],
    "isTemplate": false,
    "count": 0,
    "updated": 0
  },
  {
    "id": "d734fd3d-a2d2-4194-8a49-12c444fb2dd8",
    "data": [
      {
        "text": "🇧🇦",
        "userDefined": false
      }
    ],
    "isTemplate": false,
    "count": 0,
    "updated": 0
  },
  {
    "id": "add0915b-9edb-42d4-8dbc-e082ca5998d1",
    "data": [
      {
        "text": "🇧🇼",
        "userDefined": false
      }
    ],
    "isTemplate": false,
    "count": 0,
    "updated": 0
  },
  {
    "id": "3978e6cd-d274-4d31-808d-f23d72604ffc",
    "data": [
      {
        "text": "🇧🇷",
        "userDefined": false
      }
    ],
    "isTemplate": false,
    "count": 0,
    "updated": 0
  },
  {
    "id": "55471b3c-3618-4dc8-85ed-492af304fe60",
    "data": [
      {
        "text": "🇮🇴",
        "userDefined": false
      }
    ],
    "isTemplate": false,
    "count": 0,
    "updated": 0
  },
  {
    "id": "65860bbf-90e0-4aee-82be-5259ed0b7781",
    "data": [
      {
        "text": "🇻🇬",
        "userDefined": false
      }
    ],
    "isTemplate": false,
    "count": 0,
    "updated": 0
  },
  {
    "id": "a66af6fe-549a-4e27-979b-faa2dd827446",
    "data": [
      {
        "text": "🇧🇳",
        "userDefined": false
      }
    ],
    "isTemplate": false,
    "count": 0,
    "updated": 0
  },
  {
    "id": "8a4aa0d0-46d9-40e8-8417-518aa1364674",
    "data": [
      {
        "text": "🇧🇬",
        "userDefined": false
      }
    ],
    "isTemplate": false,
    "count": 0,
    "updated": 0
  },
  {
    "id": "aad920b5-9a51-406a-a16f-f56126fd3b73",
    "data": [
      {
        "text": "🇧🇫",
        "userDefined": false
      }
    ],
    "isTemplate": false,
    "count": 0,
    "updated": 0
  },
  {
    "id": "d6c2bcd4-5ce8-409b-ac10-3a5fce2f1237",
    "data": [
      {
        "text": "🇧🇮",
        "userDefined": false
      }
    ],
    "isTemplate": false,
    "count": 0,
    "updated": 0
  },
  {
    "id": "a09dfff0-5bb1-468d-8433-a54725bb63cf",
    "data": [
      {
        "text": "🇨🇻",
        "userDefined": false
      }
    ],
    "isTemplate": false,
    "count": 0,
    "updated": 0
  },
  {
    "id": "632d35b0-6a72-4cb3-b615-55c77ae94726",
    "data": [
      {
        "text": "🇰🇭",
        "userDefined": false
      }
    ],
    "isTemplate": false,
    "count": 0,
    "updated": 0
  },
  {
    "id": "3f6180c5-33c4-4d7c-98ed-fae3dbb46844",
    "data": [
      {
        "text": "🇨🇲",
        "userDefined": false
      }
    ],
    "isTemplate": false,
    "count": 0,
    "updated": 0
  },
  {
    "id": "f48382eb-daf0-4610-a711-e2a2d04bb8b9",
    "data": [
      {
        "text": "🇨🇦",
        "userDefined": false
      }
    ],
    "isTemplate": false,
    "count": 0,
    "updated": 0
  },
  {
    "id": "82a62bc9-d8e2-4d5b-a0c7-6380c1f73a25",
    "data": [
      {
        "text": "🇮🇨",
        "userDefined": false
      }
    ],
    "isTemplate": false,
    "count": 0,
    "updated": 0
  },
  {
    "id": "98732a99-c2a7-4423-8778-e55498445325",
    "data": [
      {
        "text": "🇰🇾",
        "userDefined": false
      }
    ],
    "isTemplate": false,
    "count": 0,
    "updated": 0
  },
  {
    "id": "97d4d4c7-98ae-4148-a375-c54d3ec6ce81",
    "data": [
      {
        "text": "🇨🇫",
        "userDefined": false
      }
    ],
    "isTemplate": false,
    "count": 0,
    "updated": 0
  },
  {
    "id": "30779596-a16a-4699-b4d8-36ea3beacdd6",
    "data": [
      {
        "text": "🇹🇩",
        "userDefined": false
      }
    ],
    "isTemplate": false,
    "count": 0,
    "updated": 0
  },
  {
    "id": "cf03d72b-2f4e-4784-80b1-09439631fb6d",
    "data": [
      {
        "text": "🇨🇱",
        "userDefined": false
      }
    ],
    "isTemplate": false,
    "count": 0,
    "updated": 0
  },
  {
    "id": "a533312c-f6cd-4b2b-9c7e-4ab7237fb06b",
    "data": [
      {
        "text": "🇨🇳",
        "userDefined": false
      }
    ],
    "isTemplate": false,
    "count": 0,
    "updated": 0
  },
  {
    "id": "3bc73531-3310-4ced-abe3-1f7390f750d1",
    "data": [
      {
        "text": "🇨🇽",
        "userDefined": false
      }
    ],
    "isTemplate": false,
    "count": 0,
    "updated": 0
  },
  {
    "id": "cd08c356-94a2-42f9-9767-836d32076a28",
    "data": [
      {
        "text": "🇨🇨",
        "userDefined": false
      }
    ],
    "isTemplate": false,
    "count": 0,
    "updated": 0
  },
  {
    "id": "b3cb0494-5439-438e-9101-a87e2a0688b7",
    "data": [
      {
        "text": "🇨🇴",
        "userDefined": false
      }
    ],
    "isTemplate": false,
    "count": 0,
    "updated": 0
  },
  {
    "id": "525343cf-a233-45cc-badc-e149e190c16a",
    "data": [
      {
        "text": "🇰🇲",
        "userDefined": false
      }
    ],
    "isTemplate": false,
    "count": 0,
    "updated": 0
  },
  {
    "id": "7042abe1-5e61-476e-ac90-a0c7e77e4a49",
    "data": [
      {
        "text": "🇨🇬",
        "userDefined": false
      }
    ],
    "isTemplate": false,
    "count": 0,
    "updated": 0
  },
  {
    "id": "98fb0b76-fc4a-4e5a-a53d-f2a4e0c310eb",
    "data": [
      {
        "text": "🇨🇩",
        "userDefined": false
      }
    ],
    "isTemplate": false,
    "count": 0,
    "updated": 0
  },
  {
    "id": "d9f5c30b-69a4-4ca9-bb76-328300dee6d1",
    "data": [
      {
        "text": "🇨🇰",
        "userDefined": false
      }
    ],
    "isTemplate": false,
    "count": 0,
    "updated": 0
  },
  {
    "id": "6df105e9-950b-40b6-8f46-1eb34dce42f2",
    "data": [
      {
        "text": "🇨🇷",
        "userDefined": false
      }
    ],
    "isTemplate": false,
    "count": 0,
    "updated": 0
  },
  {
    "id": "8f730b63-5fd5-41b0-a86a-c8fe8a437629",
    "data": [
      {
        "text": "🇭🇷",
        "userDefined": false
      }
    ],
    "isTemplate": false,
    "count": 0,
    "updated": 0
  },
  {
    "id": "fc11ec71-1b7e-4091-ab9f-0a9faa0beefe",
    "data": [
      {
        "text": "🇨🇺",
        "userDefined": false
      }
    ],
    "isTemplate": false,
    "count": 0,
    "updated": 0
  },
  {
    "id": "c95d6101-608d-44f3-8704-a6ae3fe40b8a",
    "data": [
      {
        "text": "🇨🇼",
        "userDefined": false
      }
    ],
    "isTemplate": false,
    "count": 0,
    "updated": 0
  },
  {
    "id": "1ecfaf89-50ca-4db9-a3a0-f5b7b6bf6998",
    "data": [
      {
        "text": "🇨🇾",
        "userDefined": false
      }
    ],
    "isTemplate": false,
    "count": 0,
    "updated": 0
  },
  {
    "id": "71285dfd-6966-47ce-a946-038197ef4b35",
    "data": [
      {
        "text": "🇨🇿",
        "userDefined": false
      }
    ],
    "isTemplate": false,
    "count": 0,
    "updated": 0
  },
  {
    "id": "eec16c96-fddd-4fd3-91fe-01381c9f2d6c",
    "data": [
      {
        "text": "🇩🇰",
        "userDefined": false
      }
    ],
    "isTemplate": false,
    "count": 0,
    "updated": 0
  },
  {
    "id": "3d242e80-9721-4084-a62f-37a75a24d56a",
    "data": [
      {
        "text": "🇩🇯",
        "userDefined": false
      }
    ],
    "isTemplate": false,
    "count": 0,
    "updated": 0
  },
  {
    "id": "aa65de54-f8ab-4873-922b-9716240a8724",
    "data": [
      {
        "text": "🇩🇲",
        "userDefined": false
      }
    ],
    "isTemplate": false,
    "count": 0,
    "updated": 0
  },
  {
    "id": "e7326b24-5837-481a-89b7-9a6284bfe7c9",
    "data": [
      {
        "text": "🇩🇴",
        "userDefined": false
      }
    ],
    "isTemplate": false,
    "count": 0,
    "updated": 0
  },
  {
    "id": "7648e6d4-28fe-4710-9d9f-2f220a2d7b33",
    "data": [
      {
        "text": "🇪🇨",
        "userDefined": false
      }
    ],
    "isTemplate": false,
    "count": 0,
    "updated": 0
  },
  {
    "id": "ebf52db8-b55f-4177-8975-f688a022eaaf",
    "data": [
      {
        "text": "🇪🇬",
        "userDefined": false
      }
    ],
    "isTemplate": false,
    "count": 0,
    "updated": 0
  },
  {
    "id": "c09872a7-a545-4ae5-bdcb-2ebe382583ef",
    "data": [
      {
        "text": "🇸🇻",
        "userDefined": false
      }
    ],
    "isTemplate": false,
    "count": 0,
    "updated": 0
  },
  {
    "id": "9b70faaf-6df0-4e6e-85e3-97c033718ead",
    "data": [
      {
        "text": "🇬🇶",
        "userDefined": false
      }
    ],
    "isTemplate": false,
    "count": 0,
    "updated": 0
  },
  {
    "id": "13ad789d-cffc-4153-a1c4-89a57d3d0674",
    "data": [
      {
        "text": "🇪🇷",
        "userDefined": false
      }
    ],
    "isTemplate": false,
    "count": 0,
    "updated": 0
  },
  {
    "id": "b995dc51-1330-42ef-8ee4-f200d705ded9",
    "data": [
      {
        "text": "🇪🇪",
        "userDefined": false
      }
    ],
    "isTemplate": false,
    "count": 0,
    "updated": 0
  },
  {
    "id": "366553ef-9c33-461b-85b3-e39cfe293644",
    "data": [
      {
        "text": "🇪🇹",
        "userDefined": false
      }
    ],
    "isTemplate": false,
    "count": 0,
    "updated": 0
  },
  {
    "id": "c7c88bc4-4036-4085-bf9c-85287abb0e75",
    "data": [
      {
        "text": "🇪🇺",
        "userDefined": false
      }
    ],
    "isTemplate": false,
    "count": 0,
    "updated": 0
  },
  {
    "id": "8e749240-095f-4558-a40e-c738ee6a91d8",
    "data": [
      {
        "text": "🇫🇰",
        "userDefined": false
      }
    ],
    "isTemplate": false,
    "count": 0,
    "updated": 0
  },
  {
    "id": "58f8bf5f-ff01-4487-8fd4-0d8587890f5e",
    "data": [
      {
        "text": "🇫🇴",
        "userDefined": false
      }
    ],
    "isTemplate": false,
    "count": 0,
    "updated": 0
  },
  {
    "id": "13e3189b-a007-4dda-9cc5-dbb947fc2539",
    "data": [
      {
        "text": "🇫🇯",
        "userDefined": false
      }
    ],
    "isTemplate": false,
    "count": 0,
    "updated": 0
  },
  {
    "id": "c2b08ac7-e5c3-463e-8437-8962bba71267",
    "data": [
      {
        "text": "🇫🇮",
        "userDefined": false
      }
    ],
    "isTemplate": false,
    "count": 0,
    "updated": 0
  },
  {
    "id": "2e094c05-99ce-4790-baf4-e0ca7dfc8cbe",
    "data": [
      {
        "text": "🇫🇷",
        "userDefined": false
      }
    ],
    "isTemplate": false,
    "count": 0,
    "updated": 0
  },
  {
    "id": "7dc7ced8-2d2c-4f3f-8dee-691728a41882",
    "data": [
      {
        "text": "🇬🇫",
        "userDefined": false
      }
    ],
    "isTemplate": false,
    "count": 0,
    "updated": 0
  },
  {
    "id": "998aa2b8-8252-4a6d-aca7-27cfcdbbcf4a",
    "data": [
      {
        "text": "🇵🇫",
        "userDefined": false
      }
    ],
    "isTemplate": false,
    "count": 0,
    "updated": 0
  },
  {
    "id": "d09b6828-6270-4965-81c3-0f0b892ac465",
    "data": [
      {
        "text": "🇹🇫",
        "userDefined": false
      }
    ],
    "isTemplate": false,
    "count": 0,
    "updated": 0
  },
  {
    "id": "ce4fcc0b-3829-4255-bf67-60f21925937a",
    "data": [
      {
        "text": "🇬🇦",
        "userDefined": false
      }
    ],
    "isTemplate": false,
    "count": 0,
    "updated": 0
  },
  {
    "id": "41159e30-eeca-4c5c-82e5-a774fb339d2b",
    "data": [
      {
        "text": "🇬🇲",
        "userDefined": false
      }
    ],
    "isTemplate": false,
    "count": 0,
    "updated": 0
  },
  {
    "id": "60524d2f-981e-4bb9-8aea-ed42e2581d87",
    "data": [
      {
        "text": "🇬🇪",
        "userDefined": false
      }
    ],
    "isTemplate": false,
    "count": 0,
    "updated": 0
  },
  {
    "id": "8bab11e0-546c-4fb5-945f-97374f777351",
    "data": [
      {
        "text": "🇩🇪",
        "userDefined": false
      }
    ],
    "isTemplate": false,
    "count": 0,
    "updated": 0
  },
  {
    "id": "d1d18e8b-21f5-4aea-a003-a481eefd5b72",
    "data": [
      {
        "text": "🇬🇭",
        "userDefined": false
      }
    ],
    "isTemplate": false,
    "count": 0,
    "updated": 0
  },
  {
    "id": "a0384d6b-2dee-41e7-9042-e98e0c29ced0",
    "data": [
      {
        "text": "🇬🇮",
        "userDefined": false
      }
    ],
    "isTemplate": false,
    "count": 0,
    "updated": 0
  },
  {
    "id": "5f076c3c-7e14-490b-8c14-a8a63df1557a",
    "data": [
      {
        "text": "🇬🇷",
        "userDefined": false
      }
    ],
    "isTemplate": false,
    "count": 0,
    "updated": 0
  },
  {
    "id": "3676ae20-35d4-4e12-ba7f-652d795733d7",
    "data": [
      {
        "text": "🇬🇱",
        "userDefined": false
      }
    ],
    "isTemplate": false,
    "count": 0,
    "updated": 0
  },
  {
    "id": "6b6e1746-be7f-46de-a378-97861e00667c",
    "data": [
      {
        "text": "🇬🇩",
        "userDefined": false
      }
    ],
    "isTemplate": false,
    "count": 0,
    "updated": 0
  },
  {
    "id": "bcdf9a2c-8079-4613-a27f-652cbd10c329",
    "data": [
      {
        "text": "🇬🇵",
        "userDefined": false
      }
    ],
    "isTemplate": false,
    "count": 0,
    "updated": 0
  },
  {
    "id": "feacda31-b3b4-4cd1-a2fb-378b69741106",
    "data": [
      {
        "text": "🇬🇺",
        "userDefined": false
      }
    ],
    "isTemplate": false,
    "count": 0,
    "updated": 0
  },
  {
    "id": "eb0f34fd-b8dd-454f-a2b4-bd4c4cbc4681",
    "data": [
      {
        "text": "🇬🇹",
        "userDefined": false
      }
    ],
    "isTemplate": false,
    "count": 0,
    "updated": 0
  },
  {
    "id": "0505c20a-7625-455d-b1da-ccbbe42d2fb3",
    "data": [
      {
        "text": "🇬🇬",
        "userDefined": false
      }
    ],
    "isTemplate": false,
    "count": 0,
    "updated": 0
  },
  {
    "id": "1ea78904-3a36-4b01-9ff8-0e9118fce2b0",
    "data": [
      {
        "text": "🇬🇳",
        "userDefined": false
      }
    ],
    "isTemplate": false,
    "count": 0,
    "updated": 0
  },
  {
    "id": "b4ba8187-0062-4132-872c-6856dad4aeba",
    "data": [
      {
        "text": "🇬🇼",
        "userDefined": false
      }
    ],
    "isTemplate": false,
    "count": 0,
    "updated": 0
  },
  {
    "id": "230f00ce-496e-4862-a9ee-66627218326a",
    "data": [
      {
        "text": "🇬🇾",
        "userDefined": false
      }
    ],
    "isTemplate": false,
    "count": 0,
    "updated": 0
  },
  {
    "id": "25a862da-aa51-485b-b273-31446b0d460e",
    "data": [
      {
        "text": "🇭🇹",
        "userDefined": false
      }
    ],
    "isTemplate": false,
    "count": 0,
    "updated": 0
  },
  {
    "id": "9571d66f-0210-4362-aebc-386fe1d609f2",
    "data": [
      {
        "text": "🇭🇳",
        "userDefined": false
      }
    ],
    "isTemplate": false,
    "count": 0,
    "updated": 0
  },
  {
    "id": "8a49fa61-cfe5-4a59-b331-b48b4dbcbff4",
    "data": [
      {
        "text": "🇭🇰",
        "userDefined": false
      }
    ],
    "isTemplate": false,
    "count": 0,
    "updated": 0
  },
  {
    "id": "1727e705-1669-47aa-9e48-a83bb0675655",
    "data": [
      {
        "text": "🇭🇺",
        "userDefined": false
      }
    ],
    "isTemplate": false,
    "count": 0,
    "updated": 0
  },
  {
    "id": "9dc8b79b-e05d-4bff-9966-94a3b435fc2e",
    "data": [
      {
        "text": "🇮🇸",
        "userDefined": false
      }
    ],
    "isTemplate": false,
    "count": 0,
    "updated": 0
  },
  {
    "id": "0f7c097b-30d3-45a9-84bb-eb0b922c83e6",
    "data": [
      {
        "text": "🇮🇳",
        "userDefined": false
      }
    ],
    "isTemplate": false,
    "count": 0,
    "updated": 0
  },
  {
    "id": "0abd0825-c016-4a77-bd47-eb48f9a9a834",
    "data": [
      {
        "text": "🇮🇩",
        "userDefined": false
      }
    ],
    "isTemplate": false,
    "count": 0,
    "updated": 0
  },
  {
    "id": "497075c9-462c-440d-8c44-4529123ebf21",
    "data": [
      {
        "text": "🇮🇷",
        "userDefined": false
      }
    ],
    "isTemplate": false,
    "count": 0,
    "updated": 0
  },
  {
    "id": "2b7d2c55-edc0-4e7c-a327-ec9ccb09a528",
    "data": [
      {
        "text": "🇮🇶",
        "userDefined": false
      }
    ],
    "isTemplate": false,
    "count": 0,
    "updated": 0
  },
  {
    "id": "45848c48-cbc4-48c2-8767-8cb02aad8a40",
    "data": [
      {
        "text": "🇮🇪",
        "userDefined": false
      }
    ],
    "isTemplate": false,
    "count": 0,
    "updated": 0
  },
  {
    "id": "22bc3700-5236-4de3-810d-11c1b76f2f85",
    "data": [
      {
        "text": "🇮🇲",
        "userDefined": false
      }
    ],
    "isTemplate": false,
    "count": 0,
    "updated": 0
  },
  {
    "id": "86fd424f-4564-4467-a999-37f2b12f3a5d",
    "data": [
      {
        "text": "🇮🇱",
        "userDefined": false
      }
    ],
    "isTemplate": false,
    "count": 0,
    "updated": 0
  },
  {
    "id": "7b987cbc-d35b-4cdb-8933-d395c6d75566",
    "data": [
      {
        "text": "🇮🇹",
        "userDefined": false
      }
    ],
    "isTemplate": false,
    "count": 0,
    "updated": 0
  },
  {
    "id": "38d44bd9-cf83-49e1-b757-e9d0ff940843",
    "data": [
      {
        "text": "🇨🇮",
        "userDefined": false
      }
    ],
    "isTemplate": false,
    "count": 0,
    "updated": 0
  },
  {
    "id": "e423dc56-a8fa-4b57-b911-fc05e9dfb168",
    "data": [
      {
        "text": "🇯🇲",
        "userDefined": false
      }
    ],
    "isTemplate": false,
    "count": 0,
    "updated": 0
  },
  {
    "id": "f0e761e9-c6a6-40e5-af71-3e2c12171a5d",
    "data": [
      {
        "text": "🇯🇵",
        "userDefined": false
      }
    ],
    "isTemplate": false,
    "count": 0,
    "updated": 0
  },
  {
    "id": "3310a950-2bbc-4777-a4f4-ad80dd2b9c45",
    "data": [
      {
        "text": "🇯🇪",
        "userDefined": false
      }
    ],
    "isTemplate": false,
    "count": 0,
    "updated": 0
  },
  {
    "id": "6aa7528d-3cdc-4055-86bb-30a6e1a120ed",
    "data": [
      {
        "text": "🇯🇴",
        "userDefined": false
      }
    ],
    "isTemplate": false,
    "count": 0,
    "updated": 0
  },
  {
    "id": "8cb89b43-7f81-40fe-ba6c-2ddfaa7ef8c2",
    "data": [
      {
        "text": "🇰🇿",
        "userDefined": false
      }
    ],
    "isTemplate": false,
    "count": 0,
    "updated": 0
  },
  {
    "id": "9ea2b3c1-5631-4fd6-a30b-54951f636ca4",
    "data": [
      {
        "text": "🇰🇪",
        "userDefined": false
      }
    ],
    "isTemplate": false,
    "count": 0,
    "updated": 0
  },
  {
    "id": "6ae4f568-43cc-47e2-8c67-ec27e619d1db",
    "data": [
      {
        "text": "🇰🇮",
        "userDefined": false
      }
    ],
    "isTemplate": false,
    "count": 0,
    "updated": 0
  },
  {
    "id": "6d723721-0754-452b-b7d1-ec181c3d5097",
    "data": [
      {
        "text": "🇽🇰",
        "userDefined": false
      }
    ],
    "isTemplate": false,
    "count": 0,
    "updated": 0
  },
  {
    "id": "17e35d81-029e-444a-b593-1fbcbfd1eb20",
    "data": [
      {
        "text": "🇰🇼",
        "userDefined": false
      }
    ],
    "isTemplate": false,
    "count": 0,
    "updated": 0
  },
  {
    "id": "6962199d-b682-4b1f-a02e-426552618469",
    "data": [
      {
        "text": "🇰🇬",
        "userDefined": false
      }
    ],
    "isTemplate": false,
    "count": 0,
    "updated": 0
  },
  {
    "id": "eb4b334a-5dfe-4383-bd54-c42ae26bdc1f",
    "data": [
      {
        "text": "🇱🇦",
        "userDefined": false
      }
    ],
    "isTemplate": false,
    "count": 0,
    "updated": 0
  },
  {
    "id": "e5ea0e89-5f01-4a81-8b2c-565c3142b47d",
    "data": [
      {
        "text": "🇱🇻",
        "userDefined": false
      }
    ],
    "isTemplate": false,
    "count": 0,
    "updated": 0
  },
  {
    "id": "b4a95e89-a811-45aa-b997-6f94819d7a32",
    "data": [
      {
        "text": "🇱🇧",
        "userDefined": false
      }
    ],
    "isTemplate": false,
    "count": 0,
    "updated": 0
  },
  {
    "id": "e927ca0a-36f5-45ac-8f64-dfe310c32cd0",
    "data": [
      {
        "text": "🇱🇸",
        "userDefined": false
      }
    ],
    "isTemplate": false,
    "count": 0,
    "updated": 0
  },
  {
    "id": "2839a22a-0db4-4435-b45e-2d2bc2f9bbfc",
    "data": [
      {
        "text": "🇱🇷",
        "userDefined": false
      }
    ],
    "isTemplate": false,
    "count": 0,
    "updated": 0
  },
  {
    "id": "cc1f2804-660e-430d-a1dd-42f420fe1897",
    "data": [
      {
        "text": "🇱🇾",
        "userDefined": false
      }
    ],
    "isTemplate": false,
    "count": 0,
    "updated": 0
  },
  {
    "id": "704f5cdf-08d5-4284-a597-de0e0a96dfc2",
    "data": [
      {
        "text": "🇱🇮",
        "userDefined": false
      }
    ],
    "isTemplate": false,
    "count": 0,
    "updated": 0
  },
  {
    "id": "7f4085fe-0a68-418c-9f72-c94ba8015da2",
    "data": [
      {
        "text": "🇱🇹",
        "userDefined": false
      }
    ],
    "isTemplate": false,
    "count": 0,
    "updated": 0
  },
  {
    "id": "84c0310f-bee6-49e1-a9cc-3af23ded2553",
    "data": [
      {
        "text": "🇱🇺",
        "userDefined": false
      }
    ],
    "isTemplate": false,
    "count": 0,
    "updated": 0
  },
  {
    "id": "11a1bb04-19f7-4c7a-8311-3e67db51d513",
    "data": [
      {
        "text": "🇲🇴",
        "userDefined": false
      }
    ],
    "isTemplate": false,
    "count": 0,
    "updated": 0
  },
  {
    "id": "ffa49a9b-ddec-40a8-9d61-d03b66c23621",
    "data": [
      {
        "text": "🇲🇰",
        "userDefined": false
      }
    ],
    "isTemplate": false,
    "count": 0,
    "updated": 0
  },
  {
    "id": "6814cc7c-6328-46fc-9d66-2358b129caa2",
    "data": [
      {
        "text": "🇲🇬",
        "userDefined": false
      }
    ],
    "isTemplate": false,
    "count": 0,
    "updated": 0
  },
  {
    "id": "7451d774-053d-4565-becf-f237899a2650",
    "data": [
      {
        "text": "🇲🇼",
        "userDefined": false
      }
    ],
    "isTemplate": false,
    "count": 0,
    "updated": 0
  },
  {
    "id": "d5c0f70d-74f3-4257-ad8f-fa4b60843de2",
    "data": [
      {
        "text": "🇲🇾",
        "userDefined": false
      }
    ],
    "isTemplate": false,
    "count": 0,
    "updated": 0
  },
  {
    "id": "db5a3bfc-8bd8-4ad2-9fec-7a659ec5543c",
    "data": [
      {
        "text": "🇲🇻",
        "userDefined": false
      }
    ],
    "isTemplate": false,
    "count": 0,
    "updated": 0
  },
  {
    "id": "044424b6-0fad-42a0-af92-0fab9d92c580",
    "data": [
      {
        "text": "🇲🇱",
        "userDefined": false
      }
    ],
    "isTemplate": false,
    "count": 0,
    "updated": 0
  },
  {
    "id": "4fe71a5c-5638-4d7b-ab5b-e0380bb9be3e",
    "data": [
      {
        "text": "🇲🇹",
        "userDefined": false
      }
    ],
    "isTemplate": false,
    "count": 0,
    "updated": 0
  },
  {
    "id": "f0fd34ef-8244-432d-9c27-7175b60165ad",
    "data": [
      {
        "text": "🇲🇭",
        "userDefined": false
      }
    ],
    "isTemplate": false,
    "count": 0,
    "updated": 0
  },
  {
    "id": "a421c59c-ddb5-4586-9338-f12f5c448faf",
    "data": [
      {
        "text": "🇲🇶",
        "userDefined": false
      }
    ],
    "isTemplate": false,
    "count": 0,
    "updated": 0
  },
  {
    "id": "5dba5249-7660-436d-8de2-6f54950704b7",
    "data": [
      {
        "text": "🇲🇷",
        "userDefined": false
      }
    ],
    "isTemplate": false,
    "count": 0,
    "updated": 0
  },
  {
    "id": "a40ae627-8801-41bd-a553-7e12076fd7fc",
    "data": [
      {
        "text": "🇲🇺",
        "userDefined": false
      }
    ],
    "isTemplate": false,
    "count": 0,
    "updated": 0
  },
  {
    "id": "3d9a0d55-0356-4465-aeb6-186b6d38c0b4",
    "data": [
      {
        "text": "🇾🇹",
        "userDefined": false
      }
    ],
    "isTemplate": false,
    "count": 0,
    "updated": 0
  },
  {
    "id": "6f336a2b-7b53-40a4-89a1-443e3fb833da",
    "data": [
      {
        "text": "🇲🇽",
        "userDefined": false
      }
    ],
    "isTemplate": false,
    "count": 0,
    "updated": 0
  },
  {
    "id": "91ce74ca-fd65-413f-adb1-ba33c6da9edf",
    "data": [
      {
        "text": "🇫🇲",
        "userDefined": false
      }
    ],
    "isTemplate": false,
    "count": 0,
    "updated": 0
  },
  {
    "id": "05388953-21fb-4d90-9f94-0346e3c5f6a0",
    "data": [
      {
        "text": "🇲🇩",
        "userDefined": false
      }
    ],
    "isTemplate": false,
    "count": 0,
    "updated": 0
  },
  {
    "id": "b78da4e3-fbc8-4379-8efe-73f5af44e443",
    "data": [
      {
        "text": "🇲🇨",
        "userDefined": false
      }
    ],
    "isTemplate": false,
    "count": 0,
    "updated": 0
  },
  {
    "id": "b442f765-4823-4dd3-a716-2660c677a36e",
    "data": [
      {
        "text": "🇲🇳",
        "userDefined": false
      }
    ],
    "isTemplate": false,
    "count": 0,
    "updated": 0
  },
  {
    "id": "834ebeaf-dde1-41f4-8450-4ea26e25fda3",
    "data": [
      {
        "text": "🇲🇪",
        "userDefined": false
      }
    ],
    "isTemplate": false,
    "count": 0,
    "updated": 0
  },
  {
    "id": "aad750b5-5ed1-470c-aa46-4d6a844c52a6",
    "data": [
      {
        "text": "🇲🇸",
        "userDefined": false
      }
    ],
    "isTemplate": false,
    "count": 0,
    "updated": 0
  },
  {
    "id": "3dde912f-5793-4ef3-8608-7ae9502ab4ca",
    "data": [
      {
        "text": "🇲🇦",
        "userDefined": false
      }
    ],
    "isTemplate": false,
    "count": 0,
    "updated": 0
  },
  {
    "id": "4143ee5f-d01e-43e7-883f-677727b3c59b",
    "data": [
      {
        "text": "🇲🇿",
        "userDefined": false
      }
    ],
    "isTemplate": false,
    "count": 0,
    "updated": 0
  },
  {
    "id": "6913978c-0649-4205-9dc0-b1939974f1bf",
    "data": [
      {
        "text": "🇲🇲",
        "userDefined": false
      }
    ],
    "isTemplate": false,
    "count": 0,
    "updated": 0
  },
  {
    "id": "0f132b2d-a144-4841-9765-4b1b89e89be1",
    "data": [
      {
        "text": "🇳🇦",
        "userDefined": false
      }
    ],
    "isTemplate": false,
    "count": 0,
    "updated": 0
  },
  {
    "id": "5241888f-b2f5-44dd-95de-f14955222451",
    "data": [
      {
        "text": "🇳🇷",
        "userDefined": false
      }
    ],
    "isTemplate": false,
    "count": 0,
    "updated": 0
  },
  {
    "id": "9cacd790-b264-4025-862b-f758b8acf027",
    "data": [
      {
        "text": "🇳🇵",
        "userDefined": false
      }
    ],
    "isTemplate": false,
    "count": 0,
    "updated": 0
  },
  {
    "id": "13cf150e-d03f-447d-88ce-990f8e41d17a",
    "data": [
      {
        "text": "🇳🇱",
        "userDefined": false
      }
    ],
    "isTemplate": false,
    "count": 0,
    "updated": 0
  },
  {
    "id": "7031b6b1-cc76-4550-a85d-efc7ce803a4a",
    "data": [
      {
        "text": "🇳🇨",
        "userDefined": false
      }
    ],
    "isTemplate": false,
    "count": 0,
    "updated": 0
  },
  {
    "id": "f688a010-3c21-47fd-afa9-bfebec0ee0c6",
    "data": [
      {
        "text": "🇳🇿",
        "userDefined": false
      }
    ],
    "isTemplate": false,
    "count": 0,
    "updated": 0
  },
  {
    "id": "4b8e3fa8-b728-43e5-aab2-2387db08deef",
    "data": [
      {
        "text": "🇳🇮",
        "userDefined": false
      }
    ],
    "isTemplate": false,
    "count": 0,
    "updated": 0
  },
  {
    "id": "5a3ef07d-189d-43e6-9ef4-75cab419b5a9",
    "data": [
      {
        "text": "🇳🇪",
        "userDefined": false
      }
    ],
    "isTemplate": false,
    "count": 0,
    "updated": 0
  },
  {
    "id": "df70bcca-bade-4817-bbd9-37612961e220",
    "data": [
      {
        "text": "🇳🇬",
        "userDefined": false
      }
    ],
    "isTemplate": false,
    "count": 0,
    "updated": 0
  },
  {
    "id": "1c82af77-23d9-47e6-85bb-98760fdaa165",
    "data": [
      {
        "text": "🇳🇺",
        "userDefined": false
      }
    ],
    "isTemplate": false,
    "count": 0,
    "updated": 0
  },
  {
    "id": "ae5a9600-2017-434e-9527-9033b094ed2f",
    "data": [
      {
        "text": "🇳🇫",
        "userDefined": false
      }
    ],
    "isTemplate": false,
    "count": 0,
    "updated": 0
  },
  {
    "id": "b86a3af2-d990-4c69-b7a2-a7e136ce66a0",
    "data": [
      {
        "text": "🇲🇵",
        "userDefined": false
      }
    ],
    "isTemplate": false,
    "count": 0,
    "updated": 0
  },
  {
    "id": "b883ace1-0fe0-462a-98c4-aad79f97bd56",
    "data": [
      {
        "text": "🇰🇵",
        "userDefined": false
      }
    ],
    "isTemplate": false,
    "count": 0,
    "updated": 0
  },
  {
    "id": "74c915a8-ebee-412b-a06b-e7d1abaa15a8",
    "data": [
      {
        "text": "🇳🇴",
        "userDefined": false
      }
    ],
    "isTemplate": false,
    "count": 0,
    "updated": 0
  },
  {
    "id": "c3d68317-791b-42c7-a841-cdfe6ca6005e",
    "data": [
      {
        "text": "🇴🇲",
        "userDefined": false
      }
    ],
    "isTemplate": false,
    "count": 0,
    "updated": 0
  },
  {
    "id": "5a08aaaf-9407-4cde-b11f-29c793079667",
    "data": [
      {
        "text": "🇵🇰",
        "userDefined": false
      }
    ],
    "isTemplate": false,
    "count": 0,
    "updated": 0
  },
  {
    "id": "fdab7ffd-3b31-45a2-be53-ddc710ff234b",
    "data": [
      {
        "text": "🇵🇼",
        "userDefined": false
      }
    ],
    "isTemplate": false,
    "count": 0,
    "updated": 0
  },
  {
    "id": "45877c61-c4a8-4589-947b-3b72ee067f0d",
    "data": [
      {
        "text": "🇵🇸",
        "userDefined": false
      }
    ],
    "isTemplate": false,
    "count": 0,
    "updated": 0
  },
  {
    "id": "939d8651-978b-422d-b481-d85a0655e844",
    "data": [
      {
        "text": "🇵🇦",
        "userDefined": false
      }
    ],
    "isTemplate": false,
    "count": 0,
    "updated": 0
  },
  {
    "id": "07106c2f-eb6b-4d71-ae88-e8b739d218df",
    "data": [
      {
        "text": "🇵🇬",
        "userDefined": false
      }
    ],
    "isTemplate": false,
    "count": 0,
    "updated": 0
  },
  {
    "id": "2465c2e5-28c4-445a-a756-be261d7f5f7d",
    "data": [
      {
        "text": "🇵🇾",
        "userDefined": false
      }
    ],
    "isTemplate": false,
    "count": 0,
    "updated": 0
  },
  {
    "id": "2160ffbb-0839-47aa-8761-d6aa48a527f1",
    "data": [
      {
        "text": "🇵🇪",
        "userDefined": false
      }
    ],
    "isTemplate": false,
    "count": 0,
    "updated": 0
  },
  {
    "id": "b19146da-f226-4223-b79c-15a4a07e0b3d",
    "data": [
      {
        "text": "🇵🇭",
        "userDefined": false
      }
    ],
    "isTemplate": false,
    "count": 0,
    "updated": 0
  },
  {
    "id": "489dd6b7-bf29-4eba-8ae5-a039dd59794a",
    "data": [
      {
        "text": "🇵🇳",
        "userDefined": false
      }
    ],
    "isTemplate": false,
    "count": 0,
    "updated": 0
  },
  {
    "id": "7cd894f6-4c94-4ac9-b693-eadb76e794c1",
    "data": [
      {
        "text": "🇵🇱",
        "userDefined": false
      }
    ],
    "isTemplate": false,
    "count": 0,
    "updated": 0
  },
  {
    "id": "87d8444d-cb09-4935-8e88-9dab3f97286e",
    "data": [
      {
        "text": "🇵🇹",
        "userDefined": false
      }
    ],
    "isTemplate": false,
    "count": 0,
    "updated": 0
  },
  {
    "id": "7100226e-93d8-4eaf-9291-4516382f2e41",
    "data": [
      {
        "text": "🇵🇷",
        "userDefined": false
      }
    ],
    "isTemplate": false,
    "count": 0,
    "updated": 0
  },
  {
    "id": "31c52ef5-1746-4447-8429-857261bdd8ba",
    "data": [
      {
        "text": "🇶🇦",
        "userDefined": false
      }
    ],
    "isTemplate": false,
    "count": 0,
    "updated": 0
  },
  {
    "id": "7043a99d-7969-4487-92f5-91a203c536ac",
    "data": [
      {
        "text": "🇷🇪",
        "userDefined": false
      }
    ],
    "isTemplate": false,
    "count": 0,
    "updated": 0
  },
  {
    "id": "6fcf962b-9d84-4ff8-8c76-01f5a4dcae2d",
    "data": [
      {
        "text": "🇷🇴",
        "userDefined": false
      }
    ],
    "isTemplate": false,
    "count": 0,
    "updated": 0
  },
  {
    "id": "65aa6ea2-7bef-4dfd-b20a-a0f2e583a8c1",
    "data": [
      {
        "text": "🇷🇺",
        "userDefined": false
      }
    ],
    "isTemplate": false,
    "count": 0,
    "updated": 0
  },
  {
    "id": "a2e2b0bb-75be-4a0f-a57b-6b4ae03dd5dd",
    "data": [
      {
        "text": "🇷🇼",
        "userDefined": false
      }
    ],
    "isTemplate": false,
    "count": 0,
    "updated": 0
  },
  {
    "id": "bc7fed74-7a56-4d2a-a243-f7f9a825da03",
    "data": [
      {
        "text": "🇧🇱",
        "userDefined": false
      }
    ],
    "isTemplate": false,
    "count": 0,
    "updated": 0
  },
  {
    "id": "933b466d-fe3f-4ebf-9570-5864279805c2",
    "data": [
      {
        "text": "🇸🇭",
        "userDefined": false
      }
    ],
    "isTemplate": false,
    "count": 0,
    "updated": 0
  },
  {
    "id": "a4d02045-b379-44ba-8119-b003c60dce1e",
    "data": [
      {
        "text": "🇰🇳",
        "userDefined": false
      }
    ],
    "isTemplate": false,
    "count": 0,
    "updated": 0
  },
  {
    "id": "acfc7b4e-88ea-45e8-a6ab-1bca77afbe21",
    "data": [
      {
        "text": "🇱🇨",
        "userDefined": false
      }
    ],
    "isTemplate": false,
    "count": 0,
    "updated": 0
  },
  {
    "id": "b89bf0a5-d16f-4912-abd1-a5072c321852",
    "data": [
      {
        "text": "🇵🇲",
        "userDefined": false
      }
    ],
    "isTemplate": false,
    "count": 0,
    "updated": 0
  },
  {
    "id": "33375bf9-20e2-489e-a36f-6c3e37ae3ac3",
    "data": [
      {
        "text": "🇻🇨",
        "userDefined": false
      }
    ],
    "isTemplate": false,
    "count": 0,
    "updated": 0
  },
  {
    "id": "1195cec3-12aa-4e91-8507-f6103762a1ef",
    "data": [
      {
        "text": "🇼🇸",
        "userDefined": false
      }
    ],
    "isTemplate": false,
    "count": 0,
    "updated": 0
  },
  {
    "id": "e0bf9b3b-0e17-4db0-a31c-e633da2c89ae",
    "data": [
      {
        "text": "🇸🇲",
        "userDefined": false
      }
    ],
    "isTemplate": false,
    "count": 0,
    "updated": 0
  },
  {
    "id": "4584f95d-263b-48ca-b44c-203fbf7f50b8",
    "data": [
      {
        "text": "🇸🇹",
        "userDefined": false
      }
    ],
    "isTemplate": false,
    "count": 0,
    "updated": 0
  },
  {
    "id": "8a122a19-e6c4-4684-ba11-11a76f8d6825",
    "data": [
      {
        "text": "🇸🇦",
        "userDefined": false
      }
    ],
    "isTemplate": false,
    "count": 0,
    "updated": 0
  },
  {
    "id": "da24aeae-64fc-4be0-9a2f-1636b85f469b",
    "data": [
      {
        "text": "🇸🇳",
        "userDefined": false
      }
    ],
    "isTemplate": false,
    "count": 0,
    "updated": 0
  },
  {
    "id": "c49926b8-559a-4b7b-b034-f16de4331f17",
    "data": [
      {
        "text": "🇷🇸",
        "userDefined": false
      }
    ],
    "isTemplate": false,
    "count": 0,
    "updated": 0
  },
  {
    "id": "d45bcfea-302a-4f44-abd6-885d31f20a5a",
    "data": [
      {
        "text": "🇸🇨",
        "userDefined": false
      }
    ],
    "isTemplate": false,
    "count": 0,
    "updated": 0
  },
  {
    "id": "243f12fc-3d19-4002-a07b-21aaae690c2c",
    "data": [
      {
        "text": "🇸🇱",
        "userDefined": false
      }
    ],
    "isTemplate": false,
    "count": 0,
    "updated": 0
  },
  {
    "id": "29f0d32b-c455-4df4-8f44-f43e2b455335",
    "data": [
      {
        "text": "🇸🇬",
        "userDefined": false
      }
    ],
    "isTemplate": false,
    "count": 0,
    "updated": 0
  },
  {
    "id": "b191a2e7-099a-48bd-a538-001c9a4fd07c",
    "data": [
      {
        "text": "🇸🇽",
        "userDefined": false
      }
    ],
    "isTemplate": false,
    "count": 0,
    "updated": 0
  },
  {
    "id": "f9c77f4c-3a82-44a8-8bff-bf935c8aa798",
    "data": [
      {
        "text": "🇸🇰",
        "userDefined": false
      }
    ],
    "isTemplate": false,
    "count": 0,
    "updated": 0
  },
  {
    "id": "4715d3a9-a2e9-418a-ad9f-4053bab99c18",
    "data": [
      {
        "text": "🇸🇮",
        "userDefined": false
      }
    ],
    "isTemplate": false,
    "count": 0,
    "updated": 0
  },
  {
    "id": "bd96b1fc-a192-4e21-960c-f90f5707afa6",
    "data": [
      {
        "text": "🇸🇧",
        "userDefined": false
      }
    ],
    "isTemplate": false,
    "count": 0,
    "updated": 0
  },
  {
    "id": "c806a740-471d-4f13-8bab-fb19fdbd0589",
    "data": [
      {
        "text": "🇸🇴",
        "userDefined": false
      }
    ],
    "isTemplate": false,
    "count": 0,
    "updated": 0
  },
  {
    "id": "33577327-decb-4af0-bde1-18d3d33503d3",
    "data": [
      {
        "text": "🇿🇦",
        "userDefined": false
      }
    ],
    "isTemplate": false,
    "count": 0,
    "updated": 0
  },
  {
    "id": "2699fa59-9dd4-4f62-b35d-bb6c1e402735",
    "data": [
      {
        "text": "🇬🇸",
        "userDefined": false
      }
    ],
    "isTemplate": false,
    "count": 0,
    "updated": 0
  },
  {
    "id": "dbb5dc09-c2bb-4741-8748-6e7c1bc79f1f",
    "data": [
      {
        "text": "🇰🇷",
        "userDefined": false
      }
    ],
    "isTemplate": false,
    "count": 0,
    "updated": 0
  },
  {
    "id": "d81f8f66-3c6e-4131-8e53-2e12f3ec7325",
    "data": [
      {
        "text": "🇸🇸",
        "userDefined": false
      }
    ],
    "isTemplate": false,
    "count": 0,
    "updated": 0
  },
  {
    "id": "ea54c735-c7a0-4bbc-836e-aa85850648f6",
    "data": [
      {
        "text": "🇪🇸",
        "userDefined": false
      }
    ],
    "isTemplate": false,
    "count": 0,
    "updated": 0
  },
  {
    "id": "26d5a64c-843d-4ef4-98f6-f65bb6ba6152",
    "data": [
      {
        "text": "🇱🇰",
        "userDefined": false
      }
    ],
    "isTemplate": false,
    "count": 0,
    "updated": 0
  },
  {
    "id": "4833fe93-f9f9-4bdf-91df-d3644fce2920",
    "data": [
      {
        "text": "🇸🇩",
        "userDefined": false
      }
    ],
    "isTemplate": false,
    "count": 0,
    "updated": 0
  },
  {
    "id": "4795a56f-252d-427f-b968-02aca8338381",
    "data": [
      {
        "text": "🇸🇷",
        "userDefined": false
      }
    ],
    "isTemplate": false,
    "count": 0,
    "updated": 0
  },
  {
    "id": "99a4e2f1-9bb1-44b4-9e94-7405a431167a",
    "data": [
      {
        "text": "🇸🇿",
        "userDefined": false
      }
    ],
    "isTemplate": false,
    "count": 0,
    "updated": 0
  },
  {
    "id": "f4cf9dbc-e4ef-4ae1-b957-9f5575c74e02",
    "data": [
      {
        "text": "🇸🇪",
        "userDefined": false
      }
    ],
    "isTemplate": false,
    "count": 0,
    "updated": 0
  },
  {
    "id": "da2fc696-59d7-4295-a6c8-d083a8569171",
    "data": [
      {
        "text": "🇨🇭",
        "userDefined": false
      }
    ],
    "isTemplate": false,
    "count": 0,
    "updated": 0
  },
  {
    "id": "55ca9ee1-2d66-4075-8019-7a9d8e5cd592",
    "data": [
      {
        "text": "🇸🇾",
        "userDefined": false
      }
    ],
    "isTemplate": false,
    "count": 0,
    "updated": 0
  },
  {
    "id": "a968c1a7-6fec-417e-82f7-93eb1faf9378",
    "data": [
      {
        "text": "🇹🇼",
        "userDefined": false
      }
    ],
    "isTemplate": false,
    "count": 0,
    "updated": 0
  },
  {
    "id": "54facf68-67b7-4565-ad68-f5718c385074",
    "data": [
      {
        "text": "🇹🇯",
        "userDefined": false
      }
    ],
    "isTemplate": false,
    "count": 0,
    "updated": 0
  },
  {
    "id": "a39229d8-0c17-4306-bd94-a13e51b05611",
    "data": [
      {
        "text": "🇹🇿",
        "userDefined": false
      }
    ],
    "isTemplate": false,
    "count": 0,
    "updated": 0
  },
  {
    "id": "7c1deedc-8ab9-4ebf-a1dc-0e63a0ee7f7b",
    "data": [
      {
        "text": "🇹🇭",
        "userDefined": false
      }
    ],
    "isTemplate": false,
    "count": 0,
    "updated": 0
  },
  {
    "id": "b8bae41a-4e9d-495e-a002-c5a2be32d1b3",
    "data": [
      {
        "text": "🇹🇱",
        "userDefined": false
      }
    ],
    "isTemplate": false,
    "count": 0,
    "updated": 0
  },
  {
    "id": "e32f416c-0d16-40bf-b278-41b76d57994f",
    "data": [
      {
        "text": "🇹🇬",
        "userDefined": false
      }
    ],
    "isTemplate": false,
    "count": 0,
    "updated": 0
  },
  {
    "id": "387dd826-cd28-44cf-88a1-17c79754b2d1",
    "data": [
      {
        "text": "🇹🇰",
        "userDefined": false
      }
    ],
    "isTemplate": false,
    "count": 0,
    "updated": 0
  },
  {
    "id": "961f62cc-18b3-4e8e-8b2e-e21b77e7670b",
    "data": [
      {
        "text": "🇹🇴",
        "userDefined": false
      }
    ],
    "isTemplate": false,
    "count": 0,
    "updated": 0
  },
  {
    "id": "79b68869-9694-43d6-9d21-ab9084e187b6",
    "data": [
      {
        "text": "🇹🇹",
        "userDefined": false
      }
    ],
    "isTemplate": false,
    "count": 0,
    "updated": 0
  },
  {
    "id": "107197f9-5ca3-4aef-bb6d-2852fc6eacfe",
    "data": [
      {
        "text": "🇹🇳",
        "userDefined": false
      }
    ],
    "isTemplate": false,
    "count": 0,
    "updated": 0
  },
  {
    "id": "8375cfc7-dfaf-463d-af33-68b678019c27",
    "data": [
      {
        "text": "🇹🇷",
        "userDefined": false
      }
    ],
    "isTemplate": false,
    "count": 0,
    "updated": 0
  },
  {
    "id": "74963321-df82-4d7a-99f3-6719be3965df",
    "data": [
      {
        "text": "🇹🇲",
        "userDefined": false
      }
    ],
    "isTemplate": false,
    "count": 0,
    "updated": 0
  },
  {
    "id": "37185924-387c-4c28-b9ff-87fbdc55fd4a",
    "data": [
      {
        "text": "🇹🇨",
        "userDefined": false
      }
    ],
    "isTemplate": false,
    "count": 0,
    "updated": 0
  },
  {
    "id": "a228d6c1-aafe-4ef4-94d8-ad64ddce7296",
    "data": [
      {
        "text": "🇹🇻",
        "userDefined": false
      }
    ],
    "isTemplate": false,
    "count": 0,
    "updated": 0
  },
  {
    "id": "e7baa5ab-6540-4a0f-af24-56993b4fd86b",
    "data": [
      {
        "text": "🇺🇬",
        "userDefined": false
      }
    ],
    "isTemplate": false,
    "count": 0,
    "updated": 0
  },
  {
    "id": "eb24ece1-2d46-4f29-ad3a-e9c5d79cbc31",
    "data": [
      {
        "text": "🇺🇦",
        "userDefined": false
      }
    ],
    "isTemplate": false,
    "count": 0,
    "updated": 0
  },
  {
    "id": "6609fc45-ab78-4dd0-a9cc-683dd8eb8e01",
    "data": [
      {
        "text": "🇦🇪",
        "userDefined": false
      }
    ],
    "isTemplate": false,
    "count": 0,
    "updated": 0
  },
  {
    "id": "ac20ec3e-85fd-40ae-ae94-a6072ffa5506",
    "data": [
      {
        "text": "🇬🇧",
        "userDefined": false
      }
    ],
    "isTemplate": false,
    "count": 0,
    "updated": 0
  },
  {
    "id": "b6934f36-2dfd-4ffb-978a-b3f88f7864e6",
    "data": [
      {
        "text": "🇺🇸",
        "userDefined": false
      }
    ],
    "isTemplate": false,
    "count": 0,
    "updated": 0
  },
  {
    "id": "d9e308ce-326f-4952-a437-408ef17e19cf",
    "data": [
      {
        "text": "🇻🇮",
        "userDefined": false
      }
    ],
    "isTemplate": false,
    "count": 0,
    "updated": 0
  },
  {
    "id": "245538ba-8d33-4a19-8527-a34896444056",
    "data": [
      {
        "text": "🇺🇾",
        "userDefined": false
      }
    ],
    "isTemplate": false,
    "count": 0,
    "updated": 0
  },
  {
    "id": "aee533c4-0bb9-4f87-98b7-531f5c916c46",
    "data": [
      {
        "text": "🇺🇿",
        "userDefined": false
      }
    ],
    "isTemplate": false,
    "count": 0,
    "updated": 0
  },
  {
    "id": "a0dc41ae-ee01-4819-9fc1-390711faa4f5",
    "data": [
      {
        "text": "🇻🇺",
        "userDefined": false
      }
    ],
    "isTemplate": false,
    "count": 0,
    "updated": 0
  },
  {
    "id": "3e324421-fc5a-4825-8c63-52aea846001a",
    "data": [
      {
        "text": "🇻🇦",
        "userDefined": false
      }
    ],
    "isTemplate": false,
    "count": 0,
    "updated": 0
  },
  {
    "id": "c51bafcc-0ae1-4ae5-a3c7-94d46ddad7eb",
    "data": [
      {
        "text": "🇻🇪",
        "userDefined": false
      }
    ],
    "isTemplate": false,
    "count": 0,
    "updated": 0
  },
  {
    "id": "ddb9d42f-9933-4cfe-8bf6-aa6e74f19af7",
    "data": [
      {
        "text": "🇻🇳",
        "userDefined": false
      }
    ],
    "isTemplate": false,
    "count": 0,
    "updated": 0
  },
  {
    "id": "c934e012-f4f7-4c99-9b17-e7d38ed63efe",
    "data": [
      {
        "text": "🇼🇫",
        "userDefined": false
      }
    ],
    "isTemplate": false,
    "count": 0,
    "updated": 0
  },
  {
    "id": "43806f91-ddc5-4f91-a65f-638d0e2d92d7",
    "data": [
      {
        "text": "🇪🇭",
        "userDefined": false
      }
    ],
    "isTemplate": false,
    "count": 0,
    "updated": 0
  },
  {
    "id": "0ccd8659-51de-4b25-b8d2-1a9cef49014e",
    "data": [
      {
        "text": "🇾🇪",
        "userDefined": false
      }
    ],
    "isTemplate": false,
    "count": 0,
    "updated": 0
  },
  {
    "id": "9633a5c5-17a8-4b32-aeb3-9099c6a62d13",
    "data": [
      {
        "text": "🇿🇲",
        "userDefined": false
      }
    ],
    "isTemplate": false,
    "count": 0,
    "updated": 0
  },
  {
    "id": "fa4751a0-9614-437a-9516-dd1815bd7316",
    "data": [
      {
        "text": "🇿🇼",
        "userDefined": false
      }
    ],
    "isTemplate": false,
    "count": 0,
    "updated": 0
  },
  {
    "id": "5ec0dea6-4172-4f4b-8da5-8d081e815b9c",
    "data": [
      {
        "text": "🇽🇪",
        "userDefined": false
      }
    ],
    "isTemplate": false,
    "count": 0,
    "updated": 0
  }
]