[
  {
    "id": "55795a41-92bf-41b5-a331-0667fcc6bda2",
    "data": [
      {
        "text": "⚽",
        "userDefined": false
      }
    ],
    "isTemplate": false,
    "count": 0,
    "updated": 0
  },
  {
    "id": "20ac4dda-8c9e-4611-a6b6-4476d32762bf",
    "data": [
      {
        "text": "🏀",
        "userDefined": false
      }
    ],
    "isTemplate": false,
    "count": 0,
    "updated": 0
  },
  {
    "id": "a0a99cae-cfee-4a39-8ba0-9c568e8f02da",
    "data": [
      {
        "text": "🏈",
        "userDefined": false
      }
    ],
    "isTemplate": false,
    "count": 0,
    "updated": 0
  },
  {
    "id": "b522b151-61db-468d-b72a-bcc8ece21dac",
    "data": [
      {
        "text": "⚾",
        "userDefined": false
      }
    ],
    "isTemplate": false,
    "count": 0,
    "updated": 0
  },
  {
    "id": "e5195838-457d-4e1c-b28a-716235545de2",
    "data": [
      {
        "text": "🎾",
        "userDefined": false
      }
    ],
    "isTemplate": false,
    "count": 0,
    "updated": 0
  },
  {
    "id": "ab3059be-bd22-4e68-ae71-6e7a08ff97d8",
    "data": [
      {
        "text": "🏐",
        "userDefined": false
      }
    ],
    "isTemplate": false,
    "count": 0,
    "updated": 0
  },
  {
    "id": "cd6a0051-ef68-4069-87c5-3d16791294a9",
    "data": [
      {
        "text": "🏉",
        "userDefined": false
      }
    ],
    "isTemplate": false,
    "count": 0,
    "updated": 0
  },
  {
    "id": "9f867c3c-d309-4dfd-a05f-fdf3cac3df11",
    "data": [
      {
        "text": "🎱",
        "userDefined": false
      }
    ],
    "isTemplate": false,
    "count": 0,
    "updated": 0
  },
  {
    "id": "e2593663-092a-471f-9fde-1548068986c1",
    "data": [
      {
        "text": "⛳",
        "userDefined": false
      }
    ],
    "isTemplate": false,
    "count": 0,
    "updated": 0
  },
  {
    "id": "b7c67b83-4e8b-4d99-b700-81eecdcb5f28",
    "data": [
      {
        "text": "🏌",
        "userDefined": false
      }
    ],
    "isTemplate": false,
    "count": 0,
    "updated": 0
  },
  {
    "id": "65ef4328-b08f-4c7a-8019-e44011dc785b",
    "data": [
      {
        "text": "🏓",
        "userDefined": false
      }
    ],
    "isTemplate": false,
    "count": 0,
    "updated": 0
  },
  {
    "id": "648a7e72-464d-4e85-b272-3f4a7d42f0a6",
    "data": [
      {
        "text": "🏸",
        "userDefined": false
      }
    ],
    "isTemplate": false,
    "count": 0,
    "updated": 0
  },
  {
    "id": "2ed2804e-e403-4112-ad64-f043600fd5a1",
    "data": [
      {
        "text": "🏒",
        "userDefined": false
      }
    ],
    "isTemplate": false,
    "count": 0,
    "updated": 0
  },
  {
    "id": "d138d36e-e43c-4668-a82d-41b324c6b9ad",
    "data": [
      {
        "text": "🏑",
        "userDefined": false
      }
    ],
    "isTemplate": false,
    "count": 0,
    "updated": 0
  },
  {
    "id": "fb4f12fa-de75-4f5b-8cb6-d972b5e969a7",
    "data": [
      {
        "text": "🏏",
        "userDefined": false
      }
    ],
    "isTemplate": false,
    "count": 0,
    "updated": 0
  },
  {
    "id": "9aad6125-c8c2-4d25-a8c6-81c6fb0bb4a3",
    "data": [
      {
        "text": "🎿",
        "userDefined": false
      }
    ],
    "isTemplate": false,
    "count": 0,
    "updated": 0
  },
  {
    "id": "856b450c-c011-4adc-98b5-a9ca31fd5bd3",
    "data": [
      {
        "text": "⛷",
        "userDefined": false
      }
    ],
    "isTemplate": false,
    "count": 0,
    "updated": 0
  },
  {
    "id": "2caf2be3-c687-4010-9396-4b60aabbbf02",
    "data": [
      {
        "text": "🏂",
        "userDefined": false
      }
    ],
    "isTemplate": false,
    "count": 0,
    "updated": 0
  },
  {
    "id": "5f639aa4-816d-4a41-bb01-f24a16574236",
    "data": [
      {
        "text": "⛸",
        "userDefined": false
      }
    ],
    "isTemplate": false,
    "count": 0,
    "updated": 0
  },
  {
    "id": "3f5bccba-e335-413f-995e-cff6d036606d",
    "data": [
      {
        "text": "🏹",
        "userDefined": false
      }
    ],
    "isTemplate": false,
    "count": 0,
    "updated": 0
  },
  {
    "id": "d4321a7d-56d9-4185-b0fe-b0ce00082f1f",
    "data": [
      {
        "text": "🎣",
        "userDefined": false
      }
    ],
    "isTemplate": false,
    "count": 0,
    "updated": 0
  },
  {
    "id": "a147b9e1-7dff-469f-8dd0-18208f6a513d",
    "data": [
      {
        "text": "🚣",
        "userDefined": false
      }
    ],
    "isTemplate": false,
    "count": 0,
    "updated": 0
  },
  {
    "id": "182cb8d0-0d2e-4fe3-aade-4894b018a427",
    "data": [
      {
        "text": "🚣🏻",
        "userDefined": false
      }
    ],
    "isTemplate": false,
    "count": 0,
    "updated": 0
  },
  {
    "id": "a3c5090d-84af-44ca-bd22-28364a4853bd",
    "data": [
      {
        "text": "🚣🏼",
        "userDefined": false
      }
    ],
    "isTemplate": false,
    "count": 0,
    "updated": 0
  },
  {
    "id": "646f0734-4e06-48e3-8b2f-191a48aec5b0",
    "data": [
      {
        "text": "🚣🏽",
        "userDefined": false
      }
    ],
    "isTemplate": false,
    "count": 0,
    "updated": 0
  },
  {
    "id": "e93176ba-477d-4f56-8a4c-73561354f409",
    "data": [
      {
        "text": "🚣🏾",
        "userDefined": false
      }
    ],
    "isTemplate": false,
    "count": 0,
    "updated": 0
  },
  {
    "id": "8e5e0a7a-4593-4806-86c8-f831db0d7f5c",
    "data": [
      {
        "text": "🚣🏿",
        "userDefined": false
      }
    ],
    "isTemplate": false,
    "count": 0,
    "updated": 0
  },
  {
    "id": "e0f9fc80-ee64-44c6-937e-36284035f10f",
    "data": [
      {
        "text": "🏊",
        "userDefined": false
      }
    ],
    "isTemplate": false,
    "count": 0,
    "updated": 0
  },
  {
    "id": "0926efa6-25e1-472a-8b04-b73522745d83",
    "data": [
      {
        "text": "🏊🏻",
        "userDefined": false
      }
    ],
    "isTemplate": false,
    "count": 0,
    "updated": 0
  },
  {
    "id": "92fb8d17-773a-42ee-89df-4b565117da29",
    "data": [
      {
        "text": "🏊🏼",
        "userDefined": false
      }
    ],
    "isTemplate": false,
    "count": 0,
    "updated": 0
  },
  {
    "id": "91faebfa-9b38-4a2c-bdc1-0d2ca6149bb8",
    "data": [
      {
        "text": "🏊🏽",
        "userDefined": false
      }
    ],
    "isTemplate": false,
    "count": 0,
    "updated": 0
  },
  {
    "id": "f78428e7-a1c4-4070-9632-0902f4bdf820",
    "data": [
      {
        "text": "🏊🏾",
        "userDefined": false
      }
    ],
    "isTemplate": false,
    "count": 0,
    "updated": 0
  },
  {
    "id": "9bfb7b6b-d5e8-4702-9b2d-5dc4d407f987",
    "data": [
      {
        "text": "🏊🏿",
        "userDefined": false
      }
    ],
    "isTemplate": false,
    "count": 0,
    "updated": 0
  },
  {
    "id": "6d271a8d-7472-4e02-8dbc-f96cd13054aa",
    "data": [
      {
        "text": "🏄",
        "userDefined": false
      }
    ],
    "isTemplate": false,
    "count": 0,
    "updated": 0
  },
  {
    "id": "792f9f62-15f2-4512-8591-068db09d638f",
    "data": [
      {
        "text": "🏄🏻",
        "userDefined": false
      }
    ],
    "isTemplate": false,
    "count": 0,
    "updated": 0
  },
  {
    "id": "bf35b21a-3436-4f11-8839-4af3ce104330",
    "data": [
      {
        "text": "🏄🏼",
        "userDefined": false
      }
    ],
    "isTemplate": false,
    "count": 0,
    "updated": 0
  },
  {
    "id": "5061de26-f850-4001-bfb9-dfbe326c69fa",
    "data": [
      {
        "text": "🏄🏽",
        "userDefined": false
      }
    ],
    "isTemplate": false,
    "count": 0,
    "updated": 0
  },
  {
    "id": "e58a81cf-d722-4742-a0ff-3b379540940e",
    "data": [
      {
        "text": "🏄🏾",
        "userDefined": false
      }
    ],
    "isTemplate": false,
    "count": 0,
    "updated": 0
  },
  {
    "id": "fdd3ef0e-c7d5-4ec9-8056-9f90b6c54eac",
    "data": [
      {
        "text": "🏄🏿",
        "userDefined": false
      }
    ],
    "isTemplate": false,
    "count": 0,
    "updated": 0
  },
  {
    "id": "710da1d0-4b4b-43fa-a16c-aaefe61dd354",
    "data": [
      {
        "text": "🛀",
        "userDefined": false
      }
    ],
    "isTemplate": false,
    "count": 0,
    "updated": 0
  },
  {
    "id": "41890811-2315-483d-b5a5-61036e11a557",
    "data": [
      {
        "text": "🛀🏻",
        "userDefined": false
      }
    ],
    "isTemplate": false,
    "count": 0,
    "updated": 0
  },
  {
    "id": "11d31bde-8424-4a03-9dd6-35810f2971c9",
    "data": [
      {
        "text": "🛀🏼",
        "userDefined": false
      }
    ],
    "isTemplate": false,
    "count": 0,
    "updated": 0
  },
  {
    "id": "7548bab1-8d43-4610-b864-5eb8d41b9271",
    "data": [
      {
        "text": "🛀🏽",
        "userDefined": false
      }
    ],
    "isTemplate": false,
    "count": 0,
    "updated": 0
  },
  {
    "id": "3ce115ca-80b6-4a16-84e6-613048cce87e",
    "data": [
      {
        "text": "🛀🏾",
        "userDefined": false
      }
    ],
    "isTemplate": false,
    "count": 0,
    "updated": 0
  },
  {
    "id": "07b5586d-04b4-4e66-b8dc-1bef840246bd",
    "data": [
      {
        "text": "🛀🏿",
        "userDefined": false
      }
    ],
    "isTemplate": false,
    "count": 0,
    "updated": 0
  },
  {
    "id": "369af10e-d6fa-499d-b0c8-6783fdc84a72",
    "data": [
      {
        "text": "⛹",
        "userDefined": false
      }
    ],
    "isTemplate": false,
    "count": 0,
    "updated": 0
  },
  {
    "id": "75609346-dc91-4375-bd64-15f5376c9b87",
    "data": [
      {
        "text": "⛹🏻",
        "userDefined": false
      }
    ],
    "isTemplate": false,
    "count": 0,
    "updated": 0
  },
  {
    "id": "e82854af-67c0-49ab-a303-bfc49ec44578",
    "data": [
      {
        "text": "⛹🏼",
        "userDefined": false
      }
    ],
    "isTemplate": false,
    "count": 0,
    "updated": 0
  },
  {
    "id": "e2195bca-6292-4977-87a9-53f684cdcebe",
    "data": [
      {
        "text": "⛹🏽",
        "userDefined": false
      }
    ],
    "isTemplate": false,
    "count": 0,
    "updated": 0
  },
  {
    "id": "45457ad6-52c1-42fd-9ffb-2c74d0d92a4b",
    "data": [
      {
        "text": "⛹🏾",
        "userDefined": false
      }
    ],
    "isTemplate": false,
    "count": 0,
    "updated": 0
  },
  {
    "id": "9ec2ecc1-148e-4487-8468-9836ebb9bd12",
    "data": [
      {
        "text": "⛹🏿",
        "userDefined": false
      }
    ],
    "isTemplate": false,
    "count": 0,
    "updated": 0
  },
  {
    "id": "72ffc58c-4fcd-4306-a74a-2c98ac43ef02",
    "data": [
      {
        "text": "🏋",
        "userDefined": false
      }
    ],
    "isTemplate": false,
    "count": 0,
    "updated": 0
  },
  {
    "id": "564cd39a-9154-485a-b43f-ae60f2aa8567",
    "data": [
      {
        "text": "🏋🏻",
        "userDefined": false
      }
    ],
    "isTemplate": false,
    "count": 0,
    "updated": 0
  },
  {
    "id": "7d2e7f80-2097-4d82-8d5c-acca7f561403",
    "data": [
      {
        "text": "🏋🏼",
        "userDefined": false
      }
    ],
    "isTemplate": false,
    "count": 0,
    "updated": 0
  },
  {
    "id": "1c51ad40-c13f-4118-b2ea-4d5794bac4bb",
    "data": [
      {
        "text": "🏋🏽",
        "userDefined": false
      }
    ],
    "isTemplate": false,
    "count": 0,
    "updated": 0
  },
  {
    "id": "0f44b4f5-7c56-4a7b-a0a0-57d04343d3b4",
    "data": [
      {
        "text": "🏋🏾",
        "userDefined": false
      }
    ],
    "isTemplate": false,
    "count": 0,
    "updated": 0
  },
  {
    "id": "f93dfc30-cb82-4246-8793-363e7447fc01",
    "data": [
      {
        "text": "🏋🏿",
        "userDefined": false
      }
    ],
    "isTemplate": false,
    "count": 0,
    "updated": 0
  },
  {
    "id": "8a06caf6-acf7-4c4d-ba0b-a8d7c5b77aaa",
    "data": [
      {
        "text": "🚴",
        "userDefined": false
      }
    ],
    "isTemplate": false,
    "count": 0,
    "updated": 0
  },
  {
    "id": "069380a3-e04f-4279-ab28-09d4f1cafa59",
    "data": [
      {
        "text": "🚴🏻",
        "userDefined": false
      }
    ],
    "isTemplate": false,
    "count": 0,
    "updated": 0
  },
  {
    "id": "1a91aa91-ea5a-470d-a410-47cc30bde7b9",
    "data": [
      {
        "text": "🚴🏼",
        "userDefined": false
      }
    ],
    "isTemplate": false,
    "count": 0,
    "updated": 0
  },
  {
    "id": "5f209720-d1fb-4a3f-b508-8cf89143cbf0",
    "data": [
      {
        "text": "🚴🏽",
        "userDefined": false
      }
    ],
    "isTemplate": false,
    "count": 0,
    "updated": 0
  },
  {
    "id": "8f8ca3e2-2c48-4bec-9903-2a9b5c242eae",
    "data": [
      {
        "text": "🚴🏾",
        "userDefined": false
      }
    ],
    "isTemplate": false,
    "count": 0,
    "updated": 0
  },
  {
    "id": "636beea9-ab09-47ed-b7c9-72599a277192",
    "data": [
      {
        "text": "🚴🏿",
        "userDefined": false
      }
    ],
    "isTemplate": false,
    "count": 0,
    "updated": 0
  },
  {
    "id": "534df906-dd88-4d20-b817-acdad16e376d",
    "data": [
      {
        "text": "🚵",
        "userDefined": false
      }
    ],
    "isTemplate": false,
    "count": 0,
    "updated": 0
  },
  {
    "id": "c03d0e44-9a8a-4111-a60d-903b7eeb83f5",
    "data": [
      {
        "text": "🚵🏻",
        "userDefined": false
      }
    ],
    "isTemplate": false,
    "count": 0,
    "updated": 0
  },
  {
    "id": "796fae59-5b40-4544-98d5-43043ea05f30",
    "data": [
      {
        "text": "🚵🏼",
        "userDefined": false
      }
    ],
    "isTemplate": false,
    "count": 0,
    "updated": 0
  },
  {
    "id": "3f90aa98-e177-42de-82a4-230341a18d8d",
    "data": [
      {
        "text": "🚵🏽",
        "userDefined": false
      }
    ],
    "isTemplate": false,
    "count": 0,
    "updated": 0
  },
  {
    "id": "64f737fd-b83a-4759-9569-1c4d5f1d95c9",
    "data": [
      {
        "text": "🚵🏾",
        "userDefined": false
      }
    ],
    "isTemplate": false,
    "count": 0,
    "updated": 0
  },
  {
    "id": "aff7e3f9-733c-4f24-b86d-700a988e379e",
    "data": [
      {
        "text": "🚵🏿",
        "userDefined": false
      }
    ],
    "isTemplate": false,
    "count": 0,
    "updated": 0
  },
  {
    "id": "e2af9b1d-b856-4609-88cc-4c7c63e2ccdb",
    "data": [
      {
        "text": "🏇",
        "userDefined": false
      }
    ],
    "isTemplate": false,
    "count": 0,
    "updated": 0
  },
  {
    "id": "d91399d4-ba56-49eb-bf2c-50e00de618f8",
    "data": [
      {
        "text": "🏇🏻",
        "userDefined": false
      }
    ],
    "isTemplate": false,
    "count": 1,
    "updated": 0
  },
  {
    "id": "e31eeafc-80c6-4e6f-9d82-b125788c8803",
    "data": [
      {
        "text": "🏇🏽",
        "userDefined": false
      }
    ],
    "isTemplate": false,
    "count": 0,
    "updated": 0
  },
  {
    "id": "a628756c-5eae-4271-87d3-6178831198e8",
    "data": [
      {
        "text": "🏇🏾",
        "userDefined": false
      }
    ],
    "isTemplate": false,
    "count": 0,
    "updated": 0
  },
  {
    "id": "113e335c-a06d-41c3-81fd-aa21bf288116",
    "data": [
      {
        "text": "🏇🏿",
        "userDefined": false
      }
    ],
    "isTemplate": false,
    "count": 0,
    "updated": 0
  },
  {
    "id": "74089ab2-70d8-482a-9512-1adffc457d9b",
    "data": [
      {
        "text": "🕴",
        "userDefined": false
      }
    ],
    "isTemplate": false,
    "count": 0,
    "updated": 0
  },
  {
    "id": "0f73559b-0e94-4f1d-aa08-91c83085d134",
    "data": [
      {
        "text": "🏆",
        "userDefined": false
      }
    ],
    "isTemplate": false,
    "count": 0,
    "updated": 0
  },
  {
    "id": "bcaa6f8c-faa8-4cef-83f1-fce8067740ad",
    "data": [
      {
        "text": "🎽",
        "userDefined": false
      }
    ],
    "isTemplate": false,
    "count": 0,
    "updated": 0
  },
  {
    "id": "02bad230-8b24-4abf-a3e4-6721331dcf2c",
    "data": [
      {
        "text": "🏅",
        "userDefined": false
      }
    ],
    "isTemplate": false,
    "count": 0,
    "updated": 0
  },
  {
    "id": "5f67d2d2-f295-4a9c-8269-ae12a98c59f9",
    "data": [
      {
        "text": "🎖",
        "userDefined": false
      }
    ],
    "isTemplate": false,
    "count": 0,
    "updated": 0
  },
  {
    "id": "9b21f734-1464-4cfb-9f9b-236d0620855e",
    "data": [
      {
        "text": "🎗",
        "userDefined": false
      }
    ],
    "isTemplate": false,
    "count": 0,
    "updated": 0
  },
  {
    "id": "d7e28698-707f-4bcb-b020-ee8e6696ec61",
    "data": [
      {
        "text": "🏵",
        "userDefined": false
      }
    ],
    "isTemplate": false,
    "count": 0,
    "updated": 0
  },
  {
    "id": "63edaf03-95f4-4393-a68f-20bde23f391a",
    "data": [
      {
        "text": "🎫",
        "userDefined": false
      }
    ],
    "isTemplate": false,
    "count": 0,
    "updated": 0
  },
  {
    "id": "c10a9f98-1c5b-4c35-a206-36405d9c7acc",
    "data": [
      {
        "text": "🎟",
        "userDefined": false
      }
    ],
    "isTemplate": false,
    "count": 0,
    "updated": 0
  },
  {
    "id": "84a4ee9e-407d-424c-96bf-1c71d458a767",
    "data": [
      {
        "text": "🎭",
        "userDefined": false
      }
    ],
    "isTemplate": false,
    "count": 0,
    "updated": 0
  },
  {
    "id": "ac4fe8b5-35c9-40a7-acf9-021297f54da9",
    "data": [
      {
        "text": "🎨",
        "userDefined": false
      }
    ],
    "isTemplate": false,
    "count": 0,
    "updated": 0
  },
  {
    "id": "c37ef706-38e2-4871-ba54-4c2153188d68",
    "data": [
      {
        "text": "🎪",
        "userDefined": false
      }
    ],
    "isTemplate": false,
    "count": 0,
    "updated": 0
  },
  {
    "id": "8c5f5495-fe5d-44bc-9da4-a9a9f391a0ba",
    "data": [
      {
        "text": "🎤",
        "userDefined": false
      }
    ],
    "isTemplate": false,
    "count": 0,
    "updated": 0
  },
  {
    "id": "48353e0c-8764-4c0f-96d8-1a39fd2d4866",
    "data": [
      {
        "text": "🎧",
        "userDefined": false
      }
    ],
    "isTemplate": false,
    "count": 0,
    "updated": 0
  },
  {
    "id": "635f1d1d-c49f-4408-84cb-70fa33acdf55",
    "data": [
      {
        "text": "🎼",
        "userDefined": false
      }
    ],
    "isTemplate": false,
    "count": 0,
    "updated": 0
  },
  {
    "id": "0090e955-cf4a-4cb5-82b3-27be8291e9c7",
    "data": [
      {
        "text": "🎹",
        "userDefined": false
      }
    ],
    "isTemplate": false,
    "count": 0,
    "updated": 0
  },
  {
    "id": "9afb9bd6-1908-4c6d-b866-41584252a2a1",
    "data": [
      {
        "text": "🎷",
        "userDefined": false
      }
    ],
    "isTemplate": false,
    "count": 0,
    "updated": 0
  },
  {
    "id": "8e483df8-5831-47ba-9d84-73092fb1b729",
    "data": [
      {
        "text": "🎺",
        "userDefined": false
      }
    ],
    "isTemplate": false,
    "count": 0,
    "updated": 0
  },
  {
    "id": "731f11db-3c2b-4831-b01f-b7f082511c9f",
    "data": [
      {
        "text": "🎸",
        "userDefined": false
      }
    ],
    "isTemplate": false,
    "count": 0,
    "updated": 0
  },
  {
    "id": "a04a29ba-d3fb-4555-80e3-ddcaf88c1a99",
    "data": [
      {
        "text": "🎻",
        "userDefined": false
      }
    ],
    "isTemplate": false,
    "count": 0,
    "updated": 0
  },
  {
    "id": "6370addc-5c67-4d48-863b-46e4abc770bc",
    "data": [
      {
        "text": "🎬",
        "userDefined": false
      }
    ],
    "isTemplate": false,
    "count": 0,
    "updated": 0
  },
  {
    "id": "afbfa012-e633-4f52-a5b3-8a5710d3f01b",
    "data": [
      {
        "text": "🎮",
        "userDefined": false
      }
    ],
    "isTemplate": false,
    "count": 0,
    "updated": 0
  },
  {
    "id": "531f200a-fafe-4d70-80ca-076a4a71e5d2",
    "data": [
      {
        "text": "👾",
        "userDefined": false
      }
    ],
    "isTemplate": false,
    "count": 0,
    "updated": 0
  },
  {
    "id": "034cacd6-aadd-4f37-b3c5-48dd02bcd278",
    "data": [
      {
        "text": "🎯",
        "userDefined": false
      }
    ],
    "isTemplate": false,
    "count": 0,
    "updated": 0
  },
  {
    "id": "f98c192b-71be-47aa-ba7b-52d3e2da8e75",
    "data": [
      {
        "text": "🎲",
        "userDefined": false
      }
    ],
    "isTemplate": false,
    "count": 0,
    "updated": 0
  },
  {
    "id": "18d340d7-131a-4e79-88d7-af68e77def38",
    "data": [
      {
        "text": "🎰",
        "userDefined": false
      }
    ],
    "isTemplate": false,
    "count": 0,
    "updated": 0
  },
  {
    "id": "81ac099b-da8a-4294-9af4-71afc0782324",
    "data": [
      {
        "text": "🎳",
        "userDefined": false
      }
    ],
    "isTemplate": false,
    "count": 0,
    "updated": 0
  },
  {
    "id": "52f60799-9796-4b7e-82a8-6919ac2a763a",
    "data": [
      {
        "text": "◯‍◯‍◯‍◯‍◯",
        "userDefined": false
      }
    ],
    "isTemplate": false,
    "count": 0,
    "updated": 0
  }
]