[
  {
    "id": "a4afa0f5-c252-488d-b2fa-d1ff542b69b6",
    "data": [
      {
        "text": "i am ",
        "userDefined": false
      },
      {
        "text": "feeling",
        "meta": "@sys.ignore",
        "userDefined": false
      },
      {
        "text": " quite ",
        "userDefined": false
      },
      {
        "text": "unproductive",
        "alias": "unproductive",
        "meta": "@unproductive",
        "userDefined": false
      }
    ],
    "isTemplate": false,
    "count": 0,
    "updated": 0
  }
]