[
  {
    "id": "73b86422-37ae-4cb4-b071-43d257371b91",
    "data": [
      {
        "text": "Not good",
        "userDefined": false
      }
    ],
    "isTemplate": false,
    "count": 0,
    "updated": 0
  },
  {
    "id": "b831195c-391b-400e-8b14-1b7d6fdff21e",
    "data": [
      {
        "text": "I\u0027m upset. Cheer me up",
        "userDefined": false
      }
    ],
    "isTemplate": false,
    "count": 0,
    "updated": 0
  },
  {
    "id": "a85b7951-b87e-4db7-b334-b898f8067536",
    "data": [
      {
        "text": "I don\u0027t feel so good",
        "userDefined": false
      }
    ],
    "isTemplate": false,
    "count": 0,
    "updated": 0
  },
  {
    "id": "e6667688-2295-40a1-a813-5711879688b9",
    "data": [
      {
        "text": "I am not feeling well",
        "userDefined": false
      }
    ],
    "isTemplate": false,
    "count": 1,
    "updated": 0
  },
  {
    "id": "b76506a6-9f8c-4be3-bf89-f8e3824c5db7",
    "data": [
      {
        "text": "It\u0027s getting a bit mad in here",
        "userDefined": false
      }
    ],
    "isTemplate": false,
    "count": 0,
    "updated": 0
  },
  {
    "id": "647766e2-645b-4fa5-954a-ae872b501230",
    "data": [
      {
        "text": "Not well",
        "userDefined": false
      }
    ],
    "isTemplate": false,
    "count": 0,
    "updated": 0
  },
  {
    "id": "942f241f-e617-42b6-9614-6acbf955a31b",
    "data": [
      {
        "text": "I feel a bit low",
        "userDefined": false
      }
    ],
    "isTemplate": false,
    "count": 0,
    "updated": 0
  },
  {
    "id": "2f5ec7a0-5303-48bb-bafa-25bf9c8bc02f",
    "data": [
      {
        "text": "I think I might have depression",
        "userDefined": false
      }
    ],
    "isTemplate": false,
    "count": 0,
    "updated": 0
  },
  {
    "id": "f26d69d7-9c7a-406a-8da1-f63030da22cd",
    "data": [
      {
        "text": "I am lonely",
        "userDefined": false
      }
    ],
    "isTemplate": false,
    "count": 0,
    "updated": 0
  },
  {
    "id": "8de4b70c-4d79-4723-965c-4aad4af24983",
    "data": [
      {
        "text": "M feeling a bit weird",
        "userDefined": false
      }
    ],
    "isTemplate": false,
    "count": 0,
    "updated": 0
  },
  {
    "id": "d4ceaf02-536f-402c-acfd-51d350e18b15",
    "data": [
      {
        "text": "Weird",
        "userDefined": false
      }
    ],
    "isTemplate": false,
    "count": 0,
    "updated": 0
  },
  {
    "id": "a1722d27-d29d-446b-b8e9-35fd773e1f46",
    "data": [
      {
        "text": "i am feeling sad",
        "userDefined": false
      }
    ],
    "isTemplate": false,
    "count": 0,
    "updated": 0
  }
]