[
  {
    "id": "87ae93ec-c04c-45fd-bfc1-065d79593fd9",
    "data": [
      {
        "text": "I\u0027m feeling ",
        "userDefined": false
      },
      {
        "text": "great",
        "alias": "happy",
        "meta": "@happy",
        "userDefined": false
      }
    ],
    "isTemplate": false,
    "count": 0,
    "updated": 0
  },
  {
    "id": "58101d57-5c6b-4ed4-b407-034eb7b27ce5",
    "data": [
      {
        "text": "And say",
        "userDefined": false
      }
    ],
    "isTemplate": false,
    "count": 1,
    "updated": 0
  },
  {
    "id": "afa95561-d5fd-4c5e-96bc-eb931e59f764",
    "data": [
      {
        "text": "i had a really ",
        "userDefined": false
      },
      {
        "text": "nice",
        "alias": "happy",
        "meta": "@happy",
        "userDefined": true
      },
      {
        "text": " day",
        "userDefined": false
      }
    ],
    "isTemplate": false,
    "count": 0,
    "updated": 0
  },
  {
    "id": "67e32bc9-d1f4-4559-bc96-8b2f57b0e3f4",
    "data": [
      {
        "text": "m ",
        "userDefined": false
      },
      {
        "text": "glad",
        "alias": "happy",
        "meta": "@happy",
        "userDefined": false
      },
      {
        "text": " i did it",
        "userDefined": false
      }
    ],
    "isTemplate": false,
    "count": 0,
    "updated": 0
  },
  {
    "id": "32286979-64f3-454a-9241-af9bab0055cd",
    "data": [
      {
        "text": "food",
        "alias": "happy",
        "meta": "@happy",
        "userDefined": false
      },
      {
        "text": " makes me ",
        "userDefined": false
      },
      {
        "text": "happy",
        "alias": "happy",
        "meta": "@happy",
        "userDefined": false
      }
    ],
    "isTemplate": false,
    "count": 0,
    "updated": 0
  },
  {
    "id": "e3e239f2-f8d1-4f36-a5a3-5b291315dc2a",
    "data": [
      {
        "text": "i had a ",
        "userDefined": false
      },
      {
        "text": "good",
        "alias": "happy",
        "meta": "@happy",
        "userDefined": false
      },
      {
        "text": " day",
        "userDefined": false
      }
    ],
    "isTemplate": false,
    "count": 0,
    "updated": 0
  },
  {
    "id": "34b2d0f4-e62a-42dc-979b-1e54cd3a66a1",
    "data": [
      {
        "text": "you make me ",
        "userDefined": false
      },
      {
        "text": "happy",
        "alias": "happy",
        "meta": "@happy",
        "userDefined": false
      }
    ],
    "isTemplate": false,
    "count": 0,
    "updated": 0
  },
  {
    "id": "0bac0d65-6434-4614-9e50-ea3b8490e3d0",
    "data": [
      {
        "text": "this is my ",
        "userDefined": false
      },
      {
        "text": "happy",
        "alias": "happy",
        "meta": "@happy",
        "userDefined": false
      },
      {
        "text": " place",
        "userDefined": false
      }
    ],
    "isTemplate": false,
    "count": 0,
    "updated": 0
  },
  {
    "id": "91f13f4a-ffb5-4ec6-85a9-e9c03457a129",
    "data": [
      {
        "text": "my ",
        "userDefined": false
      },
      {
        "text": "happiness",
        "alias": "happy",
        "meta": "@happy",
        "userDefined": false
      },
      {
        "text": " knew no bounds when i received that prize",
        "userDefined": false
      }
    ],
    "isTemplate": false,
    "count": 0,
    "updated": 0
  },
  {
    "id": "cb70f5ae-bfae-4591-8565-e11af5372c6f",
    "data": [
      {
        "text": "she looked ",
        "userDefined": false
      },
      {
        "text": "happy",
        "alias": "happy",
        "meta": "@happy",
        "userDefined": false
      }
    ],
    "isTemplate": false,
    "count": 0,
    "updated": 0
  },
  {
    "id": "fe08c869-f793-42e9-90cd-6a378e0bf919",
    "data": [
      {
        "text": "its ",
        "userDefined": false
      },
      {
        "text": "joyful",
        "alias": "happy",
        "meta": "@happy",
        "userDefined": false
      },
      {
        "text": " to talk to someone",
        "userDefined": false
      }
    ],
    "isTemplate": false,
    "count": 0,
    "updated": 0
  },
  {
    "id": "ca473236-c83b-4445-8298-7eedb0529e48",
    "data": [
      {
        "text": "this exercise gives me ",
        "userDefined": false
      },
      {
        "text": "happiness",
        "alias": "happy",
        "meta": "@happy",
        "userDefined": false
      }
    ],
    "isTemplate": false,
    "count": 0,
    "updated": 0
  },
  {
    "id": "4c5dac91-08fc-443c-bd04-974901de92c6",
    "data": [
      {
        "text": "today",
        "alias": "date-time",
        "meta": "@sys.date-time",
        "userDefined": false
      },
      {
        "text": " was a ",
        "userDefined": false
      },
      {
        "text": "happy",
        "alias": "happy",
        "meta": "@happy",
        "userDefined": false
      },
      {
        "text": " day",
        "userDefined": false
      }
    ],
    "isTemplate": false,
    "count": 0,
    "updated": 0
  },
  {
    "id": "09aa76c3-67cf-4ee3-8352-f673ef64f0d4",
    "data": [
      {
        "text": "i am very ",
        "userDefined": false
      },
      {
        "text": "happy",
        "alias": "happy",
        "meta": "@happy",
        "userDefined": false
      },
      {
        "text": " todayi feel so ",
        "userDefined": false
      },
      {
        "text": "elated",
        "alias": "happy",
        "meta": "@happy",
        "userDefined": false
      }
    ],
    "isTemplate": false,
    "count": 0,
    "updated": 0
  },
  {
    "id": "9aa3e458-a239-4bf3-8da3-b20f7b41cd3d",
    "data": [
      {
        "text": "i am very ",
        "userDefined": false
      },
      {
        "text": "happy",
        "alias": "happy",
        "meta": "@happy",
        "userDefined": false
      },
      {
        "text": " ",
        "userDefined": false
      },
      {
        "text": "today",
        "alias": "date-time",
        "meta": "@sys.date-time",
        "userDefined": false
      }
    ],
    "isTemplate": false,
    "count": 0,
    "updated": 0
  },
  {
    "id": "9fbc219b-e4c8-4e26-9e27-40a6b5877276",
    "data": [
      {
        "text": "i feel ",
        "userDefined": false
      },
      {
        "text": "great",
        "alias": "happy",
        "meta": "@happy",
        "userDefined": false
      }
    ],
    "isTemplate": false,
    "count": 0,
    "updated": 0
  }
]