[
  {
    "id": "bc7c7344-c808-4b6d-8748-75aaf9818779",
    "data": [
      {
        "text": "my day was ",
        "userDefined": false
      },
      {
        "text": "bad",
        "alias": "sad",
        "meta": "@sad",
        "userDefined": true
      }
    ],
    "isTemplate": false,
    "count": 0,
    "updated": 0
  },
  {
    "id": "0de5317a-aafc-4ebc-bfd9-4b69e15e453f",
    "data": [
      {
        "text": "i had a ",
        "userDefined": false
      },
      {
        "text": "bad",
        "alias": "sad",
        "meta": "@sad",
        "userDefined": true
      },
      {
        "text": " day",
        "userDefined": false
      }
    ],
    "isTemplate": false,
    "count": 0,
    "updated": 0
  },
  {
    "id": "bca265cb-c364-4540-a56f-e2918f782d32",
    "data": [
      {
        "text": "i ",
        "userDefined": false
      },
      {
        "text": "feel",
        "meta": "@sys.ignore",
        "userDefined": false
      },
      {
        "text": " a bit ",
        "userDefined": false
      },
      {
        "text": "low",
        "alias": "sad",
        "meta": "@sad",
        "userDefined": false
      },
      {
        "text": " ",
        "userDefined": false
      },
      {
        "text": "today",
        "alias": "date-time",
        "meta": "@sys.date-time",
        "userDefined": false
      }
    ],
    "isTemplate": false,
    "count": 0,
    "updated": 0
  },
  {
    "id": "7b3bd594-2a18-4717-885f-82335dd334f3",
    "data": [
      {
        "text": "i an ",
        "userDefined": false
      },
      {
        "text": "unhappyi",
        "alias": "sad",
        "meta": "@sad",
        "userDefined": false
      },
      {
        "text": " dont ",
        "userDefined": false
      },
      {
        "text": "feel",
        "meta": "@sys.ignore",
        "userDefined": false
      },
      {
        "text": " ",
        "userDefined": false
      },
      {
        "text": "great",
        "meta": "@sys.ignore",
        "userDefined": false
      }
    ],
    "isTemplate": false,
    "count": 0,
    "updated": 0
  },
  {
    "id": "e62a2e91-4884-4d57-9fc4-045c2d611ccd",
    "data": [
      {
        "text": "i an ",
        "userDefined": false
      },
      {
        "text": "unhappy",
        "alias": "sad",
        "meta": "@sad",
        "userDefined": false
      }
    ],
    "isTemplate": false,
    "count": 0,
    "updated": 0
  },
  {
    "id": "c80c7351-3765-4c34-8a20-97aaae1891e5",
    "data": [
      {
        "text": "i am ",
        "userDefined": false
      },
      {
        "text": "sad",
        "alias": "sad",
        "meta": "@sad",
        "userDefined": false
      }
    ],
    "isTemplate": false,
    "count": 0,
    "updated": 0
  }
]