[
  {
    "id": "a96e0625-f072-4f50-b0f1-ee95f43b55c6",
    "data": [
      {
        "text": "stop",
        "meta": "@sys.ignore",
        "userDefined": true
      },
      {
        "text": " ",
        "userDefined": false
      },
      {
        "text": "it",
        "meta": "@sys.ignore",
        "userDefined": true
      }
    ],
    "isTemplate": false,
    "count": 0,
    "updated": 0
  },
  {
    "id": "a4579afd-0382-447f-8659-1fd5cf24c76e",
    "data": [
      {
        "text": "music",
        "meta": "@sys.ignore",
        "userDefined": true
      },
      {
        "text": " ",
        "userDefined": false
      },
      {
        "text": "off",
        "meta": "@sys.ignore",
        "userDefined": true
      }
    ],
    "isTemplate": false,
    "count": 0,
    "updated": 0
  },
  {
    "id": "e95067f3-3709-4a70-b161-caa0dce8ada5",
    "data": [
      {
        "text": "turn off",
        "meta": "@sys.ignore",
        "userDefined": true
      },
      {
        "text": " ",
        "userDefined": false
      },
      {
        "text": "music",
        "meta": "@sys.ignore",
        "userDefined": true
      }
    ],
    "isTemplate": false,
    "count": 0,
    "updated": 0
  },
  {
    "id": "a965fe47-0494-4d17-9b06-38e886825bab",
    "data": [
      {
        "text": "enough ",
        "userDefined": false
      },
      {
        "text": "music",
        "meta": "@sys.ignore",
        "userDefined": true
      }
    ],
    "isTemplate": false,
    "count": 0,
    "updated": 0
  },
  {
    "id": "02f44b11-d400-491b-ae18-46d30ef632df",
    "data": [
      {
        "text": "stop playing",
        "userDefined": false
      }
    ],
    "isTemplate": false,
    "count": 0,
    "updated": 0
  },
  {
    "id": "3b60fb15-96a4-479f-9f16-a10db3814d8f",
    "data": [
      {
        "text": "enough",
        "userDefined": false
      }
    ],
    "isTemplate": false,
    "count": 0,
    "updated": 0
  },
  {
    "id": "0e3aab76-878a-4653-83c4-720fc32d1d21",
    "data": [
      {
        "text": "could you ",
        "userDefined": false
      },
      {
        "text": "stop",
        "meta": "@sys.ignore",
        "userDefined": true
      }
    ],
    "isTemplate": false,
    "count": 0,
    "updated": 0
  },
  {
    "id": "435998b3-b250-471b-a90a-6992aa0b12ec",
    "data": [
      {
        "text": "can you stop the ",
        "userDefined": false
      },
      {
        "text": "music",
        "meta": "@sys.ignore",
        "userDefined": true
      }
    ],
    "isTemplate": false,
    "count": 0,
    "updated": 0
  },
  {
    "id": "da69da0d-2587-4f06-a06b-d4385a123dc0",
    "data": [
      {
        "text": "stop",
        "userDefined": false
      }
    ],
    "isTemplate": false,
    "count": 0,
    "updated": 0
  },
  {
    "id": "ea6eefd4-6ac4-4f34-9102-875cf0cba750",
    "data": [
      {
        "text": "stop the ",
        "userDefined": false
      },
      {
        "text": "music",
        "meta": "@sys.ignore",
        "userDefined": true
      }
    ],
    "isTemplate": false,
    "count": 0,
    "updated": 0
  }
]