[
  {
    "id": "28ccfe92-da79-4537-98e6-eb459bd75e83",
    "data": [
      {
        "text": "shuffle ",
        "userDefined": false
      },
      {
        "text": "Lucky Star",
        "alias": "album",
        "meta": "@music-album",
        "userDefined": true
      },
      {
        "text": " album by ",
        "userDefined": false
      },
      {
        "text": "Madonna",
        "alias": "artist",
        "meta": "@sys.music-artist",
        "userDefined": true
      },
      {
        "text": " year ",
        "userDefined": false
      },
      {
        "text": "1968",
        "alias": "year",
        "meta": "@sys.number",
        "userDefined": true
      }
    ],
    "isTemplate": false,
    "count": 0,
    "updated": 0
  },
  {
    "id": "70101ac6-00a0-4c75-ad40-47384664c210",
    "data": [
      {
        "text": "shuffle ",
        "userDefined": false
      },
      {
        "text": "country",
        "alias": "genre",
        "meta": "@sys.music-genre",
        "userDefined": true
      },
      {
        "text": " music ",
        "userDefined": false
      },
      {
        "text": "on",
        "meta": "@sys.ignore",
        "userDefined": true
      },
      {
        "text": " my device",
        "userDefined": false
      }
    ],
    "isTemplate": false,
    "count": 0,
    "updated": 0
  },
  {
    "id": "6dcf26c6-5604-4783-83ac-5169fe41a043",
    "data": [
      {
        "text": "shuffle ",
        "userDefined": false
      },
      {
        "text": "White Album",
        "alias": "album",
        "meta": "@music-album",
        "userDefined": true
      },
      {
        "text": " by ",
        "userDefined": false
      },
      {
        "text": "The Beatles",
        "alias": "artist",
        "meta": "@sys.music-artist",
        "userDefined": true
      }
    ],
    "isTemplate": false,
    "count": 0,
    "updated": 0
  },
  {
    "id": "f4e15962-0428-44ad-85ac-e7fa6a2fba69",
    "data": [
      {
        "text": "could you shuffle my ",
        "userDefined": false
      },
      {
        "text": "Work",
        "alias": "playlist",
        "meta": "@playlist",
        "userDefined": true
      },
      {
        "text": " playlist",
        "userDefined": false
      }
    ],
    "isTemplate": false,
    "count": 0,
    "updated": 0
  },
  {
    "id": "c89e7cc3-2e90-47a9-bcda-2abe4162e45f",
    "data": [
      {
        "text": "shuffle ",
        "userDefined": false
      },
      {
        "text": "songs",
        "meta": "@sys.ignore",
        "userDefined": false
      },
      {
        "text": " from ",
        "userDefined": false
      },
      {
        "text": "the year",
        "meta": "@sys.ignore",
        "userDefined": false
      },
      {
        "text": " ",
        "userDefined": false
      },
      {
        "text": "2000",
        "alias": "year",
        "meta": "@sys.number",
        "userDefined": false
      }
    ],
    "isTemplate": false,
    "count": 0,
    "updated": 0
  },
  {
    "id": "51d45f9f-f400-4e96-aebc-3f4675f89248",
    "data": [
      {
        "text": "shuffle songs by ",
        "userDefined": false
      },
      {
        "text": "Rihanna",
        "alias": "artist",
        "meta": "@sys.music-artist",
        "userDefined": true
      },
      {
        "text": " feat ",
        "userDefined": false
      },
      {
        "text": "Eminem",
        "alias": "artist",
        "meta": "@sys.music-artist",
        "userDefined": true
      }
    ],
    "isTemplate": false,
    "count": 0,
    "updated": 0
  },
  {
    "id": "d50722c9-b991-42bb-b292-dfa3227085c9",
    "data": [
      {
        "text": "shuffle ",
        "userDefined": false
      },
      {
        "text": "Nirvana",
        "alias": "artist",
        "meta": "@sys.music-artist",
        "userDefined": true
      },
      {
        "text": "\u0027s ",
        "userDefined": false
      },
      {
        "text": "Nevermind",
        "alias": "album",
        "meta": "@music-album",
        "userDefined": true
      },
      {
        "text": " album",
        "userDefined": false
      }
    ],
    "isTemplate": false,
    "count": 0,
    "updated": 0
  },
  {
    "id": "5e18a536-2aa3-4f0a-a196-33863a5f4abd",
    "data": [
      {
        "text": "shuffle the album ",
        "userDefined": false
      },
      {
        "text": "Songs about Jane",
        "alias": "album",
        "meta": "@music-album",
        "userDefined": true
      }
    ],
    "isTemplate": false,
    "count": 0,
    "updated": 0
  },
  {
    "id": "45bac670-e673-4b31-aecd-3a864ec789fd",
    "data": [
      {
        "text": "I\u0027d like you to shuffle my ",
        "userDefined": false
      },
      {
        "text": "Gym",
        "alias": "playlist",
        "meta": "@playlist",
        "userDefined": true
      },
      {
        "text": " playlist",
        "userDefined": false
      }
    ],
    "isTemplate": false,
    "count": 0,
    "updated": 0
  },
  {
    "id": "c6794a15-31f3-4973-bf01-e7a49acc4663",
    "data": [
      {
        "text": "shuffle ",
        "userDefined": false
      },
      {
        "text": "Eminem",
        "alias": "artist",
        "meta": "@sys.music-artist",
        "userDefined": true
      },
      {
        "text": "\u0027s songs",
        "userDefined": false
      }
    ],
    "isTemplate": false,
    "count": 0,
    "updated": 0
  },
  {
    "id": "5603daca-b229-48f9-914b-cca91b1cacde",
    "data": [
      {
        "text": "shuffle ",
        "userDefined": false
      },
      {
        "text": "Kanye West",
        "alias": "artist",
        "meta": "@sys.music-artist",
        "userDefined": true
      },
      {
        "text": "\u0027s albums",
        "userDefined": false
      }
    ],
    "isTemplate": false,
    "count": 0,
    "updated": 0
  },
  {
    "id": "75b62ec9-8227-40e3-b9fe-36b9584d78b6",
    "data": [
      {
        "text": "shuffle my playlist",
        "userDefined": false
      }
    ],
    "isTemplate": false,
    "count": 0,
    "updated": 0
  },
  {
    "id": "432233cd-5855-4fec-ad31-f773794d54cc",
    "data": [
      {
        "text": "shuffle ",
        "userDefined": false
      },
      {
        "text": "all",
        "meta": "@sys.ignore",
        "userDefined": true
      },
      {
        "text": " my ",
        "userDefined": false
      },
      {
        "text": "jazz",
        "alias": "genre",
        "meta": "@sys.music-genre",
        "userDefined": true
      },
      {
        "text": " ",
        "userDefined": false
      },
      {
        "text": "music",
        "meta": "@sys.ignore",
        "userDefined": true
      }
    ],
    "isTemplate": false,
    "count": 0,
    "updated": 0
  },
  {
    "id": "3db00e37-aecb-42dc-8732-458a1df7b365",
    "data": [
      {
        "text": "can you shuffle tracks",
        "userDefined": false
      }
    ],
    "isTemplate": false,
    "count": 0,
    "updated": 0
  },
  {
    "id": "40280911-6cba-440c-8ade-79e375cc3001",
    "data": [
      {
        "text": "shuffle ",
        "userDefined": false
      },
      {
        "text": "Faves",
        "alias": "playlist",
        "meta": "@playlist",
        "userDefined": true
      },
      {
        "text": " playlist",
        "userDefined": false
      }
    ],
    "isTemplate": false,
    "count": 0,
    "updated": 0
  }
]