[
  {
    "id": "f387d020-df58-4f16-a5cf-08f6f03858ee",
    "data": [
      {
        "text": "pause playing",
        "userDefined": false
      }
    ],
    "isTemplate": false,
    "count": 0,
    "updated": 0
  },
  {
    "id": "55e250d0-ff44-479c-a927-4487c74d886f",
    "data": [
      {
        "text": "pause this song",
        "userDefined": false
      }
    ],
    "isTemplate": false,
    "count": 0,
    "updated": 0
  },
  {
    "id": "6959c8d3-47e8-4cec-9cf4-38b10c7c9be4",
    "data": [
      {
        "text": "pause song",
        "userDefined": false
      }
    ],
    "isTemplate": false,
    "count": 0,
    "updated": 0
  },
  {
    "id": "e16114c5-be59-4114-8789-6d3d46c5c3e4",
    "data": [
      {
        "text": "pause",
        "userDefined": false
      }
    ],
    "isTemplate": false,
    "count": 0,
    "updated": 0
  },
  {
    "id": "c192c92f-089a-42d5-bd8b-4bd434d9be77",
    "data": [
      {
        "text": "can you pause ",
        "userDefined": false
      },
      {
        "text": "it",
        "meta": "@sys.ignore",
        "userDefined": false
      }
    ],
    "isTemplate": false,
    "count": 0,
    "updated": 0
  },
  {
    "id": "4baffb59-8c72-411d-9987-a912975fca72",
    "data": [
      {
        "text": "put it on pause",
        "userDefined": false
      }
    ],
    "isTemplate": false,
    "count": 0,
    "updated": 0
  },
  {
    "id": "7045d8e7-b43a-405c-b742-7808d1644f26",
    "data": [
      {
        "text": "please pause",
        "userDefined": false
      }
    ],
    "isTemplate": false,
    "count": 0,
    "updated": 0
  },
  {
    "id": "d0402b8e-a9c8-46b3-9b83-37ae249f854b",
    "data": [
      {
        "text": "pause ",
        "userDefined": false
      },
      {
        "text": "it",
        "meta": "@sys.ignore",
        "userDefined": false
      }
    ],
    "isTemplate": false,
    "count": 0,
    "updated": 0
  }
]