[
  {
    "id": "f062a5d0-aad8-4aa2-bd9c-087e57486c8f",
    "data": [
      {
        "text": "shuffle",
        "userDefined": false
      }
    ],
    "isTemplate": false,
    "count": 0,
    "updated": 0
  },
  {
    "id": "c4aa15b9-1275-4ca6-8c98-4f5aa7fdfc5d",
    "data": [
      {
        "text": "shuffle mode on",
        "userDefined": false
      }
    ],
    "isTemplate": false,
    "count": 0,
    "updated": 0
  },
  {
    "id": "d4dc2570-5755-434f-988b-876633abdf76",
    "data": [
      {
        "text": "shuffle this playlist",
        "userDefined": false
      }
    ],
    "isTemplate": false,
    "count": 0,
    "updated": 0
  },
  {
    "id": "dc41da6d-fe99-43ea-ae35-2d15731228df",
    "data": [
      {
        "text": "turn on shuffle mode",
        "userDefined": false
      }
    ],
    "isTemplate": false,
    "count": 0,
    "updated": 0
  },
  {
    "id": "29b80c88-6ddd-43ef-b37d-6c171f72af12",
    "data": [
      {
        "text": "shuffle them",
        "userDefined": false
      }
    ],
    "isTemplate": false,
    "count": 0,
    "updated": 0
  }
]