[
  {
    "id": "7c96cec1-b892-4d2a-84d7-736c90c33c7c",
    "data": [
      {
        "text": "put this track into my favourites",
        "userDefined": false
      }
    ],
    "isTemplate": false,
    "count": 0,
    "updated": 0
  },
  {
    "id": "acc73078-6b0a-4f71-b68b-a5642d72d071",
    "data": [
      {
        "text": "add this song to my ",
        "userDefined": false
      },
      {
        "text": "favourites",
        "meta": "@sys.ignore",
        "userDefined": false
      }
    ],
    "isTemplate": false,
    "count": 0,
    "updated": 0
  },
  {
    "id": "692e8f59-7b2a-44a5-8d84-2bcf0a532e72",
    "data": [
      {
        "text": "add this song to ",
        "userDefined": false
      },
      {
        "text": "favorite",
        "meta": "@sys.ignore",
        "userDefined": false
      }
    ],
    "isTemplate": false,
    "count": 0,
    "updated": 0
  },
  {
    "id": "134c9296-9703-4092-98c3-e67d5773e198",
    "data": [
      {
        "text": "favourite",
        "meta": "@sys.ignore",
        "userDefined": false
      },
      {
        "text": " this song",
        "userDefined": false
      }
    ],
    "isTemplate": false,
    "count": 0,
    "updated": 0
  },
  {
    "id": "eb425d87-06b2-423c-8e27-b405482aa32a",
    "data": [
      {
        "text": "fave",
        "meta": "@sys.ignore",
        "userDefined": false
      },
      {
        "text": " this song",
        "userDefined": false
      }
    ],
    "isTemplate": false,
    "count": 0,
    "updated": 0
  },
  {
    "id": "4ea7a730-4c6d-42e9-8b3e-994b4ac4fac6",
    "data": [
      {
        "text": "add it to ",
        "userDefined": false
      },
      {
        "text": "my favourites",
        "meta": "@sys.ignore",
        "userDefined": false
      }
    ],
    "isTemplate": false,
    "count": 0,
    "updated": 0
  },
  {
    "id": "9bb9fcb8-678e-480f-b506-e624c3c78497",
    "data": [
      {
        "text": "remember this song",
        "userDefined": false
      }
    ],
    "isTemplate": false,
    "count": 0,
    "updated": 0
  },
  {
    "id": "21b48672-e130-4c1e-9d43-b5256011c81c",
    "data": [
      {
        "text": "could you mark it as favourite",
        "userDefined": false
      }
    ],
    "isTemplate": false,
    "count": 0,
    "updated": 0
  },
  {
    "id": "0f4d3b78-85f2-418e-abd5-0d73933c05e7",
    "data": [
      {
        "text": "add to ",
        "userDefined": false
      },
      {
        "text": "faves",
        "meta": "@sys.ignore",
        "userDefined": false
      }
    ],
    "isTemplate": false,
    "count": 0,
    "updated": 0
  },
  {
    "id": "2820f754-35a3-48c0-bc78-109325343d44",
    "data": [
      {
        "text": "I",
        "meta": "@sys.ignore",
        "userDefined": false
      },
      {
        "text": " ",
        "userDefined": false
      },
      {
        "text": "love",
        "meta": "@sys.ignore",
        "userDefined": false
      },
      {
        "text": " this song",
        "userDefined": false
      }
    ],
    "isTemplate": false,
    "count": 0,
    "updated": 0
  },
  {
    "id": "cf7c55b4-c245-4593-9283-54baa8acf64a",
    "data": [
      {
        "text": "it\u0027s my favourite",
        "userDefined": false
      }
    ],
    "isTemplate": false,
    "count": 0,
    "updated": 0
  }
]