[
  {
    "id": "eaceb8b1-052d-4d0a-965e-32f29e62d718",
    "data": [
      {
        "text": "it\u0027s my b-day",
        "userDefined": false
      }
    ],
    "isTemplate": false,
    "count": 0,
    "updated": 0
  },
  {
    "id": "26b190ec-556e-4c02-95a9-ec1c21958bf3",
    "data": [
      {
        "text": "it",
        "meta": "@sys.ignore",
        "userDefined": false
      },
      {
        "text": " is my ",
        "userDefined": false
      },
      {
        "text": "birthday",
        "meta": "@sys.ignore",
        "userDefined": false
      }
    ],
    "isTemplate": false,
    "count": 0,
    "updated": 0
  },
  {
    "id": "d832ea02-c2bd-4b2d-ba67-9d955ad9ec78",
    "data": [
      {
        "text": "today",
        "meta": "@sys.ignore",
        "userDefined": false
      },
      {
        "text": " is my ",
        "userDefined": false
      },
      {
        "text": "birthday",
        "meta": "@sys.ignore",
        "userDefined": false
      }
    ],
    "isTemplate": false,
    "count": 0,
    "updated": 0
  },
  {
    "id": "e52a26b5-81bb-4463-be95-ee8f30ab6487",
    "data": [
      {
        "text": "I was born today",
        "userDefined": false
      }
    ],
    "isTemplate": false,
    "count": 0,
    "updated": 0
  },
  {
    "id": "ee2288a6-7e86-4695-bf56-d7ec167fc45f",
    "data": [
      {
        "text": "it\u0027s my birthday today",
        "userDefined": false
      }
    ],
    "isTemplate": false,
    "count": 0,
    "updated": 0
  },
  {
    "id": "eff19d85-4d90-47e2-a6c6-f52625927225",
    "data": [
      {
        "text": "I\u0027m celebrating my birthday today",
        "userDefined": false
      }
    ],
    "isTemplate": false,
    "count": 0,
    "updated": 0
  }
]