[
  {
    "id": "73ed70d0-8808-41ce-b673-f09960411808",
    "data": [
      {
        "text": "welcome",
        "meta": "@sys.ignore",
        "userDefined": false
      },
      {
        "text": " ",
        "userDefined": false
      },
      {
        "text": "here",
        "meta": "@sys.ignore",
        "userDefined": false
      }
    ],
    "isTemplate": false,
    "count": 0,
    "updated": 0
  },
  {
    "id": "a127955f-63cf-433a-8850-4981a22b916f",
    "data": [
      {
        "text": "anytime",
        "userDefined": false
      }
    ],
    "isTemplate": false,
    "count": 0,
    "updated": 0
  },
  {
    "id": "796a7a28-21c5-42a0-81cc-24e00908fbc5",
    "data": [
      {
        "text": "sure",
        "meta": "@sys.ignore",
        "userDefined": false
      },
      {
        "text": " ",
        "userDefined": false
      },
      {
        "text": "welcome",
        "meta": "@sys.ignore",
        "userDefined": false
      }
    ],
    "isTemplate": false,
    "count": 0,
    "updated": 0
  },
  {
    "id": "2ebc49b8-f3fd-4a74-b795-778c75f12423",
    "data": [
      {
        "text": "you\u0027re so ",
        "userDefined": false
      },
      {
        "text": "welcome",
        "meta": "@sys.ignore",
        "userDefined": false
      }
    ],
    "isTemplate": false,
    "count": 0,
    "updated": 0
  },
  {
    "id": "c6ceedaa-2bfc-40d4-aead-6e2613193b11",
    "data": [
      {
        "text": "anything you want",
        "userDefined": false
      }
    ],
    "isTemplate": false,
    "count": 0,
    "updated": 0
  },
  {
    "id": "acce4910-14c8-41f7-ad61-5f0e31a841c9",
    "data": [
      {
        "text": "that\u0027s my pleasure",
        "userDefined": false
      }
    ],
    "isTemplate": false,
    "count": 0,
    "updated": 0
  },
  {
    "id": "855bca07-2f34-4738-909a-7cfa10c09a82",
    "data": [
      {
        "text": "welcome",
        "meta": "@sys.ignore",
        "userDefined": false
      }
    ],
    "isTemplate": false,
    "count": 0,
    "updated": 0
  },
  {
    "id": "16dab568-b307-41c3-978a-dfa153ccf5c0",
    "data": [
      {
        "text": "my pleasure",
        "userDefined": false
      }
    ],
    "isTemplate": false,
    "count": 0,
    "updated": 0
  },
  {
    "id": "3fa95925-840c-4bb3-a53b-ec60af9a1f3f",
    "data": [
      {
        "text": "you\u0027re ",
        "userDefined": false
      },
      {
        "text": "welcome",
        "meta": "@sys.ignore",
        "userDefined": false
      }
    ],
    "isTemplate": false,
    "count": 0,
    "updated": 0
  }
]