[
  {
    "id": "4e7002c9-9b24-4ffb-be3b-3a1df96489c9",
    "data": [
      {
        "text": "not needed",
        "userDefined": false
      }
    ],
    "isTemplate": false,
    "count": 0,
    "updated": 0
  },
  {
    "id": "6dc5ef9d-4814-4ba8-b1dc-7c646e967314",
    "data": [
      {
        "text": "no sorry",
        "userDefined": false
      }
    ],
    "isTemplate": false,
    "count": 0,
    "updated": 0
  },
  {
    "id": "02f7146a-3b07-4924-8d29-f70074f64bd9",
    "data": [
      {
        "text": "no",
        "userDefined": false
      }
    ],
    "isTemplate": false,
    "count": 0,
    "updated": 0
  },
  {
    "id": "03628e8b-852c-4a7f-ad0b-26369dfd7f34",
    "data": [
      {
        "text": "no incorrect",
        "userDefined": false
      }
    ],
    "isTemplate": false,
    "count": 0,
    "updated": 0
  },
  {
    "id": "9a95afff-193e-4347-a88f-212a04579823",
    "data": [
      {
        "text": "apparently not",
        "userDefined": false
      }
    ],
    "isTemplate": false,
    "count": 0,
    "updated": 0
  },
  {
    "id": "fda26fae-9f54-4367-967d-52a729785c1a",
    "data": [
      {
        "text": "of",
        "meta": "@sys.ignore",
        "userDefined": false
      },
      {
        "text": " course not",
        "userDefined": false
      }
    ],
    "isTemplate": false,
    "count": 0,
    "updated": 0
  },
  {
    "id": "6cdc6ad3-dee8-497d-83ad-3f2170d236d9",
    "data": [
      {
        "text": "not at this time",
        "userDefined": false
      }
    ],
    "isTemplate": false,
    "count": 0,
    "updated": 0
  },
  {
    "id": "77e57653-5a10-4500-b318-7ff8f17b94e8",
    "data": [
      {
        "text": "no forget",
        "userDefined": false
      }
    ],
    "isTemplate": false,
    "count": 0,
    "updated": 0
  },
  {
    "id": "5dd0fe88-8a24-4670-b5e1-9a5aaf00528f",
    "data": [
      {
        "text": "no thanks",
        "userDefined": false
      }
    ],
    "isTemplate": false,
    "count": 1,
    "updated": 0
  },
  {
    "id": "ae0bc603-d573-419e-be52-d44c5fc419c7",
    "data": [
      {
        "text": "actually no",
        "userDefined": false
      }
    ],
    "isTemplate": false,
    "count": 1,
    "updated": 0
  },
  {
    "id": "7a7d99de-8b81-49df-afc9-61c842a17644",
    "data": [
      {
        "text": "no tanks",
        "userDefined": false
      }
    ],
    "isTemplate": false,
    "count": 0,
    "updated": 0
  },
  {
    "id": "d1939871-2749-42f5-9a1c-cae1bc8f27f4",
    "data": [
      {
        "text": "absolutely no",
        "userDefined": false
      }
    ],
    "isTemplate": false,
    "count": 0,
    "updated": 0
  },
  {
    "id": "b66fb18a-3fae-4895-a4c5-17add477aabd",
    "data": [
      {
        "text": "don\u0027t",
        "userDefined": false
      }
    ],
    "isTemplate": false,
    "count": 0,
    "updated": 0
  },
  {
    "id": "9005d1da-92a9-4a5a-981a-0c1fa0c167a6",
    "data": [
      {
        "text": "no ",
        "userDefined": false
      },
      {
        "text": "leave",
        "meta": "@sys.ignore",
        "userDefined": false
      },
      {
        "text": " ",
        "userDefined": false
      },
      {
        "text": "it",
        "meta": "@sys.ignore",
        "userDefined": false
      }
    ],
    "isTemplate": false,
    "count": 0,
    "updated": 0
  },
  {
    "id": "9338d21b-d229-452f-9879-2f8a84169c29",
    "data": [
      {
        "text": "na",
        "userDefined": false
      }
    ],
    "isTemplate": false,
    "count": 0,
    "updated": 0
  },
  {
    "id": "4f45cc08-543e-4bc4-b25d-0b6e0cb810ff",
    "data": [
      {
        "text": "nope sorry",
        "userDefined": false
      }
    ],
    "isTemplate": false,
    "count": 0,
    "updated": 0
  },
  {
    "id": "cdc1ef69-dc59-4a43-8f2d-1cca4e73fa77",
    "data": [
      {
        "text": "not really",
        "userDefined": false
      }
    ],
    "isTemplate": false,
    "count": 1,
    "updated": 0
  },
  {
    "id": "b70034de-617b-4679-96d7-2b7105731e70",
    "data": [
      {
        "text": "no thank you though",
        "userDefined": false
      }
    ],
    "isTemplate": false,
    "count": 0,
    "updated": 0
  },
  {
    "id": "c4c0f049-4731-4719-8984-c24f7f178e23",
    "data": [
      {
        "text": "don",
        "meta": "@sys.ignore",
        "userDefined": false
      },
      {
        "text": "\u0027t",
        "userDefined": false
      }
    ],
    "isTemplate": false,
    "count": 0,
    "updated": 0
  },
  {
    "id": "f87df505-f2d1-45e7-98e7-b59c37b97888",
    "data": [
      {
        "text": "no ",
        "userDefined": false
      },
      {
        "text": "it\u0027s",
        "meta": "@sys.ignore",
        "userDefined": false
      },
      {
        "text": " not",
        "userDefined": false
      }
    ],
    "isTemplate": false,
    "count": 0,
    "updated": 0
  },
  {
    "id": "29ff9516-d729-4414-be05-530e11643d8c",
    "data": [
      {
        "text": "no but thank you",
        "userDefined": false
      }
    ],
    "isTemplate": false,
    "count": 0,
    "updated": 0
  },
  {
    "id": "1609fd72-f601-41b3-8e84-06ebe9bf6d70",
    "data": [
      {
        "text": "no actually",
        "userDefined": false
      }
    ],
    "isTemplate": false,
    "count": 1,
    "updated": 0
  },
  {
    "id": "77b982d2-5993-4c0a-8de5-23d229c7130e",
    "data": [
      {
        "text": "no ",
        "userDefined": false
      },
      {
        "text": "it",
        "meta": "@sys.ignore",
        "userDefined": false
      },
      {
        "text": " isn\u0027t",
        "userDefined": false
      }
    ],
    "isTemplate": false,
    "count": 0,
    "updated": 0
  },
  {
    "id": "1e1b1482-78ad-46a0-a80f-f34edddcafc5",
    "data": [
      {
        "text": "no that\u0027s wrong",
        "userDefined": false
      }
    ],
    "isTemplate": false,
    "count": 0,
    "updated": 0
  },
  {
    "id": "0c8e6a37-4295-404b-bf84-dd778bf4c56a",
    "data": [
      {
        "text": "I ",
        "userDefined": false
      },
      {
        "text": "don",
        "meta": "@sys.ignore",
        "userDefined": false
      },
      {
        "text": "\u0027t want that",
        "userDefined": false
      }
    ],
    "isTemplate": false,
    "count": 0,
    "updated": 0
  },
  {
    "id": "0bcc8410-3234-455d-a962-a2c843585f5b",
    "data": [
      {
        "text": "no ",
        "userDefined": false
      },
      {
        "text": "thank you",
        "meta": "@sys.ignore",
        "userDefined": false
      },
      {
        "text": " not ",
        "userDefined": false
      },
      {
        "text": "right now",
        "meta": "@sys.ignore",
        "userDefined": false
      }
    ],
    "isTemplate": false,
    "count": 0,
    "updated": 0
  },
  {
    "id": "95841a8d-1e72-4843-91df-b3563cbb8032",
    "data": [
      {
        "text": "sorry no",
        "userDefined": false
      }
    ],
    "isTemplate": false,
    "count": 0,
    "updated": 0
  },
  {
    "id": "5ed2b230-64ea-4617-b1ca-0d7316c6b24f",
    "data": [
      {
        "text": "nooo",
        "userDefined": false
      }
    ],
    "isTemplate": false,
    "count": 0,
    "updated": 0
  },
  {
    "id": "d99d3693-fb80-4d22-9ff8-3a69a5483dfb",
    "data": [
      {
        "text": "no thank you very much",
        "userDefined": false
      }
    ],
    "isTemplate": false,
    "count": 0,
    "updated": 0
  },
  {
    "id": "4b6cee2d-7d26-4780-94a8-f718e8ee5cf7",
    "data": [
      {
        "text": "do not",
        "userDefined": false
      }
    ],
    "isTemplate": false,
    "count": 0,
    "updated": 0
  },
  {
    "id": "f6d46d02-00a9-48bd-8358-3f8648ef85f8",
    "data": [
      {
        "text": "no do not",
        "userDefined": false
      }
    ],
    "isTemplate": false,
    "count": 0,
    "updated": 0
  },
  {
    "id": "9a58b52b-b836-43d3-bb98-28ba4e0a5440",
    "data": [
      {
        "text": "no don\u0027t",
        "userDefined": false
      }
    ],
    "isTemplate": false,
    "count": 0,
    "updated": 0
  },
  {
    "id": "6d145d53-97d5-4911-a818-f27a095fa907",
    "data": [
      {
        "text": "no need thanks",
        "userDefined": false
      }
    ],
    "isTemplate": false,
    "count": 0,
    "updated": 0
  },
  {
    "id": "7d21dcec-db7f-499f-87fb-8653ffad5663",
    "data": [
      {
        "text": "I say no",
        "userDefined": false
      }
    ],
    "isTemplate": false,
    "count": 0,
    "updated": 0
  },
  {
    "id": "cb0e25e9-0321-408b-a497-75ee1413cc63",
    "data": [
      {
        "text": "I said no",
        "userDefined": false
      }
    ],
    "isTemplate": false,
    "count": 0,
    "updated": 0
  },
  {
    "id": "fe8277dc-722f-475a-af24-4e52ec001123",
    "data": [
      {
        "text": "not ",
        "userDefined": false
      },
      {
        "text": "today",
        "meta": "@sys.ignore",
        "userDefined": false
      }
    ],
    "isTemplate": false,
    "count": 0,
    "updated": 0
  },
  {
    "id": "981a9d1e-fad6-4ab8-8913-11f8baaa8c4e",
    "data": [
      {
        "text": "not that",
        "userDefined": false
      }
    ],
    "isTemplate": false,
    "count": 0,
    "updated": 0
  },
  {
    "id": "6f9ca94d-56a6-42c7-a2d0-381e3a25c48a",
    "data": [
      {
        "text": "no ",
        "userDefined": false
      },
      {
        "text": "don\u0027",
        "meta": "@sys.ignore",
        "userDefined": false
      },
      {
        "text": "t do that",
        "userDefined": false
      }
    ],
    "isTemplate": false,
    "count": 0,
    "updated": 0
  },
  {
    "id": "5a70a002-0dde-4ce6-8e4e-d8e4af0e9100",
    "data": [
      {
        "text": "absolutely not",
        "userDefined": false
      }
    ],
    "isTemplate": false,
    "count": 1,
    "updated": 0
  },
  {
    "id": "ec28a57b-0ead-4dfa-9cc3-e6d1a674d1a3",
    "data": [
      {
        "text": "no just no",
        "userDefined": false
      }
    ],
    "isTemplate": false,
    "count": 0,
    "updated": 0
  },
  {
    "id": "05734db8-a3d2-432b-aa37-e30481189d1f",
    "data": [
      {
        "text": "don t have a sense",
        "userDefined": false
      }
    ],
    "isTemplate": false,
    "count": 0,
    "updated": 0
  },
  {
    "id": "a67606c1-e713-40b0-af1c-53081708242d",
    "data": [
      {
        "text": "not really no",
        "userDefined": false
      }
    ],
    "isTemplate": false,
    "count": 0,
    "updated": 0
  },
  {
    "id": "1d91fc74-9915-4dd7-a051-54c97f2919f3",
    "data": [
      {
        "text": "not exactly",
        "userDefined": false
      }
    ],
    "isTemplate": false,
    "count": 0,
    "updated": 0
  },
  {
    "id": "f76133cf-2063-4ba8-8449-069d45427389",
    "data": [
      {
        "text": "no thanks not right now",
        "userDefined": false
      }
    ],
    "isTemplate": false,
    "count": 0,
    "updated": 0
  },
  {
    "id": "06433f9a-acd9-4cd5-b1c2-306d320e2ace",
    "data": [
      {
        "text": "thanks but no thanks",
        "userDefined": false
      }
    ],
    "isTemplate": false,
    "count": 0,
    "updated": 0
  },
  {
    "id": "6f085499-752a-4149-b1e5-7ac61b0b112c",
    "data": [
      {
        "text": "I think no",
        "userDefined": false
      }
    ],
    "isTemplate": false,
    "count": 0,
    "updated": 0
  },
  {
    "id": "6b6edda0-119d-4d5f-9f00-cdbd135bbbf2",
    "data": [
      {
        "text": "not interested",
        "userDefined": false
      }
    ],
    "isTemplate": false,
    "count": 0,
    "updated": 0
  },
  {
    "id": "43d8c8ce-5aca-46a1-9a9d-b2630de6c524",
    "data": [
      {
        "text": "I ",
        "userDefined": false
      },
      {
        "text": "don\u0027t",
        "meta": "@sys.ignore",
        "userDefined": false
      },
      {
        "text": " want to",
        "userDefined": false
      }
    ],
    "isTemplate": false,
    "count": 0,
    "updated": 0
  },
  {
    "id": "47065965-3ad2-4ad1-890e-ba2c3f6eb50e",
    "data": [
      {
        "text": "I\u0027m not",
        "userDefined": false
      }
    ],
    "isTemplate": false,
    "count": 1,
    "updated": 0
  },
  {
    "id": "bc6988c7-0b72-4208-a0c3-c4216068827f",
    "data": [
      {
        "text": "no that\u0027s ",
        "userDefined": false
      },
      {
        "text": "fine",
        "meta": "@sys.ignore",
        "userDefined": false
      },
      {
        "text": " ",
        "userDefined": false
      },
      {
        "text": "thank you",
        "meta": "@sys.ignore",
        "userDefined": false
      }
    ],
    "isTemplate": false,
    "count": 0,
    "updated": 0
  },
  {
    "id": "32a365da-d69e-4a28-a99f-c393f15e7d5d",
    "data": [
      {
        "text": "no way",
        "userDefined": false
      }
    ],
    "isTemplate": false,
    "count": 0,
    "updated": 0
  },
  {
    "id": "9affbf4e-12e3-4674-9106-d2fe17832730",
    "data": [
      {
        "text": "not this time",
        "userDefined": false
      }
    ],
    "isTemplate": false,
    "count": 0,
    "updated": 0
  },
  {
    "id": "b733e059-9c31-4994-bb60-f289e56223fc",
    "data": [
      {
        "text": "never",
        "userDefined": false
      }
    ],
    "isTemplate": false,
    "count": 0,
    "updated": 0
  },
  {
    "id": "86a8d1dd-190b-49ed-8ca3-0e28482867ae",
    "data": [
      {
        "text": "not ",
        "userDefined": false
      },
      {
        "text": "right now",
        "meta": "@sys.ignore",
        "userDefined": false
      },
      {
        "text": " thanks",
        "userDefined": false
      }
    ],
    "isTemplate": false,
    "count": 0,
    "updated": 0
  },
  {
    "id": "7f31da43-edd9-4206-8f49-37a4b6f137d9",
    "data": [
      {
        "text": "I ",
        "userDefined": false
      },
      {
        "text": "don\u0027t",
        "meta": "@sys.ignore",
        "userDefined": false
      },
      {
        "text": " think so",
        "userDefined": false
      }
    ],
    "isTemplate": false,
    "count": 0,
    "updated": 0
  },
  {
    "id": "658a2ba2-b824-42c6-9dd1-32dea3a6360a",
    "data": [
      {
        "text": "I disagree",
        "userDefined": false
      }
    ],
    "isTemplate": false,
    "count": 0,
    "updated": 0
  },
  {
    "id": "9d124f2e-e044-4a1e-93d2-0346dbcb07ce",
    "data": [
      {
        "text": "no never",
        "userDefined": false
      }
    ],
    "isTemplate": false,
    "count": 0,
    "updated": 0
  },
  {
    "id": "ad24261d-1a74-4a73-8a7e-191a0bb7d1ee",
    "data": [
      {
        "text": "no I ",
        "userDefined": false
      },
      {
        "text": "don\u0027t",
        "meta": "@sys.ignore",
        "userDefined": false
      }
    ],
    "isTemplate": false,
    "count": 0,
    "updated": 0
  },
  {
    "id": "62f4ea19-9f36-4126-bb3f-0697fde0ef7b",
    "data": [
      {
        "text": "let \u0027s not",
        "userDefined": false
      }
    ],
    "isTemplate": false,
    "count": 0,
    "updated": 0
  },
  {
    "id": "7ea8ba54-1685-4948-8e82-c673c6461634",
    "data": [
      {
        "text": "no need",
        "userDefined": false
      }
    ],
    "isTemplate": false,
    "count": 0,
    "updated": 0
  },
  {
    "id": "c5f4fdf8-3d97-4a68-b551-78ea5df86a25",
    "data": [
      {
        "text": "how ",
        "userDefined": false
      },
      {
        "text": "about",
        "meta": "@sys.ignore",
        "userDefined": false
      },
      {
        "text": " no",
        "userDefined": false
      }
    ],
    "isTemplate": false,
    "count": 0,
    "updated": 0
  },
  {
    "id": "b54baf9f-f22a-4ce7-b9c0-0b894573bd40",
    "data": [
      {
        "text": "definitely not",
        "userDefined": false
      }
    ],
    "isTemplate": false,
    "count": 0,
    "updated": 0
  },
  {
    "id": "c41d749b-f3ea-413c-a634-2d3714170cff",
    "data": [
      {
        "text": "no I would not",
        "userDefined": false
      }
    ],
    "isTemplate": false,
    "count": 0,
    "updated": 0
  },
  {
    "id": "0f9d74f4-6c5a-43a3-92a0-207246038736",
    "data": [
      {
        "text": "disagree",
        "userDefined": false
      }
    ],
    "isTemplate": false,
    "count": 0,
    "updated": 0
  },
  {
    "id": "9a919419-f2b7-4f2b-8761-4e42075e8a80",
    "data": [
      {
        "text": "nah",
        "userDefined": false
      }
    ],
    "isTemplate": false,
    "count": 0,
    "updated": 0
  },
  {
    "id": "564c4e36-7e78-419f-9081-08926843cd61",
    "data": [
      {
        "text": "I ",
        "userDefined": false
      },
      {
        "text": "don",
        "meta": "@sys.ignore",
        "userDefined": false
      },
      {
        "text": "\u0027t want",
        "userDefined": false
      }
    ],
    "isTemplate": false,
    "count": 0,
    "updated": 0
  },
  {
    "id": "65b049ad-3a76-49c1-8224-f8d892bc18a0",
    "data": [
      {
        "text": "not this",
        "userDefined": false
      }
    ],
    "isTemplate": false,
    "count": 0,
    "updated": 0
  },
  {
    "id": "538bb55b-0cbd-4eb7-9508-1c699984f5cd",
    "data": [
      {
        "text": "nope",
        "userDefined": false
      }
    ],
    "isTemplate": false,
    "count": 1,
    "updated": 0
  }
]