[
  {
    "id": "a4bd162a-6f10-4e6b-9237-e84a24d1ef01",
    "data": [
      {
        "text": "What\u0027s going on in your life ?",
        "userDefined": false
      }
    ],
    "isTemplate": false,
    "count": 0,
    "updated": 0
  },
  {
    "id": "a0f27423-194c-4fa8-87ec-62200017f08c",
    "data": [
      {
        "text": "What is your domain ?",
        "userDefined": false
      }
    ],
    "isTemplate": false,
    "count": 0,
    "updated": 0
  },
  {
    "id": "6aeb3a42-3973-4074-ac96-7f30e3ad3ec6",
    "data": [
      {
        "text": "What is a wellness bot ?",
        "userDefined": false
      }
    ],
    "isTemplate": false,
    "count": 0,
    "updated": 0
  },
  {
    "id": "e86dfe7d-cc12-4bfc-9025-815484d06ab3",
    "data": [
      {
        "text": "What are your functions ?",
        "userDefined": false
      }
    ],
    "isTemplate": false,
    "count": 0,
    "updated": 0
  },
  {
    "id": "ad1a6f0d-af93-453f-87ac-b45c147b3199",
    "data": [
      {
        "text": "How are you Amigo",
        "userDefined": false
      }
    ],
    "isTemplate": false,
    "count": 0,
    "updated": 0
  },
  {
    "id": "5f45cd79-5b28-4f58-ad8e-1eb51794e165",
    "data": [
      {
        "text": "What do you like",
        "userDefined": false
      }
    ],
    "isTemplate": false,
    "count": 0,
    "updated": 0
  },
  {
    "id": "1850ec62-e771-4e34-be04-72d60b240d98",
    "data": [
      {
        "text": "What is your gender",
        "userDefined": false
      }
    ],
    "isTemplate": false,
    "count": 0,
    "updated": 0
  },
  {
    "id": "35e6d601-e08e-4b7a-8a9b-0ff7653762dc",
    "data": [
      {
        "text": "How do you feel?",
        "userDefined": false
      }
    ],
    "isTemplate": false,
    "count": 0,
    "updated": 0
  },
  {
    "id": "59c8c3b5-b2de-47de-a7e4-7cdea55fe154",
    "data": [
      {
        "text": "What are you exactly?",
        "userDefined": false
      }
    ],
    "isTemplate": false,
    "count": 0,
    "updated": 0
  },
  {
    "id": "bcc496e2-dd18-4159-9991-a675de2dd2d9",
    "data": [
      {
        "text": "In what all ways can you help me?",
        "userDefined": false
      }
    ],
    "isTemplate": false,
    "count": 0,
    "updated": 0
  },
  {
    "id": "1f60b3cf-ea46-43bc-bdd7-9525dad65270",
    "data": [
      {
        "text": "What can you do?",
        "userDefined": false
      }
    ],
    "isTemplate": false,
    "count": 0,
    "updated": 0
  },
  {
    "id": "29fab1e4-f9e9-4b68-b73c-292a221d01ae",
    "data": [
      {
        "text": "how can you help me",
        "userDefined": false
      }
    ],
    "isTemplate": false,
    "count": 0,
    "updated": 0
  },
  {
    "id": "0cc33d67-cbdf-4371-8e30-5ef55d434c04",
    "data": [
      {
        "text": "what do you do",
        "userDefined": false
      }
    ],
    "isTemplate": false,
    "count": 0,
    "updated": 0
  },
  {
    "id": "31e90f17-21f5-4321-96be-6bc3ebc43adf",
    "data": [
      {
        "text": "what\u0027s your name",
        "userDefined": false
      }
    ],
    "isTemplate": false,
    "count": 0,
    "updated": 0
  },
  {
    "id": "36c079dc-d623-4d7a-97b5-aed628a8cd22",
    "data": [
      {
        "text": "who are you",
        "userDefined": false
      }
    ],
    "isTemplate": false,
    "count": 0,
    "updated": 0
  }
]