[
  {
    "id": "3dec748a-c5f6-4124-bc48-ef020f2bef1d",
    "data": [
      {
        "text": "i had a ",
        "userDefined": false
      },
      {
        "text": "good",
        "meta": "@happy",
        "alias": "happy",
        "userDefined": false
      },
      {
        "text": " day",
        "userDefined": false
      }
    ],
    "isTemplate": false,
    "count": 0,
    "lang": "en",
    "updated": 0
  },
  {
    "id": "60fcfd87-b668-4e98-9985-b5b048839ee0",
    "data": [
      {
        "text": "i feel ",
        "userDefined": false
      },
      {
        "text": "amazing",
        "meta": "@happy",
        "alias": "happy",
        "userDefined": false
      },
      {
        "text": ". my day was ",
        "userDefined": false
      },
      {
        "text": "amazing",
        "meta": "@happy",
        "alias": "happy",
        "userDefined": false
      }
    ],
    "isTemplate": false,
    "count": 0,
    "lang": "en",
    "updated": 0
  },
  {
    "id": "67e8e2dc-8e56-4ea8-8a03-bca4fa66f62a",
    "data": [
      {
        "text": "i feel ",
        "userDefined": false
      },
      {
        "text": "amazing",
        "meta": "@happy",
        "alias": "happy",
        "userDefined": false
      }
    ],
    "isTemplate": false,
    "count": 0,
    "lang": "en",
    "updated": 0
  },
  {
    "id": "22c96682-d901-4ece-b4b6-a81c70a39359",
    "data": [
      {
        "text": "i feel ",
        "userDefined": false
      },
      {
        "text": "good",
        "meta": "@happy",
        "alias": "happy",
        "userDefined": false
      }
    ],
    "isTemplate": false,
    "count": 0,
    "lang": "en",
    "updated": 0
  }
]