[
  {
    "id": "2f5ec7a0-5303-48bb-bafa-25bf9c8bc02f",
    "data": [
      {
        "text": "I think I might have depression",
        "userDefined": false
      }
    ],
    "isTemplate": false,
    "count": 0,
    "lang": "en",
    "updated": 0
  },
  {
    "id": "f26d69d7-9c7a-406a-8da1-f63030da22cd",
    "data": [
      {
        "text": "I am lonely",
        "userDefined": false
      }
    ],
    "isTemplate": false,
    "count": 0,
    "lang": "en",
    "updated": 0
  },
  {
    "id": "8de4b70c-4d79-4723-965c-4aad4af24983",
    "data": [
      {
        "text": "M feeling a bit weird",
        "userDefined": false
      }
    ],
    "isTemplate": false,
    "count": 0,
    "lang": "en",
    "updated": 0
  },
  {
    "id": "d4ceaf02-536f-402c-acfd-51d350e18b15",
    "data": [
      {
        "text": "Weird",
        "userDefined": false
      }
    ],
    "isTemplate": false,
    "count": 0,
    "lang": "en",
    "updated": 0
  },
  {
    "id": "a8f25b90-b8a9-4b4f-93a5-4a6d57571139",
    "data": [
      {
        "text": "I am not feeling well",
        "userDefined": false
      }
    ],
    "isTemplate": false,
    "count": 0,
    "lang": "en",
    "updated": 0
  },
  {
    "id": "a1722d27-d29d-446b-b8e9-35fd773e1f46",
    "data": [
      {
        "text": "i am feeling sad",
        "userDefined": false
      }
    ],
    "isTemplate": false,
    "count": 0,
    "lang": "en",
    "updated": 0
  }
]