[
  {
    "id": "31cc6072-4388-4a27-bebd-9a92106e8d83",
    "data": [
      {
        "text": "And friends with benefits?",
        "userDefined": false
      }
    ],
    "isTemplate": false,
    "count": 0,
    "lang": "en",
    "updated": 0
  },
  {
    "id": "6a470288-cea4-4448-a42a-61193e634f3c",
    "data": [
      {
        "text": "Can I get a coffee?",
        "userDefined": false
      }
    ],
    "isTemplate": false,
    "count": 1,
    "lang": "en",
    "updated": 0
  },
  {
    "id": "357c73ba-de92-40b0-a7be-20a1322aac60",
    "data": [
      {
        "text": "can you get me a coffee",
        "userDefined": false
      }
    ],
    "isTemplate": false,
    "count": 0,
    "lang": "en",
    "updated": 0
  },
  {
    "id": "a7ad48f2-dd34-47b2-b74e-c262d693210b",
    "data": [
      {
        "text": "Tell me a joke",
        "userDefined": false
      }
    ],
    "isTemplate": false,
    "count": 0,
    "lang": "en",
    "updated": 0
  },
  {
    "id": "e6e5f39e-a98d-4df0-972a-030518b2089d",
    "data": [
      {
        "text": "Order me coffee",
        "userDefined": false
      }
    ],
    "isTemplate": false,
    "count": 0,
    "lang": "en",
    "updated": 0
  },
  {
    "id": "4e1d69e3-f0f8-4f6f-9a91-443964d49f1a",
    "data": [
      {
        "text": "gimme news updates",
        "userDefined": false
      }
    ],
    "isTemplate": false,
    "count": 0,
    "lang": "en",
    "updated": 0
  },
  {
    "id": "76fe28b0-25f5-41ad-954b-f76664cb81fb",
    "data": [
      {
        "text": "tell me news updates",
        "userDefined": false
      }
    ],
    "isTemplate": false,
    "count": 0,
    "lang": "en",
    "updated": 0
  },
  {
    "id": "b232edd5-ab2b-4a07-b9b4-e9d60d237ab3",
    "data": [
      {
        "text": "can you get me a coffee?",
        "userDefined": false
      }
    ],
    "isTemplate": false,
    "count": 0,
    "lang": "en",
    "updated": 0
  }
]