[
  {
    "id": "3bd23fae-f99c-4a72-bc4b-9c12648d351c",
    "data": [
      {
        "text": "Aye",
        "meta": "@slangs",
        "alias": "slangs",
        "userDefined": false
      },
      {
        "text": " bhai😂",
        "userDefined": false
      }
    ],
    "isTemplate": false,
    "count": 0,
    "lang": "en",
    "updated": 0
  },
  {
    "id": "2fa6de2c-bf26-47cf-8b8d-62b0fb9dc8d0",
    "data": [
      {
        "text": "Aww thanks",
        "userDefined": false
      }
    ],
    "isTemplate": false,
    "count": 0,
    "lang": "en",
    "updated": 0
  },
  {
    "id": "ce83b2be-8e19-4a94-ae2d-22af4e7e34ea",
    "data": [
      {
        "text": "Aww",
        "userDefined": false
      }
    ],
    "isTemplate": false,
    "count": 0,
    "lang": "en",
    "updated": 0
  },
  {
    "id": "606bae9b-ad5b-430d-a2d0-7b6322e66fa4",
    "data": [
      {
        "text": "Suck",
        "userDefined": false
      }
    ],
    "isTemplate": false,
    "count": 0,
    "lang": "en",
    "updated": 0
  },
  {
    "id": "3691861f-7a98-487e-b84b-1dac9629139c",
    "data": [
      {
        "text": "Fuck off",
        "userDefined": false
      }
    ],
    "isTemplate": false,
    "count": 0,
    "lang": "en",
    "updated": 0
  },
  {
    "id": "b760d349-40ba-4f12-af83-0eae16d50076",
    "data": [
      {
        "text": "Lol",
        "meta": "@slangs",
        "alias": "slangs",
        "userDefined": false
      }
    ],
    "isTemplate": false,
    "count": 1,
    "lang": "en",
    "updated": 0
  },
  {
    "id": "1c89de08-9c54-485d-9551-11a5de468037",
    "data": [
      {
        "text": "F",
        "meta": "@slangs",
        "alias": "slangs",
        "userDefined": false
      }
    ],
    "isTemplate": false,
    "count": 0,
    "lang": "en",
    "updated": 0
  },
  {
    "id": "ba54f7bb-d73d-44f3-b720-f6a3ca063b21",
    "data": [
      {
        "text": "Ahaan",
        "meta": "@slangs",
        "alias": "slangs",
        "userDefined": false
      }
    ],
    "isTemplate": false,
    "count": 0,
    "lang": "en",
    "updated": 0
  },
  {
    "id": "56b73f88-5a2c-48a9-8bcc-b6a075ab6f68",
    "data": [
      {
        "text": "wdym",
        "userDefined": false
      }
    ],
    "isTemplate": false,
    "count": 0,
    "lang": "en",
    "updated": 0
  },
  {
    "id": "377d0d37-e637-4904-b5d2-dbdc463aeff7",
    "data": [
      {
        "text": "idc",
        "userDefined": false
      }
    ],
    "isTemplate": false,
    "count": 0,
    "lang": "en",
    "updated": 0
  },
  {
    "id": "ec37e9d6-4a7a-420d-a120-d1cc0c296830",
    "data": [
      {
        "text": "shit",
        "userDefined": false
      }
    ],
    "isTemplate": false,
    "count": 0,
    "lang": "en",
    "updated": 0
  },
  {
    "id": "bca3a2b1-5a94-406c-8ed5-fee6ef58aa5f",
    "data": [
      {
        "text": "rofl",
        "userDefined": false
      }
    ],
    "isTemplate": false,
    "count": 0,
    "lang": "en",
    "updated": 0
  },
  {
    "id": "05c44818-481a-4f87-95b5-a197cce880b4",
    "data": [
      {
        "text": "lmao",
        "userDefined": false
      }
    ],
    "isTemplate": false,
    "count": 0,
    "lang": "en",
    "updated": 0
  },
  {
    "id": "5c83ab11-1a7e-4b72-9249-bee7826c6f0e",
    "data": [
      {
        "text": "idek",
        "userDefined": false
      }
    ],
    "isTemplate": false,
    "count": 0,
    "lang": "en",
    "updated": 0
  },
  {
    "id": "412d4c8b-2f61-49fa-8197-91752524d497",
    "data": [
      {
        "text": "wtf",
        "userDefined": false
      }
    ],
    "isTemplate": false,
    "count": 0,
    "lang": "en",
    "updated": 0
  },
  {
    "id": "24f76c94-fba2-4c20-9e6f-6dd5f4ad1afe",
    "data": [
      {
        "text": "idk",
        "meta": "@slangs",
        "alias": "slangs",
        "userDefined": true
      }
    ],
    "isTemplate": false,
    "count": 0,
    "lang": "en",
    "updated": 0
  },
  {
    "id": "e88ee1e2-fb45-464a-9942-44da1ada2efd",
    "data": [
      {
        "text": "omg",
        "meta": "@slangs",
        "alias": "slangs",
        "userDefined": false
      }
    ],
    "isTemplate": false,
    "count": 0,
    "lang": "en",
    "updated": 0
  },
  {
    "id": "3812670c-6be9-485b-ad3f-d8932d9e6f97",
    "data": [
      {
        "text": "damn",
        "meta": "@slangs",
        "alias": "slangs",
        "userDefined": false
      }
    ],
    "isTemplate": false,
    "count": 0,
    "lang": "en",
    "updated": 0
  },
  {
    "id": "e5048a37-d3f7-4c6a-b957-2185b84c7563",
    "data": [
      {
        "text": "f",
        "meta": "@slangs",
        "alias": "slangs",
        "userDefined": false
      }
    ],
    "isTemplate": false,
    "count": 0,
    "lang": "en",
    "updated": 0
  }
]