[
  {
    "id": "295a3883-3d54-444d-bc31-91f91e82dff2",
    "data": [
      {
        "text": "tell me the ",
        "userDefined": false
      },
      {
        "text": "meaning of life",
        "alias": "meaning-of-life",
        "meta": "@meaning-of-life",
        "userDefined": true
      }
    ],
    "isTemplate": false,
    "count": 0,
    "updated": 0
  },
  {
    "id": "6ae43131-bc09-4071-bf42-c00f93d02266",
    "data": [
      {
        "text": "can you tell me the ",
        "userDefined": false
      },
      {
        "text": "meaning of life",
        "alias": "meaning-of-life",
        "meta": "@meaning-of-life",
        "userDefined": true
      }
    ],
    "isTemplate": false,
    "count": 0,
    "updated": 0
  },
  {
    "id": "bf8efc96-9a45-4256-a3f3-d55080ce0875",
    "data": [
      {
        "text": "life meaning",
        "alias": "meaning-of-life",
        "meta": "@meaning-of-life",
        "userDefined": true
      }
    ],
    "isTemplate": false,
    "count": 0,
    "updated": 0
  },
  {
    "id": "237a4000-3379-4e46-80b2-b37e128e2436",
    "data": [
      {
        "text": "what\u0027s the ",
        "userDefined": false
      },
      {
        "text": "meaning of life",
        "alias": "meaning-of-life",
        "meta": "@meaning-of-life",
        "userDefined": true
      }
    ],
    "isTemplate": false,
    "count": 0,
    "updated": 0
  },
  {
    "id": "d714f5e4-e133-42dc-840e-de2b6e2e83f1",
    "data": [
      {
        "text": "so what is the ",
        "userDefined": false
      },
      {
        "text": "meaning of life",
        "alias": "meaning-of-life",
        "meta": "@meaning-of-life",
        "userDefined": true
      }
    ],
    "isTemplate": false,
    "count": 0,
    "updated": 0
  },
  {
    "id": "3b7483e9-bd12-4a7b-8316-f94bfcb7ee41",
    "data": [
      {
        "text": "show me the ",
        "userDefined": false
      },
      {
        "text": "meaning of life",
        "alias": "meaning-of-life",
        "meta": "@meaning-of-life",
        "userDefined": true
      }
    ],
    "isTemplate": false,
    "count": 0,
    "updated": 0
  },
  {
    "id": "12cdffb7-6b05-45a9-997a-6832aeb1d9b8",
    "data": [
      {
        "text": "do you know the meaning ",
        "userDefined": false
      },
      {
        "text": "of",
        "meta": "@sys.ignore",
        "userDefined": false
      },
      {
        "text": " life",
        "userDefined": false
      }
    ],
    "isTemplate": false,
    "count": 0,
    "updated": 0
  },
  {
    "id": "b7736c57-6f60-41a3-bf84-64957e4badd4",
    "data": [
      {
        "text": "what\u0027s the meaning ",
        "userDefined": false
      },
      {
        "text": "of",
        "meta": "@sys.ignore",
        "userDefined": false
      },
      {
        "text": " life the universe and everything",
        "userDefined": false
      }
    ],
    "isTemplate": false,
    "count": 0,
    "updated": 0
  },
  {
    "id": "efb57a72-5ffa-4b4a-8197-146e8435e335",
    "data": [
      {
        "text": "the meaning ",
        "userDefined": false
      },
      {
        "text": "of",
        "meta": "@sys.ignore",
        "userDefined": false
      },
      {
        "text": " life",
        "userDefined": false
      }
    ],
    "isTemplate": false,
    "count": 1,
    "updated": 0
  }
]