[
  {
    "id": "a43ce556-ee9c-4149-9671-d8ed84212ffb",
    "data": [
      {
        "text": "please tell how much could a woodchuck chuck if a woodchuck could chuck ",
        "userDefined": false
      },
      {
        "text": "wood",
        "meta": "@sys.ignore",
        "userDefined": true
      }
    ],
    "isTemplate": false,
    "count": 0,
    "updated": 0
  },
  {
    "id": "78ac16e3-9151-48bc-9bf3-7c712aeecb32",
    "data": [
      {
        "text": "find out how much ",
        "userDefined": false
      },
      {
        "text": "wood",
        "meta": "@sys.ignore",
        "userDefined": false
      },
      {
        "text": " would a woodchuck chuck",
        "userDefined": false
      }
    ],
    "isTemplate": false,
    "count": 1,
    "updated": 0
  },
  {
    "id": "7271599c-234d-4f63-9d97-9efc94345bf5",
    "data": [
      {
        "text": "how ",
        "userDefined": false
      },
      {
        "text": "many",
        "meta": "@sys.ignore",
        "userDefined": false
      },
      {
        "text": " chucks would a woodchuck chuck if a woodchuck could chuck ",
        "userDefined": false
      },
      {
        "text": "wood",
        "meta": "@sys.ignore",
        "userDefined": false
      }
    ],
    "isTemplate": false,
    "count": 0,
    "updated": 0
  },
  {
    "id": "b3de1c28-239e-4826-83e5-59bdceea9924",
    "data": [
      {
        "text": "how much ",
        "userDefined": false
      },
      {
        "text": "wood",
        "meta": "@sys.ignore",
        "userDefined": true
      },
      {
        "text": " does woodchuck chuck",
        "userDefined": false
      }
    ],
    "isTemplate": false,
    "count": 0,
    "updated": 0
  },
  {
    "id": "f314e838-45bc-4ee5-831a-c1b8897cb6c8",
    "data": [
      {
        "text": "how much chuck could a woodchuck chuck if a woodchuck could chuck ",
        "userDefined": false
      },
      {
        "text": "wood",
        "meta": "@sys.ignore",
        "userDefined": true
      }
    ],
    "isTemplate": false,
    "count": 0,
    "updated": 0
  },
  {
    "id": "dfa01a9a-9464-4422-a88b-fee1168970d8",
    "data": [
      {
        "text": "can you say how ",
        "userDefined": false
      },
      {
        "text": "many",
        "meta": "@sys.ignore",
        "userDefined": true
      },
      {
        "text": " ",
        "userDefined": false
      },
      {
        "text": "wood",
        "meta": "@sys.ignore",
        "userDefined": true
      },
      {
        "text": " could a woodchuck chuck",
        "userDefined": false
      }
    ],
    "isTemplate": false,
    "count": 0,
    "updated": 0
  },
  {
    "id": "f746e834-d331-42cf-bdfe-294b9e9f6948",
    "data": [
      {
        "text": "do you know how much ",
        "userDefined": false
      },
      {
        "text": "wood",
        "meta": "@sys.ignore",
        "userDefined": false
      },
      {
        "text": " would a woodchuck chuck",
        "userDefined": false
      }
    ],
    "isTemplate": false,
    "count": 0,
    "updated": 0
  },
  {
    "id": "7311c157-16fc-4527-a76c-6ea7b30f67ec",
    "data": [
      {
        "text": "how ",
        "userDefined": false
      },
      {
        "text": "many",
        "meta": "@sys.ignore",
        "userDefined": false
      },
      {
        "text": " chucks would a woodchuck chuck",
        "userDefined": false
      }
    ],
    "isTemplate": false,
    "count": 0,
    "updated": 0
  },
  {
    "id": "b6895c26-712b-415e-85bb-2f0e680903a5",
    "data": [
      {
        "text": "tell me how ",
        "userDefined": false
      },
      {
        "text": "many",
        "meta": "@sys.ignore",
        "userDefined": false
      },
      {
        "text": " times would a woodchuck chuck ",
        "userDefined": false
      },
      {
        "text": "wood",
        "meta": "@sys.ignore",
        "userDefined": false
      },
      {
        "text": " if a woodchuck would chuck ",
        "userDefined": false
      },
      {
        "text": "wood",
        "meta": "@sys.ignore",
        "userDefined": false
      }
    ],
    "isTemplate": false,
    "count": 0,
    "updated": 0
  }
]