[
  {
    "id": "08e0389f-0204-4d22-9086-759bb8e5968c",
    "data": [
      {
        "text": "😀",
        "userDefined": false
      }
    ],
    "isTemplate": false,
    "count": 0,
    "updated": 0
  },
  {
    "id": "4f1baf77-f9de-4aaf-b34a-8366ecbe602d",
    "data": [
      {
        "text": "😬",
        "userDefined": false
      }
    ],
    "isTemplate": false,
    "count": 0,
    "updated": 0
  },
  {
    "id": "0e577d0e-e115-44ee-a86a-9911d693e80e",
    "data": [
      {
        "text": "😁",
        "userDefined": false
      }
    ],
    "isTemplate": false,
    "count": 0,
    "updated": 0
  },
  {
    "id": "43a1df8d-600e-4102-b72b-2a5b2f0389c2",
    "data": [
      {
        "text": "😂",
        "userDefined": false
      }
    ],
    "isTemplate": false,
    "count": 0,
    "updated": 0
  },
  {
    "id": "65b04bdc-960f-4490-8254-ac2704665be9",
    "data": [
      {
        "text": "😃",
        "userDefined": false
      }
    ],
    "isTemplate": false,
    "count": 0,
    "updated": 0
  },
  {
    "id": "5e72667f-8504-456b-861a-1273d69096e0",
    "data": [
      {
        "text": "😄",
        "userDefined": false
      }
    ],
    "isTemplate": false,
    "count": 0,
    "updated": 0
  },
  {
    "id": "3c3b5eb8-e44a-4ffa-95b5-f945ea605dff",
    "data": [
      {
        "text": "😅",
        "userDefined": false
      }
    ],
    "isTemplate": false,
    "count": 0,
    "updated": 0
  },
  {
    "id": "886451b2-e091-4b86-b6b9-0590b9b78817",
    "data": [
      {
        "text": "😆",
        "userDefined": false
      }
    ],
    "isTemplate": false,
    "count": 0,
    "updated": 0
  },
  {
    "id": "5e8fdb0f-51cb-44c0-9c17-eaa159e63519",
    "data": [
      {
        "text": "😇",
        "userDefined": false
      }
    ],
    "isTemplate": false,
    "count": 0,
    "updated": 0
  },
  {
    "id": "06b9c5f8-85a7-4bf5-8378-98febb6bc616",
    "data": [
      {
        "text": "😉",
        "userDefined": false
      }
    ],
    "isTemplate": false,
    "count": 0,
    "updated": 0
  },
  {
    "id": "52573506-c0b5-4fb9-b8df-a74d6ea96e66",
    "data": [
      {
        "text": "😊",
        "userDefined": false
      }
    ],
    "isTemplate": false,
    "count": 0,
    "updated": 0
  },
  {
    "id": "4e78f599-0b01-444b-822f-4346d281adb2",
    "data": [
      {
        "text": "🙂",
        "userDefined": false
      }
    ],
    "isTemplate": false,
    "count": 0,
    "updated": 0
  },
  {
    "id": "e4cd8dbb-28cb-458a-a92d-b2cd78096b24",
    "data": [
      {
        "text": "🙃",
        "userDefined": false
      }
    ],
    "isTemplate": false,
    "count": 0,
    "updated": 0
  },
  {
    "id": "e0dbb6aa-f797-46a7-ba8b-79b2b3d5c0b9",
    "data": [
      {
        "text": "☺",
        "userDefined": false
      }
    ],
    "isTemplate": false,
    "count": 0,
    "updated": 0
  },
  {
    "id": "cf27b205-cf5e-4579-bf8f-b003f0c67099",
    "data": [
      {
        "text": "😋",
        "userDefined": false
      }
    ],
    "isTemplate": false,
    "count": 0,
    "updated": 0
  },
  {
    "id": "8436d479-fb47-48b5-acd1-a0366d03b542",
    "data": [
      {
        "text": "😌",
        "userDefined": false
      }
    ],
    "isTemplate": false,
    "count": 0,
    "updated": 0
  },
  {
    "id": "c9152225-59d2-475f-80f5-65693a78197d",
    "data": [
      {
        "text": "😍",
        "userDefined": false
      }
    ],
    "isTemplate": false,
    "count": 0,
    "updated": 0
  },
  {
    "id": "e12adb9d-670a-4bd5-a6f8-09f2d721bbff",
    "data": [
      {
        "text": "😘",
        "userDefined": false
      }
    ],
    "isTemplate": false,
    "count": 0,
    "updated": 0
  },
  {
    "id": "5e093c68-4842-462f-8ff8-734f326e1671",
    "data": [
      {
        "text": "😗",
        "userDefined": false
      }
    ],
    "isTemplate": false,
    "count": 0,
    "updated": 0
  },
  {
    "id": "8d0382c3-8b6a-4c3b-ba07-caceb597a6fd",
    "data": [
      {
        "text": "😙",
        "userDefined": false
      }
    ],
    "isTemplate": false,
    "count": 0,
    "updated": 0
  },
  {
    "id": "a6f54de6-dbfd-4476-ae02-ebb8c653a48e",
    "data": [
      {
        "text": "😚",
        "userDefined": false
      }
    ],
    "isTemplate": false,
    "count": 0,
    "updated": 0
  },
  {
    "id": "514c72dc-262a-44fd-952e-7f4e224990c4",
    "data": [
      {
        "text": "😜",
        "userDefined": false
      }
    ],
    "isTemplate": false,
    "count": 0,
    "updated": 0
  },
  {
    "id": "988030c7-4c2e-4be4-b579-87ceaccfcf66",
    "data": [
      {
        "text": "😝",
        "userDefined": false
      }
    ],
    "isTemplate": false,
    "count": 0,
    "updated": 0
  },
  {
    "id": "ce75ad06-723a-4305-9c40-4a248407ab34",
    "data": [
      {
        "text": "😛",
        "userDefined": false
      }
    ],
    "isTemplate": false,
    "count": 0,
    "updated": 0
  },
  {
    "id": "28666153-6f93-4d78-bf52-962e70b280f9",
    "data": [
      {
        "text": "🤑",
        "userDefined": false
      }
    ],
    "isTemplate": false,
    "count": 0,
    "updated": 0
  },
  {
    "id": "1b48a00e-1f15-4bd3-8172-70d8bd57df75",
    "data": [
      {
        "text": "🤓",
        "userDefined": false
      }
    ],
    "isTemplate": false,
    "count": 0,
    "updated": 0
  },
  {
    "id": "ea392f5b-58b3-4d25-8fa9-5c095c4580a8",
    "data": [
      {
        "text": "😎",
        "userDefined": false
      }
    ],
    "isTemplate": false,
    "count": 0,
    "updated": 0
  },
  {
    "id": "b2b2212a-4453-4dad-a740-5fde45d01e52",
    "data": [
      {
        "text": "🤗",
        "userDefined": false
      }
    ],
    "isTemplate": false,
    "count": 0,
    "updated": 0
  },
  {
    "id": "c7119ded-0cae-491d-b304-6b96797bbac7",
    "data": [
      {
        "text": "😏",
        "userDefined": false
      }
    ],
    "isTemplate": false,
    "count": 0,
    "updated": 0
  },
  {
    "id": "7b758a47-26a4-42f4-bcb0-20a20879a5f0",
    "data": [
      {
        "text": "😶",
        "userDefined": false
      }
    ],
    "isTemplate": false,
    "count": 0,
    "updated": 0
  },
  {
    "id": "904ff680-ff2a-4ac1-955d-290ff2676922",
    "data": [
      {
        "text": "😐",
        "userDefined": false
      }
    ],
    "isTemplate": false,
    "count": 0,
    "updated": 0
  },
  {
    "id": "1c788642-d595-4116-9c17-3ee7814ca918",
    "data": [
      {
        "text": "😑",
        "userDefined": false
      }
    ],
    "isTemplate": false,
    "count": 0,
    "updated": 0
  },
  {
    "id": "aaeb49ef-50c4-42f2-96f9-b93146cce68a",
    "data": [
      {
        "text": "😒",
        "userDefined": false
      }
    ],
    "isTemplate": false,
    "count": 0,
    "updated": 0
  },
  {
    "id": "3f25c991-360c-4f3f-9eeb-b0d8563a4bae",
    "data": [
      {
        "text": "🙄",
        "userDefined": false
      }
    ],
    "isTemplate": false,
    "count": 0,
    "updated": 0
  },
  {
    "id": "a29655f3-fabe-4cdf-9d6a-429c03b01c90",
    "data": [
      {
        "text": "🤔",
        "userDefined": false
      }
    ],
    "isTemplate": false,
    "count": 0,
    "updated": 0
  },
  {
    "id": "12ab68bb-11ad-44cf-bd1a-ca9984970081",
    "data": [
      {
        "text": "😳",
        "userDefined": false
      }
    ],
    "isTemplate": false,
    "count": 0,
    "updated": 0
  },
  {
    "id": "bb408127-0882-4604-8772-88fef0f8cf1c",
    "data": [
      {
        "text": "😞",
        "userDefined": false
      }
    ],
    "isTemplate": false,
    "count": 0,
    "updated": 0
  },
  {
    "id": "853a2af2-2a32-4c7d-9e86-d85b2a65b4f0",
    "data": [
      {
        "text": "😟",
        "userDefined": false
      }
    ],
    "isTemplate": false,
    "count": 0,
    "updated": 0
  },
  {
    "id": "81ef7f4b-ea04-41ec-aec2-32d11174e482",
    "data": [
      {
        "text": "😠",
        "userDefined": false
      }
    ],
    "isTemplate": false,
    "count": 0,
    "updated": 0
  },
  {
    "id": "c4a63650-dfc3-421e-940a-1dc385982ad7",
    "data": [
      {
        "text": "😡",
        "userDefined": false
      }
    ],
    "isTemplate": false,
    "count": 0,
    "updated": 0
  },
  {
    "id": "db9c54c0-501a-47b4-887c-56ed670e5cf4",
    "data": [
      {
        "text": "😔",
        "userDefined": false
      }
    ],
    "isTemplate": false,
    "count": 0,
    "updated": 0
  },
  {
    "id": "a0df4b63-2f36-46f0-9399-2dba1b1f0b5b",
    "data": [
      {
        "text": "😕",
        "userDefined": false
      }
    ],
    "isTemplate": false,
    "count": 0,
    "updated": 0
  },
  {
    "id": "8eb4d4b6-6378-4dc8-9482-b2c44d9b654e",
    "data": [
      {
        "text": "🙁",
        "userDefined": false
      }
    ],
    "isTemplate": false,
    "count": 0,
    "updated": 0
  },
  {
    "id": "ebc6e75d-f3b8-4e1d-82c6-0f7c0fce7a25",
    "data": [
      {
        "text": "☹",
        "userDefined": false
      }
    ],
    "isTemplate": false,
    "count": 0,
    "updated": 0
  },
  {
    "id": "cc802d34-7823-4873-827e-2fa1e23691a0",
    "data": [
      {
        "text": "😣",
        "userDefined": false
      }
    ],
    "isTemplate": false,
    "count": 0,
    "updated": 0
  },
  {
    "id": "e7f21e77-2f88-407c-9016-41dd4a85b4aa",
    "data": [
      {
        "text": "😖",
        "userDefined": false
      }
    ],
    "isTemplate": false,
    "count": 0,
    "updated": 0
  },
  {
    "id": "a05786cf-5ce2-49fc-a5b0-16984266ca9e",
    "data": [
      {
        "text": "😫",
        "userDefined": false
      }
    ],
    "isTemplate": false,
    "count": 0,
    "updated": 0
  },
  {
    "id": "8e8c33a9-08be-41d0-bda1-02f534eb7b36",
    "data": [
      {
        "text": "😩",
        "userDefined": false
      }
    ],
    "isTemplate": false,
    "count": 0,
    "updated": 0
  },
  {
    "id": "fb093524-1bbc-4d26-ba31-d1ec0be23803",
    "data": [
      {
        "text": "😤",
        "userDefined": false
      }
    ],
    "isTemplate": false,
    "count": 0,
    "updated": 0
  },
  {
    "id": "f8ad1a0d-fab7-40ec-8b54-f3d8c3adb725",
    "data": [
      {
        "text": "😮",
        "userDefined": false
      }
    ],
    "isTemplate": false,
    "count": 0,
    "updated": 0
  },
  {
    "id": "cb36d9d6-5061-4d38-b3f1-a27db20faee6",
    "data": [
      {
        "text": "😱",
        "userDefined": false
      }
    ],
    "isTemplate": false,
    "count": 0,
    "updated": 0
  },
  {
    "id": "e6b799f3-3444-4d9c-b23b-fdc31c94d180",
    "data": [
      {
        "text": "😨",
        "userDefined": false
      }
    ],
    "isTemplate": false,
    "count": 0,
    "updated": 0
  },
  {
    "id": "36db2f99-d1dd-4602-8d16-f2ced40421c9",
    "data": [
      {
        "text": "😰",
        "userDefined": false
      }
    ],
    "isTemplate": false,
    "count": 0,
    "updated": 0
  },
  {
    "id": "d2612411-bb0c-40e2-85c5-9d6f4480a50e",
    "data": [
      {
        "text": "😯",
        "userDefined": false
      }
    ],
    "isTemplate": false,
    "count": 0,
    "updated": 0
  },
  {
    "id": "f3df0b08-8391-44b1-9904-76c4dffbd298",
    "data": [
      {
        "text": "😦",
        "userDefined": false
      }
    ],
    "isTemplate": false,
    "count": 0,
    "updated": 0
  },
  {
    "id": "f5319288-143b-4178-a144-842b7e206cef",
    "data": [
      {
        "text": "😧",
        "userDefined": false
      }
    ],
    "isTemplate": false,
    "count": 0,
    "updated": 0
  },
  {
    "id": "42e3c8ec-5661-4e63-a8c2-e37bc5a464a2",
    "data": [
      {
        "text": "😢",
        "userDefined": false
      }
    ],
    "isTemplate": false,
    "count": 0,
    "updated": 0
  },
  {
    "id": "ba75662f-d4fe-4bc5-8090-c93b66dcaec9",
    "data": [
      {
        "text": "😥",
        "userDefined": false
      }
    ],
    "isTemplate": false,
    "count": 0,
    "updated": 0
  },
  {
    "id": "a0da8ad9-2529-4cbe-b419-afbb4db731f3",
    "data": [
      {
        "text": "😪",
        "userDefined": false
      }
    ],
    "isTemplate": false,
    "count": 0,
    "updated": 0
  },
  {
    "id": "2639f2c5-6896-489d-8e62-3368b8c7918c",
    "data": [
      {
        "text": "😓",
        "userDefined": false
      }
    ],
    "isTemplate": false,
    "count": 0,
    "updated": 0
  },
  {
    "id": "d48ca248-a63f-4001-bcbe-921b9e4c7e5e",
    "data": [
      {
        "text": "😭",
        "userDefined": false
      }
    ],
    "isTemplate": false,
    "count": 0,
    "updated": 0
  },
  {
    "id": "b5a333fd-45d7-4c11-86fa-d8b75e5f3791",
    "data": [
      {
        "text": "😵",
        "userDefined": false
      }
    ],
    "isTemplate": false,
    "count": 0,
    "updated": 0
  },
  {
    "id": "ea1dfe6e-8e67-46a8-9a4f-fe5c9339d3a7",
    "data": [
      {
        "text": "😲",
        "userDefined": false
      }
    ],
    "isTemplate": false,
    "count": 0,
    "updated": 0
  },
  {
    "id": "f05992b5-840c-4751-9246-2832593a095c",
    "data": [
      {
        "text": "🤐",
        "userDefined": false
      }
    ],
    "isTemplate": false,
    "count": 0,
    "updated": 0
  },
  {
    "id": "f53941ec-a364-42d1-b43c-56b2c8b77ac6",
    "data": [
      {
        "text": "😷",
        "userDefined": false
      }
    ],
    "isTemplate": false,
    "count": 0,
    "updated": 0
  },
  {
    "id": "9bc7b037-2652-4798-b4f2-f403260ff0dc",
    "data": [
      {
        "text": "🤒",
        "userDefined": false
      }
    ],
    "isTemplate": false,
    "count": 0,
    "updated": 0
  },
  {
    "id": "63eb18da-36a2-4b80-ac11-9f8a60074b5e",
    "data": [
      {
        "text": "🤕",
        "userDefined": false
      }
    ],
    "isTemplate": false,
    "count": 0,
    "updated": 0
  },
  {
    "id": "0d0c0302-7d5a-44e7-87e8-ea2d48c00f76",
    "data": [
      {
        "text": "😴",
        "userDefined": false
      }
    ],
    "isTemplate": false,
    "count": 0,
    "updated": 0
  },
  {
    "id": "8f9105f0-8a74-4f7c-90ad-01375fc04dd8",
    "data": [
      {
        "text": "💤",
        "userDefined": false
      }
    ],
    "isTemplate": false,
    "count": 0,
    "updated": 0
  },
  {
    "id": "79a990a5-a62c-4631-bc0b-b74b6328b296",
    "data": [
      {
        "text": "💩",
        "userDefined": false
      }
    ],
    "isTemplate": false,
    "count": 0,
    "updated": 0
  },
  {
    "id": "bb4d1d82-605b-4a6c-9788-9f8372a19138",
    "data": [
      {
        "text": "😈",
        "userDefined": false
      }
    ],
    "isTemplate": false,
    "count": 0,
    "updated": 0
  },
  {
    "id": "6a2deb03-e40e-4c99-8681-a11327948c38",
    "data": [
      {
        "text": "👿",
        "userDefined": false
      }
    ],
    "isTemplate": false,
    "count": 0,
    "updated": 0
  },
  {
    "id": "68f5f7d7-5992-4703-bccd-9954a9e3257b",
    "data": [
      {
        "text": "👹",
        "userDefined": false
      }
    ],
    "isTemplate": false,
    "count": 0,
    "updated": 0
  },
  {
    "id": "9b89278d-4455-4151-9a78-83ba0bbd46ef",
    "data": [
      {
        "text": "👺",
        "userDefined": false
      }
    ],
    "isTemplate": false,
    "count": 0,
    "updated": 0
  },
  {
    "id": "22c2e908-37ae-46d2-901f-04834a1f9111",
    "data": [
      {
        "text": "💀",
        "userDefined": false
      }
    ],
    "isTemplate": false,
    "count": 0,
    "updated": 0
  },
  {
    "id": "eb949303-91f6-47b6-a6a1-b3a0350938f4",
    "data": [
      {
        "text": "👻",
        "userDefined": false
      }
    ],
    "isTemplate": false,
    "count": 0,
    "updated": 0
  },
  {
    "id": "0bfd4a9d-bfc5-4ae0-bd97-7dbc19f83ca0",
    "data": [
      {
        "text": "👽",
        "userDefined": false
      }
    ],
    "isTemplate": false,
    "count": 0,
    "updated": 0
  },
  {
    "id": "2421940d-9637-4d8d-91d0-3c2f5832b30a",
    "data": [
      {
        "text": "🤖",
        "userDefined": false
      }
    ],
    "isTemplate": false,
    "count": 0,
    "updated": 0
  },
  {
    "id": "a79c3172-d6d8-4ac8-a9fe-b1bbce8e322d",
    "data": [
      {
        "text": "😺",
        "userDefined": false
      }
    ],
    "isTemplate": false,
    "count": 0,
    "updated": 0
  },
  {
    "id": "826b1a02-58d1-4649-8387-cc5452d543ef",
    "data": [
      {
        "text": "😸",
        "userDefined": false
      }
    ],
    "isTemplate": false,
    "count": 0,
    "updated": 0
  },
  {
    "id": "07f34430-cc87-4964-8fe8-97cdc16df554",
    "data": [
      {
        "text": "😹",
        "userDefined": false
      }
    ],
    "isTemplate": false,
    "count": 0,
    "updated": 0
  },
  {
    "id": "01602e35-139b-4663-8efc-70c2f2d14a53",
    "data": [
      {
        "text": "😻",
        "userDefined": false
      }
    ],
    "isTemplate": false,
    "count": 0,
    "updated": 0
  },
  {
    "id": "bf5d4966-482a-46d8-ad0e-b6a28d771978",
    "data": [
      {
        "text": "😼",
        "userDefined": false
      }
    ],
    "isTemplate": false,
    "count": 0,
    "updated": 0
  },
  {
    "id": "a718713c-8d1d-4a11-bbee-9b69d94282be",
    "data": [
      {
        "text": "😽",
        "userDefined": false
      }
    ],
    "isTemplate": false,
    "count": 0,
    "updated": 0
  },
  {
    "id": "8c3319ec-9ef3-4b27-8f3b-9c657af3c83c",
    "data": [
      {
        "text": "🙀",
        "userDefined": false
      }
    ],
    "isTemplate": false,
    "count": 0,
    "updated": 0
  },
  {
    "id": "2a5aacec-a700-42cf-89eb-868223b4a7a4",
    "data": [
      {
        "text": "😿",
        "userDefined": false
      }
    ],
    "isTemplate": false,
    "count": 0,
    "updated": 0
  },
  {
    "id": "7168fa39-c3e2-406a-a9a8-a4b831343bdf",
    "data": [
      {
        "text": "😾",
        "userDefined": false
      }
    ],
    "isTemplate": false,
    "count": 0,
    "updated": 0
  },
  {
    "id": "719f25a2-4d3a-4c5f-bfc4-2e459b9dffa9",
    "data": [
      {
        "text": "🙌",
        "userDefined": false
      }
    ],
    "isTemplate": false,
    "count": 0,
    "updated": 0
  },
  {
    "id": "15eb4cdc-9329-4361-be6d-a60116321892",
    "data": [
      {
        "text": "🙌🏻",
        "userDefined": false
      }
    ],
    "isTemplate": false,
    "count": 0,
    "updated": 0
  },
  {
    "id": "634a7205-9db3-43eb-ae07-64113d4f59d8",
    "data": [
      {
        "text": "🙌🏼",
        "userDefined": false
      }
    ],
    "isTemplate": false,
    "count": 0,
    "updated": 0
  },
  {
    "id": "87c6270f-e869-4d09-81fd-4f9d0e10c8a5",
    "data": [
      {
        "text": "🙌🏽",
        "userDefined": false
      }
    ],
    "isTemplate": false,
    "count": 0,
    "updated": 0
  },
  {
    "id": "61e5a9e8-24b0-4f36-ae96-1537a517ef05",
    "data": [
      {
        "text": "🙌🏾",
        "userDefined": false
      }
    ],
    "isTemplate": false,
    "count": 0,
    "updated": 0
  },
  {
    "id": "f08d2d36-4080-4545-9afb-61dbb9cf23fb",
    "data": [
      {
        "text": "🙌🏿",
        "userDefined": false
      }
    ],
    "isTemplate": false,
    "count": 0,
    "updated": 0
  },
  {
    "id": "0e152143-d5c3-4ab0-aba8-86c33806e5c9",
    "data": [
      {
        "text": "👏",
        "userDefined": false
      }
    ],
    "isTemplate": false,
    "count": 0,
    "updated": 0
  },
  {
    "id": "6c3f3508-0a32-48bc-af68-3cd7d39f12e9",
    "data": [
      {
        "text": "👏🏼",
        "userDefined": false
      }
    ],
    "isTemplate": false,
    "count": 1,
    "updated": 0
  },
  {
    "id": "f31589e1-0436-4724-ba14-82cc68856aaf",
    "data": [
      {
        "text": "👏🏽",
        "userDefined": false
      }
    ],
    "isTemplate": false,
    "count": 0,
    "updated": 0
  },
  {
    "id": "508a75ec-1d4e-416c-aa54-f4cfc6258b55",
    "data": [
      {
        "text": "👏🏾",
        "userDefined": false
      }
    ],
    "isTemplate": false,
    "count": 0,
    "updated": 0
  },
  {
    "id": "49499601-132d-41e8-a634-97b72b7fcfca",
    "data": [
      {
        "text": "👏🏿",
        "userDefined": false
      }
    ],
    "isTemplate": false,
    "count": 0,
    "updated": 0
  },
  {
    "id": "8cc0e6d7-44ce-4893-bc84-817fa8cf540f",
    "data": [
      {
        "text": "👋",
        "userDefined": false
      }
    ],
    "isTemplate": false,
    "count": 0,
    "updated": 0
  },
  {
    "id": "35784c5c-388a-4f37-82f8-6fd8f3f317c4",
    "data": [
      {
        "text": "👋🏻",
        "userDefined": false
      }
    ],
    "isTemplate": false,
    "count": 0,
    "updated": 0
  },
  {
    "id": "22070cec-7d94-4a53-a6ab-d01f18761bbb",
    "data": [
      {
        "text": "👋🏼",
        "userDefined": false
      }
    ],
    "isTemplate": false,
    "count": 0,
    "updated": 0
  },
  {
    "id": "1a231d8f-1f8f-4763-b339-23cd6ee0a8ac",
    "data": [
      {
        "text": "👋🏽",
        "userDefined": false
      }
    ],
    "isTemplate": false,
    "count": 0,
    "updated": 0
  },
  {
    "id": "b6ae71c5-5253-4c28-9f04-a0e867a3043a",
    "data": [
      {
        "text": "👋🏾",
        "userDefined": false
      }
    ],
    "isTemplate": false,
    "count": 0,
    "updated": 0
  },
  {
    "id": "2cb76682-6896-408c-a40f-aa7604541993",
    "data": [
      {
        "text": "👋🏿",
        "userDefined": false
      }
    ],
    "isTemplate": false,
    "count": 0,
    "updated": 0
  },
  {
    "id": "8b3503b8-47af-449b-862a-05907e8c5332",
    "data": [
      {
        "text": "👍",
        "userDefined": false
      }
    ],
    "isTemplate": false,
    "count": 0,
    "updated": 0
  },
  {
    "id": "d042541e-05cf-4e39-8f0c-9a319958a814",
    "data": [
      {
        "text": "👍🏻",
        "userDefined": false
      }
    ],
    "isTemplate": false,
    "count": 0,
    "updated": 0
  },
  {
    "id": "489cd072-20e0-42ae-a271-509f8a73c04d",
    "data": [
      {
        "text": "👍🏼",
        "userDefined": false
      }
    ],
    "isTemplate": false,
    "count": 0,
    "updated": 0
  },
  {
    "id": "0c37f439-a020-4d13-b1e3-132afdcd700a",
    "data": [
      {
        "text": "👍🏽",
        "userDefined": false
      }
    ],
    "isTemplate": false,
    "count": 0,
    "updated": 0
  },
  {
    "id": "42ce10cf-0d70-4063-8de4-0e060d2335f7",
    "data": [
      {
        "text": "👍🏾",
        "userDefined": false
      }
    ],
    "isTemplate": false,
    "count": 0,
    "updated": 0
  },
  {
    "id": "fe0ef367-4a09-4ed6-b8e0-0c3b0b1880ad",
    "data": [
      {
        "text": "👍🏿",
        "userDefined": false
      }
    ],
    "isTemplate": false,
    "count": 0,
    "updated": 0
  },
  {
    "id": "8698e481-c4d7-4dcd-b9ee-ed3b9c71d766",
    "data": [
      {
        "text": "👎",
        "userDefined": false
      }
    ],
    "isTemplate": false,
    "count": 0,
    "updated": 0
  },
  {
    "id": "be418724-999e-4d70-8a2b-3ee09b3cf6a5",
    "data": [
      {
        "text": "👎🏻",
        "userDefined": false
      }
    ],
    "isTemplate": false,
    "count": 0,
    "updated": 0
  },
  {
    "id": "759dbd98-15bb-44e8-a618-2b01cfc3cf1f",
    "data": [
      {
        "text": "👎🏼",
        "userDefined": false
      }
    ],
    "isTemplate": false,
    "count": 0,
    "updated": 0
  },
  {
    "id": "22c97cab-7cc8-4f17-9c4a-3743559650e5",
    "data": [
      {
        "text": "👎🏽",
        "userDefined": false
      }
    ],
    "isTemplate": false,
    "count": 0,
    "updated": 0
  },
  {
    "id": "3ab40681-ae5e-4542-b4ca-f900b2fab7dc",
    "data": [
      {
        "text": "👎🏾",
        "userDefined": false
      }
    ],
    "isTemplate": false,
    "count": 0,
    "updated": 0
  },
  {
    "id": "6bf4869b-69fd-4e8e-986b-de9d97949cba",
    "data": [
      {
        "text": "👎🏿",
        "userDefined": false
      }
    ],
    "isTemplate": false,
    "count": 0,
    "updated": 0
  },
  {
    "id": "07b8b15c-17a3-4580-bcd0-10199d997e25",
    "data": [
      {
        "text": "👊",
        "userDefined": false
      }
    ],
    "isTemplate": false,
    "count": 0,
    "updated": 0
  },
  {
    "id": "2ef4cc35-71d8-49e4-b4a1-b29f4ca0486a",
    "data": [
      {
        "text": "👊🏻",
        "userDefined": false
      }
    ],
    "isTemplate": false,
    "count": 0,
    "updated": 0
  },
  {
    "id": "18cad404-533b-4f19-b988-be568289fe60",
    "data": [
      {
        "text": "👊🏼",
        "userDefined": false
      }
    ],
    "isTemplate": false,
    "count": 0,
    "updated": 0
  },
  {
    "id": "8a569811-7621-4730-9b4d-334c20e42ac9",
    "data": [
      {
        "text": "👊🏽",
        "userDefined": false
      }
    ],
    "isTemplate": false,
    "count": 0,
    "updated": 0
  },
  {
    "id": "3ead3af2-2edf-43a7-b7ea-8c45ddef7b0e",
    "data": [
      {
        "text": "👊🏾",
        "userDefined": false
      }
    ],
    "isTemplate": false,
    "count": 0,
    "updated": 0
  },
  {
    "id": "ab0ef93b-948d-4922-97c4-36998c8c98db",
    "data": [
      {
        "text": "👊🏿",
        "userDefined": false
      }
    ],
    "isTemplate": false,
    "count": 0,
    "updated": 0
  },
  {
    "id": "a2fa6a2c-8665-4c42-91ca-f4bf3340addf",
    "data": [
      {
        "text": "✊",
        "userDefined": false
      }
    ],
    "isTemplate": false,
    "count": 0,
    "updated": 0
  },
  {
    "id": "4a3b9103-0998-4ece-be0a-8f529a230f11",
    "data": [
      {
        "text": "✊🏻",
        "userDefined": false
      }
    ],
    "isTemplate": false,
    "count": 0,
    "updated": 0
  },
  {
    "id": "e168d48d-33e3-4bad-b9b4-5b9e9e011519",
    "data": [
      {
        "text": "✊🏼",
        "userDefined": false
      }
    ],
    "isTemplate": false,
    "count": 0,
    "updated": 0
  },
  {
    "id": "6b18a3f2-4ad8-4baa-9f08-33c3dce433e8",
    "data": [
      {
        "text": "✊🏽",
        "userDefined": false
      }
    ],
    "isTemplate": false,
    "count": 0,
    "updated": 0
  },
  {
    "id": "ab9c9712-d0d3-4e8d-b8dd-cde943176b0d",
    "data": [
      {
        "text": "✊🏾",
        "userDefined": false
      }
    ],
    "isTemplate": false,
    "count": 0,
    "updated": 0
  },
  {
    "id": "ae146f47-2b8f-4b1a-921f-1dfaf94e7358",
    "data": [
      {
        "text": "✊🏿",
        "userDefined": false
      }
    ],
    "isTemplate": false,
    "count": 0,
    "updated": 0
  },
  {
    "id": "ed46b63a-db8f-40c8-ba6d-8be5626ac9c1",
    "data": [
      {
        "text": "✌",
        "userDefined": false
      }
    ],
    "isTemplate": false,
    "count": 0,
    "updated": 0
  },
  {
    "id": "22157bda-4d66-413d-9fd1-0df24fe2d2eb",
    "data": [
      {
        "text": "✌🏻",
        "userDefined": false
      }
    ],
    "isTemplate": false,
    "count": 0,
    "updated": 0
  },
  {
    "id": "826cbb63-8eda-4753-bef2-3ecef09b542b",
    "data": [
      {
        "text": "✌🏼",
        "userDefined": false
      }
    ],
    "isTemplate": false,
    "count": 0,
    "updated": 0
  },
  {
    "id": "93c23626-af99-4b7e-b85f-a75ed07a4d21",
    "data": [
      {
        "text": "✌🏽",
        "userDefined": false
      }
    ],
    "isTemplate": false,
    "count": 0,
    "updated": 0
  },
  {
    "id": "c3a444fd-0e61-4cac-95db-7fa465f3d13a",
    "data": [
      {
        "text": "✌🏾",
        "userDefined": false
      }
    ],
    "isTemplate": false,
    "count": 0,
    "updated": 0
  },
  {
    "id": "081782b4-6cc6-441c-9f7a-ce38353f4d01",
    "data": [
      {
        "text": "✌🏿",
        "userDefined": false
      }
    ],
    "isTemplate": false,
    "count": 0,
    "updated": 0
  },
  {
    "id": "33ac66a6-3744-4700-ace9-63457d8a318b",
    "data": [
      {
        "text": "👌",
        "userDefined": false
      }
    ],
    "isTemplate": false,
    "count": 0,
    "updated": 0
  },
  {
    "id": "d1eaaff8-f37a-4828-85d7-feefc0f0e57b",
    "data": [
      {
        "text": "👌🏻",
        "userDefined": false
      }
    ],
    "isTemplate": false,
    "count": 0,
    "updated": 0
  },
  {
    "id": "a4867c12-ced5-471c-bd41-7707a13d756d",
    "data": [
      {
        "text": "👌🏼",
        "userDefined": false
      }
    ],
    "isTemplate": false,
    "count": 0,
    "updated": 0
  },
  {
    "id": "4e0ec544-f7ae-4ba2-b1d5-908e2e92d34e",
    "data": [
      {
        "text": "👌🏽",
        "userDefined": false
      }
    ],
    "isTemplate": false,
    "count": 0,
    "updated": 0
  },
  {
    "id": "828cf22c-e5ce-4070-8002-411cefaffd2c",
    "data": [
      {
        "text": "👌🏾",
        "userDefined": false
      }
    ],
    "isTemplate": false,
    "count": 0,
    "updated": 0
  },
  {
    "id": "9e0ee3c7-0132-4253-afcb-6f40e5f6320b",
    "data": [
      {
        "text": "👌🏿",
        "userDefined": false
      }
    ],
    "isTemplate": false,
    "count": 0,
    "updated": 0
  },
  {
    "id": "4366351c-adce-4668-b823-c4fc80abbd0e",
    "data": [
      {
        "text": "✋",
        "userDefined": false
      }
    ],
    "isTemplate": false,
    "count": 0,
    "updated": 0
  },
  {
    "id": "d44f5602-b0ab-4631-969c-30bc1878b910",
    "data": [
      {
        "text": "✋🏻",
        "userDefined": false
      }
    ],
    "isTemplate": false,
    "count": 0,
    "updated": 0
  },
  {
    "id": "51f157b1-64e3-4642-a33a-fd55b7fea84d",
    "data": [
      {
        "text": "✋🏼",
        "userDefined": false
      }
    ],
    "isTemplate": false,
    "count": 0,
    "updated": 0
  },
  {
    "id": "7423b708-02d3-4bb3-85a8-fb41df668b62",
    "data": [
      {
        "text": "✋🏽",
        "userDefined": false
      }
    ],
    "isTemplate": false,
    "count": 0,
    "updated": 0
  },
  {
    "id": "f2ada402-9b04-4e9b-83c1-82f8d068ee47",
    "data": [
      {
        "text": "✋🏾",
        "userDefined": false
      }
    ],
    "isTemplate": false,
    "count": 0,
    "updated": 0
  },
  {
    "id": "c76c72de-7aef-46f2-9e5a-74d1b946f0ba",
    "data": [
      {
        "text": "✋🏿",
        "userDefined": false
      }
    ],
    "isTemplate": false,
    "count": 0,
    "updated": 0
  },
  {
    "id": "f6ea48e4-edae-4bfd-9731-3232a239ea90",
    "data": [
      {
        "text": "👐",
        "userDefined": false
      }
    ],
    "isTemplate": false,
    "count": 0,
    "updated": 0
  },
  {
    "id": "51335243-719c-41f7-914c-7793cfa4d07d",
    "data": [
      {
        "text": "👐🏻",
        "userDefined": false
      }
    ],
    "isTemplate": false,
    "count": 0,
    "updated": 0
  },
  {
    "id": "aea52650-ef7d-4119-923b-364b34bcf427",
    "data": [
      {
        "text": "👐🏼",
        "userDefined": false
      }
    ],
    "isTemplate": false,
    "count": 0,
    "updated": 0
  },
  {
    "id": "956253b6-397b-4d3e-983a-7dd046e3a913",
    "data": [
      {
        "text": "👐🏽",
        "userDefined": false
      }
    ],
    "isTemplate": false,
    "count": 0,
    "updated": 0
  },
  {
    "id": "00a8ddd1-184d-4e97-aada-b280bdc468f7",
    "data": [
      {
        "text": "👐🏾",
        "userDefined": false
      }
    ],
    "isTemplate": false,
    "count": 0,
    "updated": 0
  },
  {
    "id": "de21fe87-e8e3-4599-a4df-d81c1d64b46c",
    "data": [
      {
        "text": "👐🏿",
        "userDefined": false
      }
    ],
    "isTemplate": false,
    "count": 0,
    "updated": 0
  },
  {
    "id": "0ac07554-e87d-4295-8a31-71e732bd4d18",
    "data": [
      {
        "text": "💪",
        "userDefined": false
      }
    ],
    "isTemplate": false,
    "count": 0,
    "updated": 0
  },
  {
    "id": "d8d4e506-4c85-4870-87c9-d8e3a87f8b9b",
    "data": [
      {
        "text": "💪🏻",
        "userDefined": false
      }
    ],
    "isTemplate": false,
    "count": 0,
    "updated": 0
  },
  {
    "id": "3bc44396-10a3-4f4c-8b8a-802145a3e932",
    "data": [
      {
        "text": "💪🏼",
        "userDefined": false
      }
    ],
    "isTemplate": false,
    "count": 0,
    "updated": 0
  },
  {
    "id": "900f34bf-5107-4b66-9fb7-8a526dac7f40",
    "data": [
      {
        "text": "💪🏽",
        "userDefined": false
      }
    ],
    "isTemplate": false,
    "count": 0,
    "updated": 0
  },
  {
    "id": "06467b2c-4b96-481f-898e-345a56492469",
    "data": [
      {
        "text": "💪🏾",
        "userDefined": false
      }
    ],
    "isTemplate": false,
    "count": 0,
    "updated": 0
  },
  {
    "id": "97253041-7434-42ff-8e26-0498fb762ec6",
    "data": [
      {
        "text": "💪🏿",
        "userDefined": false
      }
    ],
    "isTemplate": false,
    "count": 0,
    "updated": 0
  },
  {
    "id": "f830f029-c70d-4ac7-a02b-491f30247a48",
    "data": [
      {
        "text": "🙏",
        "userDefined": false
      }
    ],
    "isTemplate": false,
    "count": 0,
    "updated": 0
  },
  {
    "id": "046f26fa-4eec-4fb2-9a77-759a52e7c0a1",
    "data": [
      {
        "text": "🙏🏻",
        "userDefined": false
      }
    ],
    "isTemplate": false,
    "count": 0,
    "updated": 0
  },
  {
    "id": "212dfdfb-7e37-4d3c-981c-c26f137387e1",
    "data": [
      {
        "text": "🙏🏼",
        "userDefined": false
      }
    ],
    "isTemplate": false,
    "count": 0,
    "updated": 0
  },
  {
    "id": "7f8ee7e3-0202-4605-810e-c467029ad5d9",
    "data": [
      {
        "text": "🙏🏽",
        "userDefined": false
      }
    ],
    "isTemplate": false,
    "count": 0,
    "updated": 0
  },
  {
    "id": "110d7ea9-bf92-40ab-a004-37dfe606448a",
    "data": [
      {
        "text": "🙏🏾",
        "userDefined": false
      }
    ],
    "isTemplate": false,
    "count": 0,
    "updated": 0
  },
  {
    "id": "ad0f63da-cbb4-4126-9f62-345e6f65ca7c",
    "data": [
      {
        "text": "🙏🏿",
        "userDefined": false
      }
    ],
    "isTemplate": false,
    "count": 0,
    "updated": 0
  },
  {
    "id": "746d39e7-99a7-4376-8e0a-4c13ac01e828",
    "data": [
      {
        "text": "☝",
        "userDefined": false
      }
    ],
    "isTemplate": false,
    "count": 0,
    "updated": 0
  },
  {
    "id": "b3c0383d-f523-484b-b9bd-efe94fd428c4",
    "data": [
      {
        "text": "☝🏻",
        "userDefined": false
      }
    ],
    "isTemplate": false,
    "count": 0,
    "updated": 0
  },
  {
    "id": "ca260960-f182-44ac-9dca-888cfa81f65b",
    "data": [
      {
        "text": "☝🏼",
        "userDefined": false
      }
    ],
    "isTemplate": false,
    "count": 0,
    "updated": 0
  },
  {
    "id": "0f07860e-b2e8-4ded-841d-933ce74dac1e",
    "data": [
      {
        "text": "☝🏽",
        "userDefined": false
      }
    ],
    "isTemplate": false,
    "count": 0,
    "updated": 0
  },
  {
    "id": "dfebae6e-482a-41dc-b300-60060873d8d1",
    "data": [
      {
        "text": "☝🏾",
        "userDefined": false
      }
    ],
    "isTemplate": false,
    "count": 0,
    "updated": 0
  },
  {
    "id": "e5afb829-199f-4299-9655-1b66582f2c68",
    "data": [
      {
        "text": "☝🏿",
        "userDefined": false
      }
    ],
    "isTemplate": false,
    "count": 0,
    "updated": 0
  },
  {
    "id": "cbf90113-aead-4580-8221-669fc69c6b94",
    "data": [
      {
        "text": "👆",
        "userDefined": false
      }
    ],
    "isTemplate": false,
    "count": 0,
    "updated": 0
  },
  {
    "id": "9f3987fd-4204-4f8a-b701-47bb8b5635b0",
    "data": [
      {
        "text": "👆🏻",
        "userDefined": false
      }
    ],
    "isTemplate": false,
    "count": 0,
    "updated": 0
  },
  {
    "id": "9f2b8c02-c4ae-43e6-bd11-03db544391ab",
    "data": [
      {
        "text": "👆🏼",
        "userDefined": false
      }
    ],
    "isTemplate": false,
    "count": 0,
    "updated": 0
  },
  {
    "id": "78f0f352-a5d3-42ee-93ae-c286a801a15c",
    "data": [
      {
        "text": "👆🏽",
        "userDefined": false
      }
    ],
    "isTemplate": false,
    "count": 0,
    "updated": 0
  },
  {
    "id": "de5f66f8-3e4a-4fa4-98d1-2b747e8a473b",
    "data": [
      {
        "text": "👆🏾",
        "userDefined": false
      }
    ],
    "isTemplate": false,
    "count": 0,
    "updated": 0
  },
  {
    "id": "0a40569a-bf66-4b8b-83e0-881c5280d226",
    "data": [
      {
        "text": "👆🏿",
        "userDefined": false
      }
    ],
    "isTemplate": false,
    "count": 0,
    "updated": 0
  },
  {
    "id": "6cd0c686-678e-4d2f-a1ef-f067d5a50765",
    "data": [
      {
        "text": "👇",
        "userDefined": false
      }
    ],
    "isTemplate": false,
    "count": 0,
    "updated": 0
  },
  {
    "id": "a2f52420-26f1-45e8-867e-f6597cafe201",
    "data": [
      {
        "text": "👇🏻",
        "userDefined": false
      }
    ],
    "isTemplate": false,
    "count": 0,
    "updated": 0
  },
  {
    "id": "66ea269c-01e8-47ff-82f3-761008cd3f70",
    "data": [
      {
        "text": "👇🏼",
        "userDefined": false
      }
    ],
    "isTemplate": false,
    "count": 0,
    "updated": 0
  },
  {
    "id": "cf7ba1d5-a79b-47fc-a760-39bd3d77cca5",
    "data": [
      {
        "text": "👇🏽",
        "userDefined": false
      }
    ],
    "isTemplate": false,
    "count": 0,
    "updated": 0
  },
  {
    "id": "0d588119-e661-46c4-a1c1-cae2c4454f0b",
    "data": [
      {
        "text": "👇🏾",
        "userDefined": false
      }
    ],
    "isTemplate": false,
    "count": 0,
    "updated": 0
  },
  {
    "id": "ca4543bc-c248-4a43-beb9-5d2e5c433801",
    "data": [
      {
        "text": "👇🏿",
        "userDefined": false
      }
    ],
    "isTemplate": false,
    "count": 0,
    "updated": 0
  },
  {
    "id": "f307b767-9c03-4e46-9a9e-2a4ba3b6b133",
    "data": [
      {
        "text": "👈",
        "userDefined": false
      }
    ],
    "isTemplate": false,
    "count": 0,
    "updated": 0
  },
  {
    "id": "47390ffc-b06f-4a28-9e87-e003ef183663",
    "data": [
      {
        "text": "👈🏻",
        "userDefined": false
      }
    ],
    "isTemplate": false,
    "count": 0,
    "updated": 0
  },
  {
    "id": "78d7ecd8-2ca2-462b-883b-ba80246bbecd",
    "data": [
      {
        "text": "👈🏼",
        "userDefined": false
      }
    ],
    "isTemplate": false,
    "count": 0,
    "updated": 0
  },
  {
    "id": "573a45ba-648d-4c40-b0ac-7ccab924c791",
    "data": [
      {
        "text": "👈🏽",
        "userDefined": false
      }
    ],
    "isTemplate": false,
    "count": 0,
    "updated": 0
  },
  {
    "id": "76e54dda-c2a1-4912-a814-0de6c7a6a5bf",
    "data": [
      {
        "text": "👈🏾",
        "userDefined": false
      }
    ],
    "isTemplate": false,
    "count": 0,
    "updated": 0
  },
  {
    "id": "7f4a7f87-4c82-4c5a-909b-a732cb1b13a3",
    "data": [
      {
        "text": "👈🏿",
        "userDefined": false
      }
    ],
    "isTemplate": false,
    "count": 0,
    "updated": 0
  },
  {
    "id": "89f28eda-2bb1-47d7-ba39-1b781297e39c",
    "data": [
      {
        "text": "👉",
        "userDefined": false
      }
    ],
    "isTemplate": false,
    "count": 0,
    "updated": 0
  },
  {
    "id": "8025c396-a659-4d7d-9a20-9472e040ef54",
    "data": [
      {
        "text": "👉🏻",
        "userDefined": false
      }
    ],
    "isTemplate": false,
    "count": 0,
    "updated": 0
  },
  {
    "id": "5dfa6aeb-ed99-44dd-831b-e9cef0bd0e6f",
    "data": [
      {
        "text": "👉🏼",
        "userDefined": false
      }
    ],
    "isTemplate": false,
    "count": 0,
    "updated": 0
  },
  {
    "id": "a43a01ae-c1af-4460-9cab-e66ec8a55a38",
    "data": [
      {
        "text": "👉🏽",
        "userDefined": false
      }
    ],
    "isTemplate": false,
    "count": 0,
    "updated": 0
  },
  {
    "id": "db7d75d8-34e2-4c71-9e90-0f55d7f8d44c",
    "data": [
      {
        "text": "👉🏾",
        "userDefined": false
      }
    ],
    "isTemplate": false,
    "count": 0,
    "updated": 0
  },
  {
    "id": "cdcf82e4-5f11-4cf8-a294-c6cda9411956",
    "data": [
      {
        "text": "👉🏿",
        "userDefined": false
      }
    ],
    "isTemplate": false,
    "count": 0,
    "updated": 0
  },
  {
    "id": "1b7e6a82-4238-4eb1-99cc-d51f1f16b9ec",
    "data": [
      {
        "text": "🖕",
        "userDefined": false
      }
    ],
    "isTemplate": false,
    "count": 0,
    "updated": 0
  },
  {
    "id": "bd4e18d4-54b1-42a0-a948-00e34ad16892",
    "data": [
      {
        "text": "🖕🏻",
        "userDefined": false
      }
    ],
    "isTemplate": false,
    "count": 0,
    "updated": 0
  },
  {
    "id": "225c7b3e-1a16-4458-86e3-af9bc2b5d6ea",
    "data": [
      {
        "text": "🖕🏼",
        "userDefined": false
      }
    ],
    "isTemplate": false,
    "count": 0,
    "updated": 0
  },
  {
    "id": "67b901f2-9dea-4b8d-8c7b-71d30a99fdd4",
    "data": [
      {
        "text": "🖕🏽",
        "userDefined": false
      }
    ],
    "isTemplate": false,
    "count": 0,
    "updated": 0
  },
  {
    "id": "f17fbb41-fb9d-47fa-bd05-0a67fd353674",
    "data": [
      {
        "text": "🖕🏾",
        "userDefined": false
      }
    ],
    "isTemplate": false,
    "count": 0,
    "updated": 0
  },
  {
    "id": "fa171a5e-33ef-45b0-af73-14fd89340aa3",
    "data": [
      {
        "text": "🖕🏿",
        "userDefined": false
      }
    ],
    "isTemplate": false,
    "count": 0,
    "updated": 0
  },
  {
    "id": "e4be9b74-30fa-466a-bafc-36bf3f0771ea",
    "data": [
      {
        "text": "🖐",
        "userDefined": false
      }
    ],
    "isTemplate": false,
    "count": 0,
    "updated": 0
  },
  {
    "id": "93079a24-12b2-435b-ad4c-0fbfad735a22",
    "data": [
      {
        "text": "🖐🏻",
        "userDefined": false
      }
    ],
    "isTemplate": false,
    "count": 0,
    "updated": 0
  },
  {
    "id": "99260a6c-068c-4721-87a2-d84935dfc0ec",
    "data": [
      {
        "text": "🖐🏼",
        "userDefined": false
      }
    ],
    "isTemplate": false,
    "count": 0,
    "updated": 0
  },
  {
    "id": "61b040df-54ce-4141-92a4-469467b6972d",
    "data": [
      {
        "text": "🖐🏽",
        "userDefined": false
      }
    ],
    "isTemplate": false,
    "count": 0,
    "updated": 0
  },
  {
    "id": "440e9039-a60d-4d6e-b978-2e5a73e05362",
    "data": [
      {
        "text": "🖐🏾",
        "userDefined": false
      }
    ],
    "isTemplate": false,
    "count": 0,
    "updated": 0
  },
  {
    "id": "6cd71e75-6514-4261-bf70-7660a52346b3",
    "data": [
      {
        "text": "🖐🏿",
        "userDefined": false
      }
    ],
    "isTemplate": false,
    "count": 0,
    "updated": 0
  },
  {
    "id": "3ba4bcc7-81e3-4f78-9596-20d94aad224d",
    "data": [
      {
        "text": "🤘",
        "userDefined": false
      }
    ],
    "isTemplate": false,
    "count": 0,
    "updated": 0
  },
  {
    "id": "9b221212-734d-4f11-88d8-d2e3c69ac932",
    "data": [
      {
        "text": "🤘🏻",
        "userDefined": false
      }
    ],
    "isTemplate": false,
    "count": 0,
    "updated": 0
  },
  {
    "id": "15a0cb10-bdd6-4608-9a7b-f3f20333490f",
    "data": [
      {
        "text": "🤘🏼",
        "userDefined": false
      }
    ],
    "isTemplate": false,
    "count": 0,
    "updated": 0
  },
  {
    "id": "6a62246e-133a-4723-a0dc-be40260a4ca1",
    "data": [
      {
        "text": "🤘🏽",
        "userDefined": false
      }
    ],
    "isTemplate": false,
    "count": 0,
    "updated": 0
  },
  {
    "id": "843451d9-d56d-420a-b869-1d3ca3e676e7",
    "data": [
      {
        "text": "🤘🏾",
        "userDefined": false
      }
    ],
    "isTemplate": false,
    "count": 0,
    "updated": 0
  },
  {
    "id": "768899cf-a4f1-4d98-9b99-54f92ebe3655",
    "data": [
      {
        "text": "🤘🏿",
        "userDefined": false
      }
    ],
    "isTemplate": false,
    "count": 0,
    "updated": 0
  },
  {
    "id": "153a75a8-0955-4720-a71d-838b08a0d86f",
    "data": [
      {
        "text": "🖖",
        "userDefined": false
      }
    ],
    "isTemplate": false,
    "count": 0,
    "updated": 0
  },
  {
    "id": "d556344c-c369-4b6a-99f2-ab27d7a613c3",
    "data": [
      {
        "text": "🖖🏻",
        "userDefined": false
      }
    ],
    "isTemplate": false,
    "count": 0,
    "updated": 0
  },
  {
    "id": "3869a8ef-5be9-4189-a08c-2e82be66d7e3",
    "data": [
      {
        "text": "🖖🏼",
        "userDefined": false
      }
    ],
    "isTemplate": false,
    "count": 0,
    "updated": 0
  },
  {
    "id": "716f9530-3c9c-4866-a2f8-6ebcd6c64028",
    "data": [
      {
        "text": "🖖🏽",
        "userDefined": false
      }
    ],
    "isTemplate": false,
    "count": 0,
    "updated": 0
  },
  {
    "id": "3993e202-aec4-4943-adc6-a6e92570c887",
    "data": [
      {
        "text": "🖖🏾",
        "userDefined": false
      }
    ],
    "isTemplate": false,
    "count": 0,
    "updated": 0
  },
  {
    "id": "4b52bbf9-27c3-4fa2-9c9f-50e2e7f063a0",
    "data": [
      {
        "text": "🖖🏿",
        "userDefined": false
      }
    ],
    "isTemplate": false,
    "count": 0,
    "updated": 0
  },
  {
    "id": "f71b0484-f84c-4140-91d6-3fa0d1638cd6",
    "data": [
      {
        "text": "✍",
        "userDefined": false
      }
    ],
    "isTemplate": false,
    "count": 0,
    "updated": 0
  },
  {
    "id": "db94c3ca-bce1-42b5-9d1f-c3605bdc0302",
    "data": [
      {
        "text": "✍🏻",
        "userDefined": false
      }
    ],
    "isTemplate": false,
    "count": 0,
    "updated": 0
  },
  {
    "id": "d82d6671-b682-4692-8c44-6ba95cf1fa14",
    "data": [
      {
        "text": "✍🏼",
        "userDefined": false
      }
    ],
    "isTemplate": false,
    "count": 0,
    "updated": 0
  },
  {
    "id": "1e8c448f-c25a-4383-bcf6-1293bdeb15ce",
    "data": [
      {
        "text": "✍🏽",
        "userDefined": false
      }
    ],
    "isTemplate": false,
    "count": 0,
    "updated": 0
  },
  {
    "id": "b0f55a9e-2ab5-4b5b-9cbe-2822f284ac1d",
    "data": [
      {
        "text": "✍🏾",
        "userDefined": false
      }
    ],
    "isTemplate": false,
    "count": 0,
    "updated": 0
  },
  {
    "id": "cd5cf5ba-89a6-4e40-ac89-4383eccab58a",
    "data": [
      {
        "text": "✍🏿",
        "userDefined": false
      }
    ],
    "isTemplate": false,
    "count": 0,
    "updated": 0
  },
  {
    "id": "ec71b30f-f84e-4ee6-9c8e-655aab917b1f",
    "data": [
      {
        "text": "💅",
        "userDefined": false
      }
    ],
    "isTemplate": false,
    "count": 0,
    "updated": 0
  },
  {
    "id": "1b762e34-e434-4efb-9a5d-cf43acaaed45",
    "data": [
      {
        "text": "💅🏻",
        "userDefined": false
      }
    ],
    "isTemplate": false,
    "count": 0,
    "updated": 0
  },
  {
    "id": "9070f59e-4b21-4577-af3e-b6fee7e09d4a",
    "data": [
      {
        "text": "💅🏼",
        "userDefined": false
      }
    ],
    "isTemplate": false,
    "count": 0,
    "updated": 0
  },
  {
    "id": "afce7c83-b3a0-4f21-971d-072a0e921ea1",
    "data": [
      {
        "text": "💅🏽",
        "userDefined": false
      }
    ],
    "isTemplate": false,
    "count": 0,
    "updated": 0
  },
  {
    "id": "6f2c52a1-e841-4e4f-a8d0-f63677934390",
    "data": [
      {
        "text": "💅🏾",
        "userDefined": false
      }
    ],
    "isTemplate": false,
    "count": 0,
    "updated": 0
  },
  {
    "id": "8f478e6f-97e2-411a-a79e-05bb834fc30a",
    "data": [
      {
        "text": "💅🏿",
        "userDefined": false
      }
    ],
    "isTemplate": false,
    "count": 0,
    "updated": 0
  },
  {
    "id": "92d0e447-e073-4c68-bce4-899771b7bb68",
    "data": [
      {
        "text": "👄",
        "userDefined": false
      }
    ],
    "isTemplate": false,
    "count": 0,
    "updated": 0
  },
  {
    "id": "60bbb7be-40d0-4259-9c20-16af5bbc9787",
    "data": [
      {
        "text": "👅",
        "userDefined": false
      }
    ],
    "isTemplate": false,
    "count": 0,
    "updated": 0
  },
  {
    "id": "2b558ab9-dccc-4af4-8b00-fbf7b3d5841e",
    "data": [
      {
        "text": "👂",
        "userDefined": false
      }
    ],
    "isTemplate": false,
    "count": 0,
    "updated": 0
  },
  {
    "id": "bcc8b566-1d7d-47b7-a246-c7c85775f00f",
    "data": [
      {
        "text": "👂🏻",
        "userDefined": false
      }
    ],
    "isTemplate": false,
    "count": 0,
    "updated": 0
  },
  {
    "id": "a115563e-dcdc-47f6-81cc-a03efa792b23",
    "data": [
      {
        "text": "👂🏼",
        "userDefined": false
      }
    ],
    "isTemplate": false,
    "count": 0,
    "updated": 0
  },
  {
    "id": "de60a330-9140-46fd-9191-44b30189afe9",
    "data": [
      {
        "text": "👂🏽",
        "userDefined": false
      }
    ],
    "isTemplate": false,
    "count": 0,
    "updated": 0
  },
  {
    "id": "c822f9c9-79d3-4685-ae7c-b9d98315e785",
    "data": [
      {
        "text": "👂🏾",
        "userDefined": false
      }
    ],
    "isTemplate": false,
    "count": 0,
    "updated": 0
  },
  {
    "id": "146513e1-82d5-4aad-9d49-904b98dbcc6d",
    "data": [
      {
        "text": "👂🏿",
        "userDefined": false
      }
    ],
    "isTemplate": false,
    "count": 0,
    "updated": 0
  },
  {
    "id": "51bdd7bd-e39e-4810-ba20-419beb3dc412",
    "data": [
      {
        "text": "👃",
        "userDefined": false
      }
    ],
    "isTemplate": false,
    "count": 0,
    "updated": 0
  },
  {
    "id": "88c72321-3fcd-42db-8891-853cf5a0babd",
    "data": [
      {
        "text": "👃🏻",
        "userDefined": false
      }
    ],
    "isTemplate": false,
    "count": 0,
    "updated": 0
  },
  {
    "id": "9c07cc7a-d4a4-403d-a5ef-fa5d7af7bb48",
    "data": [
      {
        "text": "👃🏼",
        "userDefined": false
      }
    ],
    "isTemplate": false,
    "count": 0,
    "updated": 0
  },
  {
    "id": "157cc896-2a75-4810-8ba4-35bfd52c0d21",
    "data": [
      {
        "text": "👃🏽",
        "userDefined": false
      }
    ],
    "isTemplate": false,
    "count": 0,
    "updated": 0
  },
  {
    "id": "9ec27dc0-f4f3-4f0b-977e-a075d1e398b7",
    "data": [
      {
        "text": "👃🏾",
        "userDefined": false
      }
    ],
    "isTemplate": false,
    "count": 0,
    "updated": 0
  },
  {
    "id": "ba612714-d2bd-495b-b184-34451f109394",
    "data": [
      {
        "text": "👃🏿",
        "userDefined": false
      }
    ],
    "isTemplate": false,
    "count": 0,
    "updated": 0
  },
  {
    "id": "5b6b959b-5eda-4282-9bde-fd52dba36df5",
    "data": [
      {
        "text": "👁",
        "userDefined": false
      }
    ],
    "isTemplate": false,
    "count": 0,
    "updated": 0
  },
  {
    "id": "4dfca077-ce9b-4923-a527-bd1f2b870988",
    "data": [
      {
        "text": "👀",
        "userDefined": false
      }
    ],
    "isTemplate": false,
    "count": 0,
    "updated": 0
  },
  {
    "id": "ef58ea35-79c2-4c4a-846b-4ad5e5d15ea5",
    "data": [
      {
        "text": "👤",
        "userDefined": false
      }
    ],
    "isTemplate": false,
    "count": 0,
    "updated": 0
  },
  {
    "id": "eac92326-2b30-4da5-a053-8724d4ce22b6",
    "data": [
      {
        "text": "👥",
        "userDefined": false
      }
    ],
    "isTemplate": false,
    "count": 0,
    "updated": 0
  },
  {
    "id": "b3598826-21c3-4aec-a1d6-05199e572d41",
    "data": [
      {
        "text": "🗣",
        "userDefined": false
      }
    ],
    "isTemplate": false,
    "count": 0,
    "updated": 0
  },
  {
    "id": "d25410fc-a285-4b3e-8372-bd41922125e8",
    "data": [
      {
        "text": "👶",
        "userDefined": false
      }
    ],
    "isTemplate": false,
    "count": 0,
    "updated": 0
  },
  {
    "id": "2b82da2c-8f2b-4d0e-af36-a0a7917ffb16",
    "data": [
      {
        "text": "👶🏻",
        "userDefined": false
      }
    ],
    "isTemplate": false,
    "count": 0,
    "updated": 0
  },
  {
    "id": "b480b5b9-ccbb-454d-8660-6c856086b771",
    "data": [
      {
        "text": "👶🏼",
        "userDefined": false
      }
    ],
    "isTemplate": false,
    "count": 0,
    "updated": 0
  },
  {
    "id": "2d80c2f2-b214-4d36-8fd1-531ff2866210",
    "data": [
      {
        "text": "👶🏽",
        "userDefined": false
      }
    ],
    "isTemplate": false,
    "count": 0,
    "updated": 0
  },
  {
    "id": "998fb37b-3b32-4ff0-b9bf-9cfebf338e86",
    "data": [
      {
        "text": "👶🏾",
        "userDefined": false
      }
    ],
    "isTemplate": false,
    "count": 0,
    "updated": 0
  },
  {
    "id": "c91b806c-255a-418a-84d5-1bb141428ac3",
    "data": [
      {
        "text": "👶🏿",
        "userDefined": false
      }
    ],
    "isTemplate": false,
    "count": 0,
    "updated": 0
  },
  {
    "id": "d17aad20-30d6-4495-b047-dd8e0dd7c50e",
    "data": [
      {
        "text": "👦",
        "userDefined": false
      }
    ],
    "isTemplate": false,
    "count": 0,
    "updated": 0
  },
  {
    "id": "b130356d-3366-43fd-8281-0e4c560b0974",
    "data": [
      {
        "text": "👦🏻",
        "userDefined": false
      }
    ],
    "isTemplate": false,
    "count": 0,
    "updated": 0
  },
  {
    "id": "8b69ddaf-aba6-4e9c-ba04-ab11eccc562b",
    "data": [
      {
        "text": "👦🏼",
        "userDefined": false
      }
    ],
    "isTemplate": false,
    "count": 0,
    "updated": 0
  },
  {
    "id": "91cd5067-7c15-4ef2-acfa-c99e3704b170",
    "data": [
      {
        "text": "👦🏽",
        "userDefined": false
      }
    ],
    "isTemplate": false,
    "count": 0,
    "updated": 0
  },
  {
    "id": "c81f3f68-5a39-4ff7-90d8-ee3d4d7d4b21",
    "data": [
      {
        "text": "👦🏾",
        "userDefined": false
      }
    ],
    "isTemplate": false,
    "count": 0,
    "updated": 0
  },
  {
    "id": "e9913977-8f45-43ea-bf20-4c3e2cadb149",
    "data": [
      {
        "text": "👦🏿",
        "userDefined": false
      }
    ],
    "isTemplate": false,
    "count": 0,
    "updated": 0
  },
  {
    "id": "d0fb59a1-8134-45b0-884c-db24c50cd054",
    "data": [
      {
        "text": "👧",
        "userDefined": false
      }
    ],
    "isTemplate": false,
    "count": 0,
    "updated": 0
  },
  {
    "id": "3348efbd-ec52-4754-9585-ac6f3da34b18",
    "data": [
      {
        "text": "👧🏻",
        "userDefined": false
      }
    ],
    "isTemplate": false,
    "count": 0,
    "updated": 0
  },
  {
    "id": "92e3c2b5-ec72-4176-ba1e-8cf96bb9f057",
    "data": [
      {
        "text": "👧🏼",
        "userDefined": false
      }
    ],
    "isTemplate": false,
    "count": 0,
    "updated": 0
  },
  {
    "id": "6e995105-6ef4-4298-9ba1-3f743880c3d7",
    "data": [
      {
        "text": "👧🏽",
        "userDefined": false
      }
    ],
    "isTemplate": false,
    "count": 0,
    "updated": 0
  },
  {
    "id": "30560637-96a5-4d57-bfe5-a93d2816a975",
    "data": [
      {
        "text": "👧🏾",
        "userDefined": false
      }
    ],
    "isTemplate": false,
    "count": 0,
    "updated": 0
  },
  {
    "id": "1842f9ec-05d2-468d-848f-2c6de5ba5ebb",
    "data": [
      {
        "text": "👧🏿",
        "userDefined": false
      }
    ],
    "isTemplate": false,
    "count": 0,
    "updated": 0
  },
  {
    "id": "ce96776a-12f1-4105-8d42-a97351a91351",
    "data": [
      {
        "text": "👨",
        "userDefined": false
      }
    ],
    "isTemplate": false,
    "count": 0,
    "updated": 0
  },
  {
    "id": "93b1b37a-2969-44c8-8300-c1be45fccf31",
    "data": [
      {
        "text": "👨🏻",
        "userDefined": false
      }
    ],
    "isTemplate": false,
    "count": 0,
    "updated": 0
  },
  {
    "id": "ff44b737-746f-49c2-8abb-9611c476c1c9",
    "data": [
      {
        "text": "👨🏼",
        "userDefined": false
      }
    ],
    "isTemplate": false,
    "count": 0,
    "updated": 0
  },
  {
    "id": "bb8b37a1-3b50-415b-b11c-af9dbe68b1cb",
    "data": [
      {
        "text": "👨🏽",
        "userDefined": false
      }
    ],
    "isTemplate": false,
    "count": 0,
    "updated": 0
  },
  {
    "id": "e2f9c0af-7601-463a-ae62-4ce4c66928d5",
    "data": [
      {
        "text": "👨🏾",
        "userDefined": false
      }
    ],
    "isTemplate": false,
    "count": 0,
    "updated": 0
  },
  {
    "id": "4e25f922-7987-44d6-b9ef-233a2892dcf7",
    "data": [
      {
        "text": "👨🏿",
        "userDefined": false
      }
    ],
    "isTemplate": false,
    "count": 0,
    "updated": 0
  },
  {
    "id": "4fcdbf39-5fe9-4d73-a37b-5dc3df2c8855",
    "data": [
      {
        "text": "👩",
        "userDefined": false
      }
    ],
    "isTemplate": false,
    "count": 0,
    "updated": 0
  },
  {
    "id": "36a39830-5a2a-4297-a140-437b0843c108",
    "data": [
      {
        "text": "👩🏻",
        "userDefined": false
      }
    ],
    "isTemplate": false,
    "count": 0,
    "updated": 0
  },
  {
    "id": "ef0b5c1f-203a-405c-8dc4-ce10b3f8c1c4",
    "data": [
      {
        "text": "👩🏼",
        "userDefined": false
      }
    ],
    "isTemplate": false,
    "count": 0,
    "updated": 0
  },
  {
    "id": "2222827d-7755-4265-b3d6-c290a762f7f2",
    "data": [
      {
        "text": "👩🏽",
        "userDefined": false
      }
    ],
    "isTemplate": false,
    "count": 0,
    "updated": 0
  },
  {
    "id": "57d3ad3b-41ef-4cb1-8e22-0a80149502dc",
    "data": [
      {
        "text": "👩🏾",
        "userDefined": false
      }
    ],
    "isTemplate": false,
    "count": 0,
    "updated": 0
  },
  {
    "id": "d254ccce-bb43-47de-be78-1ac56331ccd3",
    "data": [
      {
        "text": "👩🏿",
        "userDefined": false
      }
    ],
    "isTemplate": false,
    "count": 0,
    "updated": 0
  },
  {
    "id": "6f560b1d-0a48-4be6-ab38-77c5ad9be07d",
    "data": [
      {
        "text": "👱",
        "userDefined": false
      }
    ],
    "isTemplate": false,
    "count": 0,
    "updated": 0
  },
  {
    "id": "f80288ff-0901-4e2a-a72f-670b2a50ed73",
    "data": [
      {
        "text": "👱🏻",
        "userDefined": false
      }
    ],
    "isTemplate": false,
    "count": 0,
    "updated": 0
  },
  {
    "id": "33575ecc-c1e2-41d0-bb3b-13e8a869462c",
    "data": [
      {
        "text": "👱🏼",
        "userDefined": false
      }
    ],
    "isTemplate": false,
    "count": 0,
    "updated": 0
  },
  {
    "id": "34065ad1-da67-4db0-8628-8c61f102dd30",
    "data": [
      {
        "text": "👱🏽",
        "userDefined": false
      }
    ],
    "isTemplate": false,
    "count": 0,
    "updated": 0
  },
  {
    "id": "2315b0d4-15a4-4200-aac8-3f9473aa5c08",
    "data": [
      {
        "text": "👱🏾",
        "userDefined": false
      }
    ],
    "isTemplate": false,
    "count": 0,
    "updated": 0
  },
  {
    "id": "f625505a-5cb9-499d-85fa-541d1ed3dc97",
    "data": [
      {
        "text": "👱🏿",
        "userDefined": false
      }
    ],
    "isTemplate": false,
    "count": 0,
    "updated": 0
  },
  {
    "id": "e17743c0-a456-4e24-a9ac-6854351d223c",
    "data": [
      {
        "text": "👴",
        "userDefined": false
      }
    ],
    "isTemplate": false,
    "count": 0,
    "updated": 0
  },
  {
    "id": "b559c49f-1ff5-4c27-920b-60e7b0a67d87",
    "data": [
      {
        "text": "👴🏻",
        "userDefined": false
      }
    ],
    "isTemplate": false,
    "count": 0,
    "updated": 0
  },
  {
    "id": "1e345a50-03f8-4bb6-aa5a-0bfa784d354a",
    "data": [
      {
        "text": "👴🏼",
        "userDefined": false
      }
    ],
    "isTemplate": false,
    "count": 0,
    "updated": 0
  },
  {
    "id": "4c54a593-a14b-4d63-885e-90ee25831c7e",
    "data": [
      {
        "text": "👴🏽",
        "userDefined": false
      }
    ],
    "isTemplate": false,
    "count": 0,
    "updated": 0
  },
  {
    "id": "a1d58674-3fc8-48b9-8d1a-f05ef2aa9e12",
    "data": [
      {
        "text": "👴🏾",
        "userDefined": false
      }
    ],
    "isTemplate": false,
    "count": 0,
    "updated": 0
  },
  {
    "id": "2962f3a1-c7e5-4a8f-9734-e79e69348c9c",
    "data": [
      {
        "text": "👴🏿",
        "userDefined": false
      }
    ],
    "isTemplate": false,
    "count": 0,
    "updated": 0
  },
  {
    "id": "bb940b5b-0176-42ba-89d2-179a5c277c4f",
    "data": [
      {
        "text": "👵",
        "userDefined": false
      }
    ],
    "isTemplate": false,
    "count": 0,
    "updated": 0
  },
  {
    "id": "9cca4aaf-c956-460b-b848-2baa309e5a55",
    "data": [
      {
        "text": "👵🏻",
        "userDefined": false
      }
    ],
    "isTemplate": false,
    "count": 0,
    "updated": 0
  },
  {
    "id": "2a8a1c78-391b-4fb5-8cc3-78137b7509ab",
    "data": [
      {
        "text": "👵🏼",
        "userDefined": false
      }
    ],
    "isTemplate": false,
    "count": 0,
    "updated": 0
  },
  {
    "id": "30caf18d-23ae-452f-a7f6-ae6ec2c59baa",
    "data": [
      {
        "text": "👵🏽",
        "userDefined": false
      }
    ],
    "isTemplate": false,
    "count": 0,
    "updated": 0
  },
  {
    "id": "6c2fe374-697a-4e34-8932-78636cb8ca78",
    "data": [
      {
        "text": "👵🏾",
        "userDefined": false
      }
    ],
    "isTemplate": false,
    "count": 0,
    "updated": 0
  },
  {
    "id": "a5789474-9b30-468d-90ea-4a6b9ae96d28",
    "data": [
      {
        "text": "👵🏿",
        "userDefined": false
      }
    ],
    "isTemplate": false,
    "count": 0,
    "updated": 0
  },
  {
    "id": "7cfb9edc-569c-4ba2-b5e3-451a5fb81b9c",
    "data": [
      {
        "text": "👲",
        "userDefined": false
      }
    ],
    "isTemplate": false,
    "count": 0,
    "updated": 0
  },
  {
    "id": "5600c0e6-45eb-4e98-a319-3cdf250492f6",
    "data": [
      {
        "text": "👲🏼",
        "userDefined": false
      }
    ],
    "isTemplate": false,
    "count": 1,
    "updated": 0
  },
  {
    "id": "1479056c-9a1e-4de2-a72b-c0faa4bc40f7",
    "data": [
      {
        "text": "👲🏽",
        "userDefined": false
      }
    ],
    "isTemplate": false,
    "count": 0,
    "updated": 0
  },
  {
    "id": "80677654-6ee9-4558-9ec2-d0b3d7f4de90",
    "data": [
      {
        "text": "👲🏾",
        "userDefined": false
      }
    ],
    "isTemplate": false,
    "count": 0,
    "updated": 0
  },
  {
    "id": "39ccd51e-c96c-4f03-b442-9f2536afd670",
    "data": [
      {
        "text": "👲🏿",
        "userDefined": false
      }
    ],
    "isTemplate": false,
    "count": 0,
    "updated": 0
  },
  {
    "id": "72626944-da17-427d-a492-cdf1d72f00e5",
    "data": [
      {
        "text": "👳",
        "userDefined": false
      }
    ],
    "isTemplate": false,
    "count": 0,
    "updated": 0
  },
  {
    "id": "0d902e83-d3aa-4128-a8aa-b9572294cccc",
    "data": [
      {
        "text": "👳🏻",
        "userDefined": false
      }
    ],
    "isTemplate": false,
    "count": 0,
    "updated": 0
  },
  {
    "id": "db016f4d-6bc6-47f0-b288-a16274c5a3e0",
    "data": [
      {
        "text": "👳🏼",
        "userDefined": false
      }
    ],
    "isTemplate": false,
    "count": 0,
    "updated": 0
  },
  {
    "id": "acc62d9a-1792-4aaa-bec5-49962ee3df5a",
    "data": [
      {
        "text": "👳🏽",
        "userDefined": false
      }
    ],
    "isTemplate": false,
    "count": 0,
    "updated": 0
  },
  {
    "id": "67aa5780-33a9-421d-9221-d3843971a369",
    "data": [
      {
        "text": "👳🏾",
        "userDefined": false
      }
    ],
    "isTemplate": false,
    "count": 0,
    "updated": 0
  },
  {
    "id": "ef4204d6-81af-4b24-a501-c7e4b8a44338",
    "data": [
      {
        "text": "👳🏿",
        "userDefined": false
      }
    ],
    "isTemplate": false,
    "count": 0,
    "updated": 0
  },
  {
    "id": "04b6d2cc-264e-4fef-826f-9f7e8214c56a",
    "data": [
      {
        "text": "👮",
        "userDefined": false
      }
    ],
    "isTemplate": false,
    "count": 0,
    "updated": 0
  },
  {
    "id": "177f9574-e085-4d2c-a610-cca50fa15d0b",
    "data": [
      {
        "text": "👮🏻",
        "userDefined": false
      }
    ],
    "isTemplate": false,
    "count": 0,
    "updated": 0
  },
  {
    "id": "48721c23-be17-48ec-afda-b95c1897c9c3",
    "data": [
      {
        "text": "👮🏼",
        "userDefined": false
      }
    ],
    "isTemplate": false,
    "count": 0,
    "updated": 0
  },
  {
    "id": "a09cb74d-b876-4af2-9ecd-d63fc7ec8da5",
    "data": [
      {
        "text": "👮🏽",
        "userDefined": false
      }
    ],
    "isTemplate": false,
    "count": 0,
    "updated": 0
  },
  {
    "id": "6b78ef1e-f7ae-40c8-a33a-9250a687cdc7",
    "data": [
      {
        "text": "👮🏾",
        "userDefined": false
      }
    ],
    "isTemplate": false,
    "count": 0,
    "updated": 0
  },
  {
    "id": "7d11ab3f-1f5b-4407-b5cd-a94f4210a200",
    "data": [
      {
        "text": "👮🏿",
        "userDefined": false
      }
    ],
    "isTemplate": false,
    "count": 0,
    "updated": 0
  },
  {
    "id": "97f195a1-e7f7-4e02-8635-b4fb751b509e",
    "data": [
      {
        "text": "👷",
        "userDefined": false
      }
    ],
    "isTemplate": false,
    "count": 0,
    "updated": 0
  },
  {
    "id": "a33001f9-469c-4373-b748-0704821b543f",
    "data": [
      {
        "text": "👷🏻",
        "userDefined": false
      }
    ],
    "isTemplate": false,
    "count": 0,
    "updated": 0
  },
  {
    "id": "39550cea-bcce-4c78-993b-6a50fbafcf0b",
    "data": [
      {
        "text": "👷🏼",
        "userDefined": false
      }
    ],
    "isTemplate": false,
    "count": 0,
    "updated": 0
  },
  {
    "id": "80205f5b-c909-4d25-b444-e47545a28276",
    "data": [
      {
        "text": "👷🏽",
        "userDefined": false
      }
    ],
    "isTemplate": false,
    "count": 0,
    "updated": 0
  },
  {
    "id": "459ce355-5df7-4f7b-acf3-fdee26a436d8",
    "data": [
      {
        "text": "👷🏾",
        "userDefined": false
      }
    ],
    "isTemplate": false,
    "count": 0,
    "updated": 0
  },
  {
    "id": "8aa85f09-ae3c-435f-a2a2-1f0dfa960d84",
    "data": [
      {
        "text": "👷🏿",
        "userDefined": false
      }
    ],
    "isTemplate": false,
    "count": 0,
    "updated": 0
  },
  {
    "id": "c1892057-323e-4d5d-be15-8e2690eee110",
    "data": [
      {
        "text": "💂",
        "userDefined": false
      }
    ],
    "isTemplate": false,
    "count": 0,
    "updated": 0
  },
  {
    "id": "647ff0d0-3664-4ba4-b642-313bc2320c83",
    "data": [
      {
        "text": "💂🏻",
        "userDefined": false
      }
    ],
    "isTemplate": false,
    "count": 0,
    "updated": 0
  },
  {
    "id": "b5bcf925-f225-4c13-9e8f-c5bafc7975c4",
    "data": [
      {
        "text": "💂🏼",
        "userDefined": false
      }
    ],
    "isTemplate": false,
    "count": 0,
    "updated": 0
  },
  {
    "id": "affaeb2b-675f-4737-a69c-fe519cb762d3",
    "data": [
      {
        "text": "💂🏽",
        "userDefined": false
      }
    ],
    "isTemplate": false,
    "count": 0,
    "updated": 0
  },
  {
    "id": "e8b6eeda-6e99-4ee5-af02-a58ec93d6bfb",
    "data": [
      {
        "text": "💂🏾",
        "userDefined": false
      }
    ],
    "isTemplate": false,
    "count": 0,
    "updated": 0
  },
  {
    "id": "5ddbaa18-d5b4-47fc-98b5-10a76386fa0a",
    "data": [
      {
        "text": "💂🏿",
        "userDefined": false
      }
    ],
    "isTemplate": false,
    "count": 0,
    "updated": 0
  },
  {
    "id": "824ebea7-a112-48ea-8e2b-051cf292da0b",
    "data": [
      {
        "text": "🕵",
        "userDefined": false
      }
    ],
    "isTemplate": false,
    "count": 0,
    "updated": 0
  },
  {
    "id": "395cb756-bc91-441d-b2ab-965735e0a104",
    "data": [
      {
        "text": "🎅",
        "userDefined": false
      }
    ],
    "isTemplate": false,
    "count": 0,
    "updated": 0
  },
  {
    "id": "dd1ca292-2d75-4776-9830-1c3f855358d6",
    "data": [
      {
        "text": "🎅🏻",
        "userDefined": false
      }
    ],
    "isTemplate": false,
    "count": 0,
    "updated": 0
  },
  {
    "id": "1fb4abf5-05f7-4856-b371-8066b21a50cf",
    "data": [
      {
        "text": "🎅🏼",
        "userDefined": false
      }
    ],
    "isTemplate": false,
    "count": 0,
    "updated": 0
  },
  {
    "id": "e7bacd4b-4160-4ae0-87f9-2bbfe5240d95",
    "data": [
      {
        "text": "🎅🏽",
        "userDefined": false
      }
    ],
    "isTemplate": false,
    "count": 0,
    "updated": 0
  },
  {
    "id": "6c74450c-e7e0-49b3-b8d9-234fb2dbb3af",
    "data": [
      {
        "text": "🎅🏾",
        "userDefined": false
      }
    ],
    "isTemplate": false,
    "count": 0,
    "updated": 0
  },
  {
    "id": "bc561677-ea11-44cc-a612-9da01f056cea",
    "data": [
      {
        "text": "🎅🏿",
        "userDefined": false
      }
    ],
    "isTemplate": false,
    "count": 0,
    "updated": 0
  },
  {
    "id": "b05c4e20-dc8d-4ea9-a180-4169a6ad37b0",
    "data": [
      {
        "text": "👼",
        "userDefined": false
      }
    ],
    "isTemplate": false,
    "count": 0,
    "updated": 0
  },
  {
    "id": "776b986a-ad64-455d-b0a4-f2fc3fcaf20c",
    "data": [
      {
        "text": "👼🏻",
        "userDefined": false
      }
    ],
    "isTemplate": false,
    "count": 0,
    "updated": 0
  },
  {
    "id": "70eb2f01-854f-4774-8c8d-a73582349ce3",
    "data": [
      {
        "text": "👼🏼",
        "userDefined": false
      }
    ],
    "isTemplate": false,
    "count": 0,
    "updated": 0
  },
  {
    "id": "437edd7d-fd9f-425b-80ae-7f3e7340fc9c",
    "data": [
      {
        "text": "👼🏽",
        "userDefined": false
      }
    ],
    "isTemplate": false,
    "count": 0,
    "updated": 0
  },
  {
    "id": "065421cd-ca17-44e2-8e4b-8a3b5432c42a",
    "data": [
      {
        "text": "👼🏾",
        "userDefined": false
      }
    ],
    "isTemplate": false,
    "count": 0,
    "updated": 0
  },
  {
    "id": "24146b05-3ca8-4bad-8997-d125375253d6",
    "data": [
      {
        "text": "👼🏿",
        "userDefined": false
      }
    ],
    "isTemplate": false,
    "count": 0,
    "updated": 0
  },
  {
    "id": "b18f7f40-96ae-4e49-b97a-0ada723eba08",
    "data": [
      {
        "text": "👸",
        "userDefined": false
      }
    ],
    "isTemplate": false,
    "count": 0,
    "updated": 0
  },
  {
    "id": "a65ffb24-a9a2-462d-a1fb-4e563944f0cb",
    "data": [
      {
        "text": "👸🏻",
        "userDefined": false
      }
    ],
    "isTemplate": false,
    "count": 0,
    "updated": 0
  },
  {
    "id": "0bd107a9-630f-43f8-a8a8-e1c7ab8e0cbe",
    "data": [
      {
        "text": "👸🏼",
        "userDefined": false
      }
    ],
    "isTemplate": false,
    "count": 0,
    "updated": 0
  },
  {
    "id": "bd99ff86-0067-4078-bdd4-9e12eeb37021",
    "data": [
      {
        "text": "👸🏽",
        "userDefined": false
      }
    ],
    "isTemplate": false,
    "count": 0,
    "updated": 0
  },
  {
    "id": "c9b1144e-a28c-4b21-a6de-739c245ec36a",
    "data": [
      {
        "text": "👸🏾",
        "userDefined": false
      }
    ],
    "isTemplate": false,
    "count": 0,
    "updated": 0
  },
  {
    "id": "10c192e3-8df2-4459-9ede-67b70e59720f",
    "data": [
      {
        "text": "👸🏿",
        "userDefined": false
      }
    ],
    "isTemplate": false,
    "count": 0,
    "updated": 0
  },
  {
    "id": "15376580-4392-45fc-abff-749682414b9a",
    "data": [
      {
        "text": "👰",
        "userDefined": false
      }
    ],
    "isTemplate": false,
    "count": 0,
    "updated": 0
  },
  {
    "id": "bf867bd1-4110-4a08-a26b-e6dac7ecde09",
    "data": [
      {
        "text": "👰🏻",
        "userDefined": false
      }
    ],
    "isTemplate": false,
    "count": 0,
    "updated": 0
  },
  {
    "id": "76cfb6d4-fb10-43ac-9be8-1a529b74b3ce",
    "data": [
      {
        "text": "👰🏼",
        "userDefined": false
      }
    ],
    "isTemplate": false,
    "count": 0,
    "updated": 0
  },
  {
    "id": "d59cdd60-3b29-4216-a6b5-e2fb77a1dff4",
    "data": [
      {
        "text": "👰🏽",
        "userDefined": false
      }
    ],
    "isTemplate": false,
    "count": 0,
    "updated": 0
  },
  {
    "id": "12fe6cf9-8cef-4b7d-b596-247d4a59354d",
    "data": [
      {
        "text": "👰🏾",
        "userDefined": false
      }
    ],
    "isTemplate": false,
    "count": 0,
    "updated": 0
  },
  {
    "id": "ca27fec4-40b7-4961-b9d0-382730c67663",
    "data": [
      {
        "text": "👰🏿",
        "userDefined": false
      }
    ],
    "isTemplate": false,
    "count": 0,
    "updated": 0
  },
  {
    "id": "f7459814-aedc-4571-9e5f-1223a3d875e2",
    "data": [
      {
        "text": "🚶",
        "userDefined": false
      }
    ],
    "isTemplate": false,
    "count": 0,
    "updated": 0
  },
  {
    "id": "d8c0cd25-890e-41fd-ae99-255ac0973ecc",
    "data": [
      {
        "text": "🚶🏻",
        "userDefined": false
      }
    ],
    "isTemplate": false,
    "count": 0,
    "updated": 0
  },
  {
    "id": "a0a90169-8278-4ae4-853e-c8a3a9b370ac",
    "data": [
      {
        "text": "🚶🏼",
        "userDefined": false
      }
    ],
    "isTemplate": false,
    "count": 0,
    "updated": 0
  },
  {
    "id": "9d1d27d5-fb70-4d10-89bb-ca36544ce0c2",
    "data": [
      {
        "text": "🚶🏽",
        "userDefined": false
      }
    ],
    "isTemplate": false,
    "count": 0,
    "updated": 0
  },
  {
    "id": "debbb675-65dc-4d04-8a2f-6e88601bf9e0",
    "data": [
      {
        "text": "🚶🏾",
        "userDefined": false
      }
    ],
    "isTemplate": false,
    "count": 0,
    "updated": 0
  },
  {
    "id": "696e0e98-5e7d-403b-addd-548b18bdeb45",
    "data": [
      {
        "text": "🚶🏿",
        "userDefined": false
      }
    ],
    "isTemplate": false,
    "count": 0,
    "updated": 0
  },
  {
    "id": "f4f22364-febf-49eb-b43a-30185ee0e12b",
    "data": [
      {
        "text": "🏃",
        "userDefined": false
      }
    ],
    "isTemplate": false,
    "count": 0,
    "updated": 0
  },
  {
    "id": "92aff79b-b2e7-4de3-b8d1-0ec1053a14bc",
    "data": [
      {
        "text": "🏃🏻",
        "userDefined": false
      }
    ],
    "isTemplate": false,
    "count": 0,
    "updated": 0
  },
  {
    "id": "8ece5c19-3afa-4369-817e-56d19124b226",
    "data": [
      {
        "text": "🏃🏼",
        "userDefined": false
      }
    ],
    "isTemplate": false,
    "count": 0,
    "updated": 0
  },
  {
    "id": "fceccd31-39cc-4b70-8002-adb37697c849",
    "data": [
      {
        "text": "🏃🏽",
        "userDefined": false
      }
    ],
    "isTemplate": false,
    "count": 0,
    "updated": 0
  },
  {
    "id": "386b01db-4804-42cb-9065-66ac2c97ce25",
    "data": [
      {
        "text": "🏃🏾",
        "userDefined": false
      }
    ],
    "isTemplate": false,
    "count": 0,
    "updated": 0
  },
  {
    "id": "0577827d-ec98-4e56-845a-a9a0c828fd40",
    "data": [
      {
        "text": "🏃🏿",
        "userDefined": false
      }
    ],
    "isTemplate": false,
    "count": 0,
    "updated": 0
  },
  {
    "id": "e4295fbe-22b9-4dd6-8b22-3b93d999f0aa",
    "data": [
      {
        "text": "💃",
        "userDefined": false
      }
    ],
    "isTemplate": false,
    "count": 0,
    "updated": 0
  },
  {
    "id": "ecb7810e-e571-4faf-a3a0-c5e623e58f01",
    "data": [
      {
        "text": "💃🏻",
        "userDefined": false
      }
    ],
    "isTemplate": false,
    "count": 0,
    "updated": 0
  },
  {
    "id": "ac50a34a-a251-4e8f-bc65-fe9b05aa0acd",
    "data": [
      {
        "text": "💃🏼",
        "userDefined": false
      }
    ],
    "isTemplate": false,
    "count": 0,
    "updated": 0
  },
  {
    "id": "190d13d1-cbff-4f71-8183-14e42304df3b",
    "data": [
      {
        "text": "💃🏽",
        "userDefined": false
      }
    ],
    "isTemplate": false,
    "count": 0,
    "updated": 0
  },
  {
    "id": "567b0de2-688b-4c10-9381-5c88b80a47c1",
    "data": [
      {
        "text": "💃🏾",
        "userDefined": false
      }
    ],
    "isTemplate": false,
    "count": 0,
    "updated": 0
  },
  {
    "id": "3f671699-974b-4cdd-88a5-8c99bd09c0c9",
    "data": [
      {
        "text": "💃🏿",
        "userDefined": false
      }
    ],
    "isTemplate": false,
    "count": 0,
    "updated": 0
  },
  {
    "id": "f1bd68d2-54de-455c-9b66-c9e011f5a0d5",
    "data": [
      {
        "text": "👯",
        "userDefined": false
      }
    ],
    "isTemplate": false,
    "count": 0,
    "updated": 0
  },
  {
    "id": "a2d1eecd-fd9b-4713-9aa5-4e4f2daad010",
    "data": [
      {
        "text": "👫",
        "userDefined": false
      }
    ],
    "isTemplate": false,
    "count": 0,
    "updated": 0
  },
  {
    "id": "41684099-e024-4f2b-959c-a13ea0c46ceb",
    "data": [
      {
        "text": "👬",
        "userDefined": false
      }
    ],
    "isTemplate": false,
    "count": 0,
    "updated": 0
  },
  {
    "id": "58d757fd-5f4e-48a5-9c5e-0614a8830201",
    "data": [
      {
        "text": "👭",
        "userDefined": false
      }
    ],
    "isTemplate": false,
    "count": 0,
    "updated": 0
  },
  {
    "id": "6d383d71-e092-4578-a65f-851364872e50",
    "data": [
      {
        "text": "🙇",
        "userDefined": false
      }
    ],
    "isTemplate": false,
    "count": 0,
    "updated": 0
  },
  {
    "id": "0f8955e7-05bb-459e-91cb-3d1dd514d328",
    "data": [
      {
        "text": "🙇🏻",
        "userDefined": false
      }
    ],
    "isTemplate": false,
    "count": 0,
    "updated": 0
  },
  {
    "id": "208400f1-a7e9-42b8-8d87-6e404371c00e",
    "data": [
      {
        "text": "🙇🏼",
        "userDefined": false
      }
    ],
    "isTemplate": false,
    "count": 0,
    "updated": 0
  },
  {
    "id": "79adc9da-383b-4496-87a7-5c68b8d6b9fd",
    "data": [
      {
        "text": "🙇🏽",
        "userDefined": false
      }
    ],
    "isTemplate": false,
    "count": 0,
    "updated": 0
  },
  {
    "id": "0d72289a-2de4-46b1-bfa7-3420896566f3",
    "data": [
      {
        "text": "🙇🏾",
        "userDefined": false
      }
    ],
    "isTemplate": false,
    "count": 0,
    "updated": 0
  },
  {
    "id": "1f0103d2-e944-45b6-a40d-f22d2bd6d218",
    "data": [
      {
        "text": "🙇🏿",
        "userDefined": false
      }
    ],
    "isTemplate": false,
    "count": 0,
    "updated": 0
  },
  {
    "id": "4215666f-72e5-4a1a-8d7d-abac6603b33f",
    "data": [
      {
        "text": "💁",
        "userDefined": false
      }
    ],
    "isTemplate": false,
    "count": 0,
    "updated": 0
  },
  {
    "id": "e121f9f6-c3bc-412e-9d90-f2e0667eaafa",
    "data": [
      {
        "text": "💁🏻",
        "userDefined": false
      }
    ],
    "isTemplate": false,
    "count": 0,
    "updated": 0
  },
  {
    "id": "50d318b0-6f34-4aa4-b3c7-790c160435ec",
    "data": [
      {
        "text": "💁🏼",
        "userDefined": false
      }
    ],
    "isTemplate": false,
    "count": 0,
    "updated": 0
  },
  {
    "id": "9fe71cd7-bb24-430c-aa42-d8038db77564",
    "data": [
      {
        "text": "💁🏽",
        "userDefined": false
      }
    ],
    "isTemplate": false,
    "count": 0,
    "updated": 0
  },
  {
    "id": "97402f84-a4a1-4120-8d64-93af104dec9c",
    "data": [
      {
        "text": "💁🏾",
        "userDefined": false
      }
    ],
    "isTemplate": false,
    "count": 0,
    "updated": 0
  },
  {
    "id": "e77275a8-7d81-4ba6-a5c3-9833590c6f08",
    "data": [
      {
        "text": "💁🏿",
        "userDefined": false
      }
    ],
    "isTemplate": false,
    "count": 0,
    "updated": 0
  },
  {
    "id": "babfee8c-3284-4760-b71d-fd379604e119",
    "data": [
      {
        "text": "🙅",
        "userDefined": false
      }
    ],
    "isTemplate": false,
    "count": 0,
    "updated": 0
  },
  {
    "id": "cfc26c04-6fcf-4f58-8f6c-7f026e032e0a",
    "data": [
      {
        "text": "🙅🏻",
        "userDefined": false
      }
    ],
    "isTemplate": false,
    "count": 0,
    "updated": 0
  },
  {
    "id": "f01ab563-3e31-4ca3-ba57-6a4d68b38124",
    "data": [
      {
        "text": "🙅🏼",
        "userDefined": false
      }
    ],
    "isTemplate": false,
    "count": 0,
    "updated": 0
  },
  {
    "id": "b7c24562-7b59-414b-880b-90639f0a3328",
    "data": [
      {
        "text": "🙅🏽",
        "userDefined": false
      }
    ],
    "isTemplate": false,
    "count": 0,
    "updated": 0
  },
  {
    "id": "1e66ac21-41b0-4e82-b9c3-05ad25ba78a8",
    "data": [
      {
        "text": "🙅🏾",
        "userDefined": false
      }
    ],
    "isTemplate": false,
    "count": 0,
    "updated": 0
  },
  {
    "id": "a290e312-1986-40c2-9750-405845934657",
    "data": [
      {
        "text": "🙅🏿",
        "userDefined": false
      }
    ],
    "isTemplate": false,
    "count": 0,
    "updated": 0
  },
  {
    "id": "f6ea2043-8a4d-475d-b350-80f8a4c95731",
    "data": [
      {
        "text": "🙆",
        "userDefined": false
      }
    ],
    "isTemplate": false,
    "count": 0,
    "updated": 0
  },
  {
    "id": "97309eb0-900f-4d1b-8d4c-8dec0b935190",
    "data": [
      {
        "text": "🙆🏻",
        "userDefined": false
      }
    ],
    "isTemplate": false,
    "count": 0,
    "updated": 0
  },
  {
    "id": "9929126c-ae0b-4884-bee9-119bbc7281a3",
    "data": [
      {
        "text": "🙆🏼",
        "userDefined": false
      }
    ],
    "isTemplate": false,
    "count": 0,
    "updated": 0
  },
  {
    "id": "0fb73ad2-8f94-4be1-ae09-8ecd90354c50",
    "data": [
      {
        "text": "🙆🏽",
        "userDefined": false
      }
    ],
    "isTemplate": false,
    "count": 0,
    "updated": 0
  },
  {
    "id": "60ff9c7b-5d16-4135-9dc0-29b779aff8e5",
    "data": [
      {
        "text": "🙆🏾",
        "userDefined": false
      }
    ],
    "isTemplate": false,
    "count": 0,
    "updated": 0
  },
  {
    "id": "d4b95268-1283-45da-83be-eeb87663a2b4",
    "data": [
      {
        "text": "🙆🏿",
        "userDefined": false
      }
    ],
    "isTemplate": false,
    "count": 0,
    "updated": 0
  },
  {
    "id": "9f5b50a1-1766-4a00-bc0b-ea2ba1ea52b4",
    "data": [
      {
        "text": "🙋",
        "userDefined": false
      }
    ],
    "isTemplate": false,
    "count": 0,
    "updated": 0
  },
  {
    "id": "9c465080-1b7b-454d-9298-40b9d289cf33",
    "data": [
      {
        "text": "🙋🏻",
        "userDefined": false
      }
    ],
    "isTemplate": false,
    "count": 0,
    "updated": 0
  },
  {
    "id": "f389bb08-d4c3-4b6f-beda-9c3f2a81fd4c",
    "data": [
      {
        "text": "🙋🏼",
        "userDefined": false
      }
    ],
    "isTemplate": false,
    "count": 0,
    "updated": 0
  },
  {
    "id": "b5f36fac-d91b-44e8-89ff-991d784f7022",
    "data": [
      {
        "text": "🙋🏽",
        "userDefined": false
      }
    ],
    "isTemplate": false,
    "count": 0,
    "updated": 0
  },
  {
    "id": "be0a7820-2058-4a71-8fe6-4fcb3e8143a4",
    "data": [
      {
        "text": "🙋🏾",
        "userDefined": false
      }
    ],
    "isTemplate": false,
    "count": 0,
    "updated": 0
  },
  {
    "id": "2922844e-26d8-400e-8b9d-2bf91928a987",
    "data": [
      {
        "text": "🙋🏿",
        "userDefined": false
      }
    ],
    "isTemplate": false,
    "count": 0,
    "updated": 0
  },
  {
    "id": "5dc7e905-eae3-4ecb-988c-ef5c33068a38",
    "data": [
      {
        "text": "🙎",
        "userDefined": false
      }
    ],
    "isTemplate": false,
    "count": 0,
    "updated": 0
  },
  {
    "id": "06ac7bef-a294-4541-9121-068e700c479a",
    "data": [
      {
        "text": "🙎🏻",
        "userDefined": false
      }
    ],
    "isTemplate": false,
    "count": 0,
    "updated": 0
  },
  {
    "id": "acc57f8d-db09-4dd1-a629-7207ef39a984",
    "data": [
      {
        "text": "🙎🏼",
        "userDefined": false
      }
    ],
    "isTemplate": false,
    "count": 0,
    "updated": 0
  },
  {
    "id": "1daa7ac1-afd4-47f0-b9ec-6d43f86d4e82",
    "data": [
      {
        "text": "🙎🏽",
        "userDefined": false
      }
    ],
    "isTemplate": false,
    "count": 0,
    "updated": 0
  },
  {
    "id": "d3a7fce1-6c18-4209-8502-3259846a469e",
    "data": [
      {
        "text": "🙎🏾",
        "userDefined": false
      }
    ],
    "isTemplate": false,
    "count": 0,
    "updated": 0
  },
  {
    "id": "fd0d079a-3115-44a0-8b50-e0529226a7fc",
    "data": [
      {
        "text": "🙎🏿",
        "userDefined": false
      }
    ],
    "isTemplate": false,
    "count": 0,
    "updated": 0
  },
  {
    "id": "9dee4618-e979-48a9-8254-4a9a7c29f700",
    "data": [
      {
        "text": "🙍",
        "userDefined": false
      }
    ],
    "isTemplate": false,
    "count": 0,
    "updated": 0
  },
  {
    "id": "bd4f6ba3-2f8b-4569-8b0d-4b35bbf952eb",
    "data": [
      {
        "text": "🙍🏻",
        "userDefined": false
      }
    ],
    "isTemplate": false,
    "count": 0,
    "updated": 0
  },
  {
    "id": "c5b82d80-3e2d-49b4-9bce-f2575df30b47",
    "data": [
      {
        "text": "🙍🏼",
        "userDefined": false
      }
    ],
    "isTemplate": false,
    "count": 0,
    "updated": 0
  },
  {
    "id": "860f008d-ce18-4400-a596-11915b734cb3",
    "data": [
      {
        "text": "🙍🏽",
        "userDefined": false
      }
    ],
    "isTemplate": false,
    "count": 0,
    "updated": 0
  },
  {
    "id": "f27048d2-1dd2-4ca9-b5c1-e64204235d4b",
    "data": [
      {
        "text": "🙍🏾",
        "userDefined": false
      }
    ],
    "isTemplate": false,
    "count": 0,
    "updated": 0
  },
  {
    "id": "9834c7bd-8d9b-4d29-9c65-234346895780",
    "data": [
      {
        "text": "🙍🏿",
        "userDefined": false
      }
    ],
    "isTemplate": false,
    "count": 0,
    "updated": 0
  },
  {
    "id": "bb4eba65-56bc-4688-bbff-d1991ce17530",
    "data": [
      {
        "text": "💇",
        "userDefined": false
      }
    ],
    "isTemplate": false,
    "count": 0,
    "updated": 0
  },
  {
    "id": "f3ca0cc4-5672-4101-9a9c-f13091b86dbf",
    "data": [
      {
        "text": "💇🏻",
        "userDefined": false
      }
    ],
    "isTemplate": false,
    "count": 0,
    "updated": 0
  },
  {
    "id": "71b82c5b-d69b-47b1-bf89-7d0897eb2afc",
    "data": [
      {
        "text": "💇🏼",
        "userDefined": false
      }
    ],
    "isTemplate": false,
    "count": 0,
    "updated": 0
  },
  {
    "id": "218b34e5-dfc2-4ce9-8e8b-ec1ff8352ead",
    "data": [
      {
        "text": "💇🏽",
        "userDefined": false
      }
    ],
    "isTemplate": false,
    "count": 0,
    "updated": 0
  },
  {
    "id": "c289c4d8-3940-49ca-9641-77cdfef5cee9",
    "data": [
      {
        "text": "💇🏾",
        "userDefined": false
      }
    ],
    "isTemplate": false,
    "count": 0,
    "updated": 0
  },
  {
    "id": "80156fc7-6cc4-4094-97c5-f58d3ae550e0",
    "data": [
      {
        "text": "💇🏿",
        "userDefined": false
      }
    ],
    "isTemplate": false,
    "count": 0,
    "updated": 0
  },
  {
    "id": "c7b27c8e-c6ca-4b90-8d81-f49bfaaa0b38",
    "data": [
      {
        "text": "💆",
        "userDefined": false
      }
    ],
    "isTemplate": false,
    "count": 0,
    "updated": 0
  },
  {
    "id": "fc36f19e-bfb4-4f07-94c5-30380b39d9d3",
    "data": [
      {
        "text": "💆🏻",
        "userDefined": false
      }
    ],
    "isTemplate": false,
    "count": 1,
    "updated": 0
  },
  {
    "id": "30812f2e-867c-45f2-9bd3-5f2f71cdb22e",
    "data": [
      {
        "text": "💆🏽",
        "userDefined": false
      }
    ],
    "isTemplate": false,
    "count": 0,
    "updated": 0
  },
  {
    "id": "c9035d35-0c33-4556-af59-384d3e6d6c08",
    "data": [
      {
        "text": "💆🏾",
        "userDefined": false
      }
    ],
    "isTemplate": false,
    "count": 0,
    "updated": 0
  },
  {
    "id": "57a6ffcf-f1a9-485b-b6dd-170c874a961f",
    "data": [
      {
        "text": "💆🏿",
        "userDefined": false
      }
    ],
    "isTemplate": false,
    "count": 0,
    "updated": 0
  },
  {
    "id": "c724502b-00e4-49d5-b480-b2b61085eba4",
    "data": [
      {
        "text": "💑",
        "userDefined": false
      }
    ],
    "isTemplate": false,
    "count": 0,
    "updated": 0
  },
  {
    "id": "109d2bff-4891-421e-b084-9ec2ec6cd1c8",
    "data": [
      {
        "text": "👩‍❤️‍👩",
        "userDefined": false
      }
    ],
    "isTemplate": false,
    "count": 0,
    "updated": 0
  },
  {
    "id": "4a6afa9e-82a6-4dec-a402-e39aad7391f5",
    "data": [
      {
        "text": "👨‍❤️‍👨",
        "userDefined": false
      }
    ],
    "isTemplate": false,
    "count": 0,
    "updated": 0
  },
  {
    "id": "c19dc83e-ce8b-47af-becd-63379cfd5082",
    "data": [
      {
        "text": "💏",
        "userDefined": false
      }
    ],
    "isTemplate": false,
    "count": 0,
    "updated": 0
  },
  {
    "id": "f76cacf3-8bd8-4f48-970a-b6f27dc6f0c2",
    "data": [
      {
        "text": "👩‍❤️‍💋‍👩",
        "userDefined": false
      }
    ],
    "isTemplate": false,
    "count": 0,
    "updated": 0
  },
  {
    "id": "bfe8fbbe-2c0d-4a2a-b0b7-548c395192f6",
    "data": [
      {
        "text": "👨‍❤️‍💋‍👨",
        "userDefined": false
      }
    ],
    "isTemplate": false,
    "count": 0,
    "updated": 0
  },
  {
    "id": "33012dfc-7c21-4378-b287-fe0c4c24180f",
    "data": [
      {
        "text": "👪",
        "userDefined": false
      }
    ],
    "isTemplate": false,
    "count": 0,
    "updated": 0
  },
  {
    "id": "278aeff6-468e-4aec-af73-985508ee3d55",
    "data": [
      {
        "text": "👨‍👩‍👧",
        "userDefined": false
      }
    ],
    "isTemplate": false,
    "count": 0,
    "updated": 0
  },
  {
    "id": "e2ed8633-070a-43a5-98a2-35a4ca3bd07f",
    "data": [
      {
        "text": "👨‍👩‍👧‍👦",
        "userDefined": false
      }
    ],
    "isTemplate": false,
    "count": 0,
    "updated": 0
  },
  {
    "id": "aee744a0-1d62-4022-8e58-bef1921950cc",
    "data": [
      {
        "text": "👨‍👩‍👦‍👦",
        "userDefined": false
      }
    ],
    "isTemplate": false,
    "count": 0,
    "updated": 0
  },
  {
    "id": "13768981-8502-40de-81da-c2f0e04b244c",
    "data": [
      {
        "text": "👨‍👩‍👧‍👧",
        "userDefined": false
      }
    ],
    "isTemplate": false,
    "count": 0,
    "updated": 0
  },
  {
    "id": "f5036ec0-282d-4901-9045-3bdb42008c8f",
    "data": [
      {
        "text": "👩‍👩‍👦",
        "userDefined": false
      }
    ],
    "isTemplate": false,
    "count": 0,
    "updated": 0
  },
  {
    "id": "c83111b0-8b8b-4d8f-891e-3ceeb97a94eb",
    "data": [
      {
        "text": "👩‍👩‍👧",
        "userDefined": false
      }
    ],
    "isTemplate": false,
    "count": 0,
    "updated": 0
  },
  {
    "id": "165bd2da-5cdf-44da-9678-9026b71fc2ea",
    "data": [
      {
        "text": "👩‍👩‍👧‍👦",
        "userDefined": false
      }
    ],
    "isTemplate": false,
    "count": 0,
    "updated": 0
  },
  {
    "id": "c1a3e12a-2eb2-4a6d-993c-ef75a83086e3",
    "data": [
      {
        "text": "👩‍👩‍👦‍👦",
        "userDefined": false
      }
    ],
    "isTemplate": false,
    "count": 0,
    "updated": 0
  },
  {
    "id": "29572079-817d-423c-862b-bbb51849dfa1",
    "data": [
      {
        "text": "👩‍👩‍👧‍👧",
        "userDefined": false
      }
    ],
    "isTemplate": false,
    "count": 0,
    "updated": 0
  },
  {
    "id": "b9151676-c5fd-42cc-993e-f7e1785c0b10",
    "data": [
      {
        "text": "👨‍👨‍👦",
        "userDefined": false
      }
    ],
    "isTemplate": false,
    "count": 0,
    "updated": 0
  },
  {
    "id": "33ee4dcd-0e63-436e-aa32-44462db08295",
    "data": [
      {
        "text": "👨‍👨‍👧",
        "userDefined": false
      }
    ],
    "isTemplate": false,
    "count": 0,
    "updated": 0
  },
  {
    "id": "ff6b371c-b0c9-467b-8c8f-9271b0452850",
    "data": [
      {
        "text": "👨‍👨‍👧‍👦",
        "userDefined": false
      }
    ],
    "isTemplate": false,
    "count": 0,
    "updated": 0
  },
  {
    "id": "3680470b-deff-4a9c-a473-a7f8e8aeeef1",
    "data": [
      {
        "text": "👨‍👨‍👦‍👦",
        "userDefined": false
      }
    ],
    "isTemplate": false,
    "count": 0,
    "updated": 0
  },
  {
    "id": "28a9c50b-e588-43b0-916b-d17905b1d3f2",
    "data": [
      {
        "text": "👨‍👨‍👧‍👧",
        "userDefined": false
      }
    ],
    "isTemplate": false,
    "count": 0,
    "updated": 0
  },
  {
    "id": "076720e0-4258-41ec-9ace-364716beafe0",
    "data": [
      {
        "text": "👚",
        "userDefined": false
      }
    ],
    "isTemplate": false,
    "count": 0,
    "updated": 0
  },
  {
    "id": "48e09b0a-f5d4-4132-b5ab-c7b51a1340a6",
    "data": [
      {
        "text": "👕",
        "userDefined": false
      }
    ],
    "isTemplate": false,
    "count": 0,
    "updated": 0
  },
  {
    "id": "5cbe31f5-5d93-4e1e-abda-f29759f74792",
    "data": [
      {
        "text": "👖",
        "userDefined": false
      }
    ],
    "isTemplate": false,
    "count": 0,
    "updated": 0
  },
  {
    "id": "ccdeb105-1b3b-4ffc-be3f-8908ff198abf",
    "data": [
      {
        "text": "👔",
        "userDefined": false
      }
    ],
    "isTemplate": false,
    "count": 0,
    "updated": 0
  },
  {
    "id": "f354dc10-6c5a-4c82-b1c1-c1c300f99f79",
    "data": [
      {
        "text": "👗",
        "userDefined": false
      }
    ],
    "isTemplate": false,
    "count": 0,
    "updated": 0
  },
  {
    "id": "ad562156-3f80-4a74-b355-9a8ae0d1c3de",
    "data": [
      {
        "text": "👙",
        "userDefined": false
      }
    ],
    "isTemplate": false,
    "count": 0,
    "updated": 0
  },
  {
    "id": "ab66a4e7-212f-4d0c-a9b6-43e2f31789fd",
    "data": [
      {
        "text": "👘",
        "userDefined": false
      }
    ],
    "isTemplate": false,
    "count": 0,
    "updated": 0
  },
  {
    "id": "be49b727-bd2b-4f45-85e2-73c4845b8e86",
    "data": [
      {
        "text": "💄",
        "userDefined": false
      }
    ],
    "isTemplate": false,
    "count": 0,
    "updated": 0
  },
  {
    "id": "52ba5c04-9094-44f1-bf3d-6afc7dacf14b",
    "data": [
      {
        "text": "💋",
        "userDefined": false
      }
    ],
    "isTemplate": false,
    "count": 0,
    "updated": 0
  },
  {
    "id": "4693aa65-3efa-4529-8485-f1933852e3b8",
    "data": [
      {
        "text": "👣",
        "userDefined": false
      }
    ],
    "isTemplate": false,
    "count": 0,
    "updated": 0
  },
  {
    "id": "c9d04dd0-abba-4eeb-b3b4-63c98fc827ca",
    "data": [
      {
        "text": "👠",
        "userDefined": false
      }
    ],
    "isTemplate": false,
    "count": 0,
    "updated": 0
  },
  {
    "id": "982f895b-11f1-47a6-966d-1d61c31443e4",
    "data": [
      {
        "text": "👡",
        "userDefined": false
      }
    ],
    "isTemplate": false,
    "count": 0,
    "updated": 0
  },
  {
    "id": "ee1c2479-bccd-4b0c-9058-94da05e5a5e2",
    "data": [
      {
        "text": "👢",
        "userDefined": false
      }
    ],
    "isTemplate": false,
    "count": 0,
    "updated": 0
  },
  {
    "id": "397cfaea-d90a-437e-93f1-bf0d85a8094c",
    "data": [
      {
        "text": "👞",
        "userDefined": false
      }
    ],
    "isTemplate": false,
    "count": 0,
    "updated": 0
  },
  {
    "id": "adafec2a-edee-4fac-965f-584cfefa8489",
    "data": [
      {
        "text": "👟",
        "userDefined": false
      }
    ],
    "isTemplate": false,
    "count": 0,
    "updated": 0
  },
  {
    "id": "f3fe8183-b44a-4701-8713-b386f762f451",
    "data": [
      {
        "text": "👒",
        "userDefined": false
      }
    ],
    "isTemplate": false,
    "count": 0,
    "updated": 0
  },
  {
    "id": "a04f4644-753a-4a19-82a3-1c4c24e64118",
    "data": [
      {
        "text": "🎩",
        "userDefined": false
      }
    ],
    "isTemplate": false,
    "count": 0,
    "updated": 0
  },
  {
    "id": "0c36e93b-4aac-48e8-b502-a74728ec4545",
    "data": [
      {
        "text": "🎓",
        "userDefined": false
      }
    ],
    "isTemplate": false,
    "count": 0,
    "updated": 0
  },
  {
    "id": "e865f519-6496-4686-aabf-e1efa1497f5f",
    "data": [
      {
        "text": "👑",
        "userDefined": false
      }
    ],
    "isTemplate": false,
    "count": 0,
    "updated": 0
  },
  {
    "id": "8b785e8d-9ab3-4e42-ab87-8e163e4a4ba0",
    "data": [
      {
        "text": "⛑",
        "userDefined": false
      }
    ],
    "isTemplate": false,
    "count": 0,
    "updated": 0
  },
  {
    "id": "a6321cff-8b03-45e5-901a-32223cff1e3a",
    "data": [
      {
        "text": "🎒",
        "userDefined": false
      }
    ],
    "isTemplate": false,
    "count": 0,
    "updated": 0
  },
  {
    "id": "e5d407d2-8fdc-4ec1-87c7-d35251c59a1e",
    "data": [
      {
        "text": "👝",
        "userDefined": false
      }
    ],
    "isTemplate": false,
    "count": 0,
    "updated": 0
  },
  {
    "id": "2714f3e0-571d-409e-a823-447e6bad3f72",
    "data": [
      {
        "text": "👛",
        "userDefined": false
      }
    ],
    "isTemplate": false,
    "count": 0,
    "updated": 0
  },
  {
    "id": "ca255b60-09c6-489b-97c6-0f092a492f8a",
    "data": [
      {
        "text": "👜",
        "userDefined": false
      }
    ],
    "isTemplate": false,
    "count": 0,
    "updated": 0
  },
  {
    "id": "8740bfde-dd07-49e0-b3b5-93e365db18f3",
    "data": [
      {
        "text": "💼",
        "userDefined": false
      }
    ],
    "isTemplate": false,
    "count": 0,
    "updated": 0
  },
  {
    "id": "a57a4199-307d-49c5-91a7-2a2e64677550",
    "data": [
      {
        "text": "👓",
        "userDefined": false
      }
    ],
    "isTemplate": false,
    "count": 0,
    "updated": 0
  },
  {
    "id": "de066198-4b07-4b0b-b8a5-a6de0f71822a",
    "data": [
      {
        "text": "🕶",
        "userDefined": false
      }
    ],
    "isTemplate": false,
    "count": 0,
    "updated": 0
  },
  {
    "id": "344b3954-2a91-478e-9b6a-7bf0e3f5f236",
    "data": [
      {
        "text": "💍",
        "userDefined": false
      }
    ],
    "isTemplate": false,
    "count": 0,
    "updated": 0
  },
  {
    "id": "bed3d0b8-0476-46ee-9f55-bed078974079",
    "data": [
      {
        "text": "🌂",
        "userDefined": false
      }
    ],
    "isTemplate": false,
    "count": 0,
    "updated": 0
  }
]