[
  {
    "id": "bdfbb96f-91dd-4f23-bb39-da3edccb5a01",
    "data": [
      {
        "text": "⌚",
        "userDefined": false
      }
    ],
    "isTemplate": false,
    "count": 0,
    "updated": 0
  },
  {
    "id": "4721610d-0917-4305-b1a9-ea036f48e7f0",
    "data": [
      {
        "text": "📱",
        "userDefined": false
      }
    ],
    "isTemplate": false,
    "count": 0,
    "updated": 0
  },
  {
    "id": "2edde5e6-c5ac-4832-8a6f-295967f2f3a9",
    "data": [
      {
        "text": "📲",
        "userDefined": false
      }
    ],
    "isTemplate": false,
    "count": 0,
    "updated": 0
  },
  {
    "id": "7a0089ff-346c-489b-87af-d41527d37b59",
    "data": [
      {
        "text": "💻",
        "userDefined": false
      }
    ],
    "isTemplate": false,
    "count": 0,
    "updated": 0
  },
  {
    "id": "21fd50aa-e93b-415e-a737-6b3e40753103",
    "data": [
      {
        "text": "⌨",
        "userDefined": false
      }
    ],
    "isTemplate": false,
    "count": 0,
    "updated": 0
  },
  {
    "id": "a12b3e46-bc9e-4d2a-bd9c-2595e063238c",
    "data": [
      {
        "text": "🖥",
        "userDefined": false
      }
    ],
    "isTemplate": false,
    "count": 0,
    "updated": 0
  },
  {
    "id": "a00d54b4-bc07-468b-9127-68a3e20531f4",
    "data": [
      {
        "text": "🖨",
        "userDefined": false
      }
    ],
    "isTemplate": false,
    "count": 0,
    "updated": 0
  },
  {
    "id": "fd380b1b-8595-4924-b222-488972dc49c2",
    "data": [
      {
        "text": "🖱",
        "userDefined": false
      }
    ],
    "isTemplate": false,
    "count": 0,
    "updated": 0
  },
  {
    "id": "b48562c8-c328-476d-b4e3-39d15b4f2af3",
    "data": [
      {
        "text": "🖲",
        "userDefined": false
      }
    ],
    "isTemplate": false,
    "count": 0,
    "updated": 0
  },
  {
    "id": "2c0e78b8-2297-4b05-974e-713ac78053a5",
    "data": [
      {
        "text": "🕹",
        "userDefined": false
      }
    ],
    "isTemplate": false,
    "count": 0,
    "updated": 0
  },
  {
    "id": "90d4872f-1b19-4cc8-8af0-395522070d1d",
    "data": [
      {
        "text": "🗜",
        "userDefined": false
      }
    ],
    "isTemplate": false,
    "count": 0,
    "updated": 0
  },
  {
    "id": "4acb1224-32ea-43aa-9ef5-a89fc9709d10",
    "data": [
      {
        "text": "💽",
        "userDefined": false
      }
    ],
    "isTemplate": false,
    "count": 0,
    "updated": 0
  },
  {
    "id": "0e676256-183b-4752-8077-e22bf6dba83f",
    "data": [
      {
        "text": "💾",
        "userDefined": false
      }
    ],
    "isTemplate": false,
    "count": 0,
    "updated": 0
  },
  {
    "id": "77c9496c-30a4-4af6-82b3-da8faa015a81",
    "data": [
      {
        "text": "💿",
        "userDefined": false
      }
    ],
    "isTemplate": false,
    "count": 0,
    "updated": 0
  },
  {
    "id": "fd644895-2c7a-48ba-a106-7632b0016323",
    "data": [
      {
        "text": "📀",
        "userDefined": false
      }
    ],
    "isTemplate": false,
    "count": 0,
    "updated": 0
  },
  {
    "id": "f0fb52aa-3768-40c5-b9da-e2dbee9ca69d",
    "data": [
      {
        "text": "📼",
        "userDefined": false
      }
    ],
    "isTemplate": false,
    "count": 0,
    "updated": 0
  },
  {
    "id": "b7152bbd-6a0c-4605-9616-a44a235414ff",
    "data": [
      {
        "text": "📷",
        "userDefined": false
      }
    ],
    "isTemplate": false,
    "count": 0,
    "updated": 0
  },
  {
    "id": "d5aee509-630c-40c6-8584-556aaed5e309",
    "data": [
      {
        "text": "📸",
        "userDefined": false
      }
    ],
    "isTemplate": false,
    "count": 0,
    "updated": 0
  },
  {
    "id": "f812c610-94ac-4fa5-9a49-07e2159848e3",
    "data": [
      {
        "text": "📹",
        "userDefined": false
      }
    ],
    "isTemplate": false,
    "count": 0,
    "updated": 0
  },
  {
    "id": "2c14f918-ca47-4edd-9648-5f80daae3656",
    "data": [
      {
        "text": "🎥",
        "userDefined": false
      }
    ],
    "isTemplate": false,
    "count": 0,
    "updated": 0
  },
  {
    "id": "3775c812-61d5-4366-a991-0a415570546a",
    "data": [
      {
        "text": "📽",
        "userDefined": false
      }
    ],
    "isTemplate": false,
    "count": 0,
    "updated": 0
  },
  {
    "id": "ca6ec348-2fe3-44e2-b562-ca9f58de6eb6",
    "data": [
      {
        "text": "🎞",
        "userDefined": false
      }
    ],
    "isTemplate": false,
    "count": 0,
    "updated": 0
  },
  {
    "id": "c2b6f571-ef2e-457f-b8eb-5c9f7c4bd8f5",
    "data": [
      {
        "text": "📞",
        "userDefined": false
      }
    ],
    "isTemplate": false,
    "count": 0,
    "updated": 0
  },
  {
    "id": "f499a7ac-3d62-477a-ae4f-078ff88dd6d9",
    "data": [
      {
        "text": "☎",
        "userDefined": false
      }
    ],
    "isTemplate": false,
    "count": 0,
    "updated": 0
  },
  {
    "id": "7d6d90dc-f0ea-49df-9a69-91cb2e48a4a7",
    "data": [
      {
        "text": "📟",
        "userDefined": false
      }
    ],
    "isTemplate": false,
    "count": 0,
    "updated": 0
  },
  {
    "id": "dbc70a08-b415-43a8-a6c3-f1021726a320",
    "data": [
      {
        "text": "📠",
        "userDefined": false
      }
    ],
    "isTemplate": false,
    "count": 0,
    "updated": 0
  },
  {
    "id": "b30cab62-6e28-4659-bf90-022e44f8a275",
    "data": [
      {
        "text": "📺",
        "userDefined": false
      }
    ],
    "isTemplate": false,
    "count": 0,
    "updated": 0
  },
  {
    "id": "c7356258-92e6-491d-b810-ff46b048153d",
    "data": [
      {
        "text": "📻",
        "userDefined": false
      }
    ],
    "isTemplate": false,
    "count": 0,
    "updated": 0
  },
  {
    "id": "5b748514-2b3a-4d61-8953-896bc1ff3b19",
    "data": [
      {
        "text": "🎙",
        "userDefined": false
      }
    ],
    "isTemplate": false,
    "count": 0,
    "updated": 0
  },
  {
    "id": "a69b6130-02d5-4c91-bec3-981c74e69034",
    "data": [
      {
        "text": "🎚",
        "userDefined": false
      }
    ],
    "isTemplate": false,
    "count": 0,
    "updated": 0
  },
  {
    "id": "5609db43-a443-48eb-8985-fc9ce6a5d90b",
    "data": [
      {
        "text": "🎛",
        "userDefined": false
      }
    ],
    "isTemplate": false,
    "count": 0,
    "updated": 0
  },
  {
    "id": "7f7d774c-df3f-4296-8a21-1563d57dca50",
    "data": [
      {
        "text": "⏱",
        "userDefined": false
      }
    ],
    "isTemplate": false,
    "count": 0,
    "updated": 0
  },
  {
    "id": "ce4754c3-0d9b-4787-94e4-7aa41bf7238c",
    "data": [
      {
        "text": "⏲",
        "userDefined": false
      }
    ],
    "isTemplate": false,
    "count": 0,
    "updated": 0
  },
  {
    "id": "421bef84-46cd-490e-ac50-929500ca815f",
    "data": [
      {
        "text": "⏰",
        "userDefined": false
      }
    ],
    "isTemplate": false,
    "count": 0,
    "updated": 0
  },
  {
    "id": "24c4d5f4-cd0d-466c-9770-feabd4211801",
    "data": [
      {
        "text": "🕰",
        "userDefined": false
      }
    ],
    "isTemplate": false,
    "count": 0,
    "updated": 0
  },
  {
    "id": "4eedc9e1-8ab5-4737-8abe-30bb6a7ee5c3",
    "data": [
      {
        "text": "⏳",
        "userDefined": false
      }
    ],
    "isTemplate": false,
    "count": 0,
    "updated": 0
  },
  {
    "id": "8edf93dd-375c-450c-9541-8fd59e8e6de4",
    "data": [
      {
        "text": "⌛",
        "userDefined": false
      }
    ],
    "isTemplate": false,
    "count": 0,
    "updated": 0
  },
  {
    "id": "df153a2d-df80-4b6f-a133-9eef5194051b",
    "data": [
      {
        "text": "📡",
        "userDefined": false
      }
    ],
    "isTemplate": false,
    "count": 0,
    "updated": 0
  },
  {
    "id": "ed2ec1d7-107c-43a3-a436-704604f879a5",
    "data": [
      {
        "text": "🔋",
        "userDefined": false
      }
    ],
    "isTemplate": false,
    "count": 0,
    "updated": 0
  },
  {
    "id": "79684222-8555-491c-b5a3-56f23ac4e407",
    "data": [
      {
        "text": "🔌",
        "userDefined": false
      }
    ],
    "isTemplate": false,
    "count": 0,
    "updated": 0
  },
  {
    "id": "2a1ed9a0-1699-45c9-a3f5-32cb1268a10f",
    "data": [
      {
        "text": "💡",
        "userDefined": false
      }
    ],
    "isTemplate": false,
    "count": 0,
    "updated": 0
  },
  {
    "id": "aec19b88-841c-485a-98ae-b31b9666c0ae",
    "data": [
      {
        "text": "🔦",
        "userDefined": false
      }
    ],
    "isTemplate": false,
    "count": 0,
    "updated": 0
  },
  {
    "id": "e9086949-40e5-40d5-96a8-f0886018be71",
    "data": [
      {
        "text": "🕯",
        "userDefined": false
      }
    ],
    "isTemplate": false,
    "count": 0,
    "updated": 0
  },
  {
    "id": "a6b24c93-d117-461c-9f83-46510ab48b86",
    "data": [
      {
        "text": "🗑",
        "userDefined": false
      }
    ],
    "isTemplate": false,
    "count": 0,
    "updated": 0
  },
  {
    "id": "8e8016be-7df0-4fa3-a9b7-778a81074cb1",
    "data": [
      {
        "text": "🛢",
        "userDefined": false
      }
    ],
    "isTemplate": false,
    "count": 0,
    "updated": 0
  },
  {
    "id": "b28d0a44-f0e8-46ef-8644-6f677efe2170",
    "data": [
      {
        "text": "💸",
        "userDefined": false
      }
    ],
    "isTemplate": false,
    "count": 0,
    "updated": 0
  },
  {
    "id": "d5c30d3d-b3bd-4cc4-8f8e-a5c339170c7d",
    "data": [
      {
        "text": "💵",
        "userDefined": false
      }
    ],
    "isTemplate": false,
    "count": 0,
    "updated": 0
  },
  {
    "id": "d0c71db1-0bee-467d-841c-d790e775ac35",
    "data": [
      {
        "text": "💴",
        "userDefined": false
      }
    ],
    "isTemplate": false,
    "count": 0,
    "updated": 0
  },
  {
    "id": "b398cec5-4965-4f44-9125-3e9176b1bf0b",
    "data": [
      {
        "text": "💶",
        "userDefined": false
      }
    ],
    "isTemplate": false,
    "count": 0,
    "updated": 0
  },
  {
    "id": "3982fbde-73d7-40d2-ae35-b6637d4934e3",
    "data": [
      {
        "text": "💷",
        "userDefined": false
      }
    ],
    "isTemplate": false,
    "count": 0,
    "updated": 0
  },
  {
    "id": "95ed6f32-0326-42f3-a1ff-df6c055319ad",
    "data": [
      {
        "text": "💰",
        "userDefined": false
      }
    ],
    "isTemplate": false,
    "count": 0,
    "updated": 0
  },
  {
    "id": "1e92cba8-c2a9-4538-b0a3-b78fc570e55f",
    "data": [
      {
        "text": "💳",
        "userDefined": false
      }
    ],
    "isTemplate": false,
    "count": 0,
    "updated": 0
  },
  {
    "id": "ef9263d2-72fe-4144-9a60-cada51208d68",
    "data": [
      {
        "text": "💎",
        "userDefined": false
      }
    ],
    "isTemplate": false,
    "count": 0,
    "updated": 0
  },
  {
    "id": "e0e0aae8-4656-4567-bb02-c265b7ee83b8",
    "data": [
      {
        "text": "⚖",
        "userDefined": false
      }
    ],
    "isTemplate": false,
    "count": 0,
    "updated": 0
  },
  {
    "id": "1ce90d39-c792-4bab-8e02-083214d76272",
    "data": [
      {
        "text": "🔧",
        "userDefined": false
      }
    ],
    "isTemplate": false,
    "count": 0,
    "updated": 0
  },
  {
    "id": "e2be817e-20f0-4209-aa54-2b23d3ea8e35",
    "data": [
      {
        "text": "🔨",
        "userDefined": false
      }
    ],
    "isTemplate": false,
    "count": 0,
    "updated": 0
  },
  {
    "id": "8eec544c-9f76-4738-a453-404d1a0df86e",
    "data": [
      {
        "text": "⚒",
        "userDefined": false
      }
    ],
    "isTemplate": false,
    "count": 0,
    "updated": 0
  },
  {
    "id": "8222ee54-93b3-47f5-ba13-9f48430460f6",
    "data": [
      {
        "text": "🛠",
        "userDefined": false
      }
    ],
    "isTemplate": false,
    "count": 0,
    "updated": 0
  },
  {
    "id": "17e0f249-17f4-403b-ab35-1c2122195ed2",
    "data": [
      {
        "text": "⛏",
        "userDefined": false
      }
    ],
    "isTemplate": false,
    "count": 0,
    "updated": 0
  },
  {
    "id": "8ef3ef03-ceaf-48a6-9362-762979019808",
    "data": [
      {
        "text": "🔩",
        "userDefined": false
      }
    ],
    "isTemplate": false,
    "count": 0,
    "updated": 0
  },
  {
    "id": "56e41455-50b3-4a1c-8391-509ac8aae674",
    "data": [
      {
        "text": "⚙",
        "userDefined": false
      }
    ],
    "isTemplate": false,
    "count": 0,
    "updated": 0
  },
  {
    "id": "41c1bd1c-2aa6-4a91-bc78-9b40954c1c52",
    "data": [
      {
        "text": "⛓",
        "userDefined": false
      }
    ],
    "isTemplate": false,
    "count": 0,
    "updated": 0
  },
  {
    "id": "4e626213-4c08-41c1-bc00-a26aef4b195d",
    "data": [
      {
        "text": "🔫",
        "userDefined": false
      }
    ],
    "isTemplate": false,
    "count": 0,
    "updated": 0
  },
  {
    "id": "43bd35a5-a1b1-4bc5-af9a-428747763d00",
    "data": [
      {
        "text": "💣",
        "userDefined": false
      }
    ],
    "isTemplate": false,
    "count": 0,
    "updated": 0
  },
  {
    "id": "071511c5-54ff-4e75-9818-9335c1eb78ca",
    "data": [
      {
        "text": "🔪",
        "userDefined": false
      }
    ],
    "isTemplate": false,
    "count": 0,
    "updated": 0
  },
  {
    "id": "d7f764c4-37f1-48f9-a65d-94cbfc142255",
    "data": [
      {
        "text": "🗡",
        "userDefined": false
      }
    ],
    "isTemplate": false,
    "count": 0,
    "updated": 0
  },
  {
    "id": "16354377-230d-40c1-b5a0-bde17fe00ee5",
    "data": [
      {
        "text": "⚔",
        "userDefined": false
      }
    ],
    "isTemplate": false,
    "count": 0,
    "updated": 0
  },
  {
    "id": "0e96f447-b1f7-469a-81d2-6e6ad6885175",
    "data": [
      {
        "text": "🛡",
        "userDefined": false
      }
    ],
    "isTemplate": false,
    "count": 0,
    "updated": 0
  },
  {
    "id": "9f894fa0-a7ad-44f4-8252-30e71b105204",
    "data": [
      {
        "text": "🚬",
        "userDefined": false
      }
    ],
    "isTemplate": false,
    "count": 0,
    "updated": 0
  },
  {
    "id": "e93fb8a9-01d2-4128-b4eb-c60673d754ed",
    "data": [
      {
        "text": "☠",
        "userDefined": false
      }
    ],
    "isTemplate": false,
    "count": 0,
    "updated": 0
  },
  {
    "id": "c0c7edfc-2c4e-4050-ac79-2bbed81b9b3d",
    "data": [
      {
        "text": "⚰",
        "userDefined": false
      }
    ],
    "isTemplate": false,
    "count": 0,
    "updated": 0
  },
  {
    "id": "e0af7be5-395f-4119-8aa9-17f2ec89c51f",
    "data": [
      {
        "text": "⚱",
        "userDefined": false
      }
    ],
    "isTemplate": false,
    "count": 0,
    "updated": 0
  },
  {
    "id": "fb0c24ce-57bf-45a4-bddc-e7de7abf1aa6",
    "data": [
      {
        "text": "🏺",
        "userDefined": false
      }
    ],
    "isTemplate": false,
    "count": 0,
    "updated": 0
  },
  {
    "id": "dab7c5ab-b91f-48e1-8615-28531fcdb2cb",
    "data": [
      {
        "text": "🔮",
        "userDefined": false
      }
    ],
    "isTemplate": false,
    "count": 0,
    "updated": 0
  },
  {
    "id": "dca8c573-1918-456b-a58c-31397810e924",
    "data": [
      {
        "text": "📿",
        "userDefined": false
      }
    ],
    "isTemplate": false,
    "count": 0,
    "updated": 0
  },
  {
    "id": "357e4637-5f0c-4c66-8a31-21c959a1a5df",
    "data": [
      {
        "text": "💈",
        "userDefined": false
      }
    ],
    "isTemplate": false,
    "count": 0,
    "updated": 0
  },
  {
    "id": "a9c4cf01-682b-497e-8e98-b21fc888d096",
    "data": [
      {
        "text": "⚗",
        "userDefined": false
      }
    ],
    "isTemplate": false,
    "count": 0,
    "updated": 0
  },
  {
    "id": "91af4c87-7ded-4cb6-bbca-875e9c62763a",
    "data": [
      {
        "text": "🔭",
        "userDefined": false
      }
    ],
    "isTemplate": false,
    "count": 0,
    "updated": 0
  },
  {
    "id": "2447085c-6cfc-488c-bd9e-107800351be3",
    "data": [
      {
        "text": "🔬",
        "userDefined": false
      }
    ],
    "isTemplate": false,
    "count": 0,
    "updated": 0
  },
  {
    "id": "32c8204d-2b7b-4583-a2a9-e1c1c9e3369b",
    "data": [
      {
        "text": "🕳",
        "userDefined": false
      }
    ],
    "isTemplate": false,
    "count": 0,
    "updated": 0
  },
  {
    "id": "8644ca86-adad-452d-afdf-841f44875082",
    "data": [
      {
        "text": "💊",
        "userDefined": false
      }
    ],
    "isTemplate": false,
    "count": 0,
    "updated": 0
  },
  {
    "id": "56e4bd45-cda2-4226-829f-38ab7f48675c",
    "data": [
      {
        "text": "💉",
        "userDefined": false
      }
    ],
    "isTemplate": false,
    "count": 0,
    "updated": 0
  },
  {
    "id": "6796baab-faae-4ff4-9529-c2e54ee4138d",
    "data": [
      {
        "text": "🌡",
        "userDefined": false
      }
    ],
    "isTemplate": false,
    "count": 0,
    "updated": 0
  },
  {
    "id": "5690e3a7-5188-4c75-b01e-3998590c21ae",
    "data": [
      {
        "text": "🏷",
        "userDefined": false
      }
    ],
    "isTemplate": false,
    "count": 0,
    "updated": 0
  },
  {
    "id": "dcfaff23-717d-4c92-bc94-5aa322059add",
    "data": [
      {
        "text": "🔖",
        "userDefined": false
      }
    ],
    "isTemplate": false,
    "count": 0,
    "updated": 0
  },
  {
    "id": "81d07823-4685-49eb-8b89-7fe742a1bd7a",
    "data": [
      {
        "text": "🚽",
        "userDefined": false
      }
    ],
    "isTemplate": false,
    "count": 0,
    "updated": 0
  },
  {
    "id": "ea5a77f9-22b9-4ee7-9b0e-0ff38d34c10b",
    "data": [
      {
        "text": "🚿",
        "userDefined": false
      }
    ],
    "isTemplate": false,
    "count": 0,
    "updated": 0
  },
  {
    "id": "fdb5ab7d-da52-4e25-abcc-55c5335f8000",
    "data": [
      {
        "text": "🛁",
        "userDefined": false
      }
    ],
    "isTemplate": false,
    "count": 0,
    "updated": 0
  },
  {
    "id": "94b27638-2a11-4312-8523-a781dac6af2a",
    "data": [
      {
        "text": "🔑",
        "userDefined": false
      }
    ],
    "isTemplate": false,
    "count": 0,
    "updated": 0
  },
  {
    "id": "fdd80d65-8213-46c4-82b5-a866c14f8aa7",
    "data": [
      {
        "text": "🗝",
        "userDefined": false
      }
    ],
    "isTemplate": false,
    "count": 0,
    "updated": 0
  },
  {
    "id": "3c95a7da-337c-4446-8fa1-8e919acd0a14",
    "data": [
      {
        "text": "🛋",
        "userDefined": false
      }
    ],
    "isTemplate": false,
    "count": 0,
    "updated": 0
  },
  {
    "id": "59f28819-19f5-492b-8a56-c0adb92e85b8",
    "data": [
      {
        "text": "🛌",
        "userDefined": false
      }
    ],
    "isTemplate": false,
    "count": 0,
    "updated": 0
  },
  {
    "id": "5a0a4e46-0cf2-4acc-88e8-09115f02c441",
    "data": [
      {
        "text": "🛏",
        "userDefined": false
      }
    ],
    "isTemplate": false,
    "count": 0,
    "updated": 0
  },
  {
    "id": "09e5460e-1932-47c5-aa19-2d40d57e85c5",
    "data": [
      {
        "text": "🚪",
        "userDefined": false
      }
    ],
    "isTemplate": false,
    "count": 0,
    "updated": 0
  },
  {
    "id": "08970df9-280c-419a-b82f-fc979add8348",
    "data": [
      {
        "text": "🛎",
        "userDefined": false
      }
    ],
    "isTemplate": false,
    "count": 0,
    "updated": 0
  },
  {
    "id": "fd453ae2-942f-4289-9319-f934ce667a40",
    "data": [
      {
        "text": "🖼",
        "userDefined": false
      }
    ],
    "isTemplate": false,
    "count": 0,
    "updated": 0
  },
  {
    "id": "ccee6a28-dd60-4c00-b8f9-2ece831b9181",
    "data": [
      {
        "text": "🗺",
        "userDefined": false
      }
    ],
    "isTemplate": false,
    "count": 0,
    "updated": 0
  },
  {
    "id": "810ffe6e-8080-47e3-8f57-2aad8dd32e2d",
    "data": [
      {
        "text": "⛱",
        "userDefined": false
      }
    ],
    "isTemplate": false,
    "count": 0,
    "updated": 0
  },
  {
    "id": "d944e3df-79a7-45b6-81c6-67570a329869",
    "data": [
      {
        "text": "🗿",
        "userDefined": false
      }
    ],
    "isTemplate": false,
    "count": 0,
    "updated": 0
  },
  {
    "id": "46b93e05-04a4-4a9b-9746-06cff735a5b9",
    "data": [
      {
        "text": "🛍",
        "userDefined": false
      }
    ],
    "isTemplate": false,
    "count": 0,
    "updated": 0
  },
  {
    "id": "79f58aa9-5af7-4121-8c2a-2e6262d59318",
    "data": [
      {
        "text": "🎈",
        "userDefined": false
      }
    ],
    "isTemplate": false,
    "count": 0,
    "updated": 0
  },
  {
    "id": "4c730afb-827d-46eb-8101-4c5bcb7d6340",
    "data": [
      {
        "text": "🎏",
        "userDefined": false
      }
    ],
    "isTemplate": false,
    "count": 0,
    "updated": 0
  },
  {
    "id": "c3bdd634-2315-4107-b6d6-02052dbaa0b3",
    "data": [
      {
        "text": "🎀",
        "userDefined": false
      }
    ],
    "isTemplate": false,
    "count": 0,
    "updated": 0
  },
  {
    "id": "e0bd9cb4-c76c-47cf-a6d3-0ed9fd71093a",
    "data": [
      {
        "text": "🎁",
        "userDefined": false
      }
    ],
    "isTemplate": false,
    "count": 0,
    "updated": 0
  },
  {
    "id": "c977e3ba-a609-4303-b2c2-40507420a289",
    "data": [
      {
        "text": "🎊",
        "userDefined": false
      }
    ],
    "isTemplate": false,
    "count": 0,
    "updated": 0
  },
  {
    "id": "d861581d-289e-4750-b2cd-ff2cbdf41090",
    "data": [
      {
        "text": "🎉",
        "userDefined": false
      }
    ],
    "isTemplate": false,
    "count": 0,
    "updated": 0
  },
  {
    "id": "b55fbc31-3461-4e4f-84a0-ae6a1f59da5e",
    "data": [
      {
        "text": "🎎",
        "userDefined": false
      }
    ],
    "isTemplate": false,
    "count": 0,
    "updated": 0
  },
  {
    "id": "a4efa823-9e61-4e9b-97b4-6e54ae16bfa7",
    "data": [
      {
        "text": "🎐",
        "userDefined": false
      }
    ],
    "isTemplate": false,
    "count": 0,
    "updated": 0
  },
  {
    "id": "51f35ac6-3d87-483d-be68-a89e252bf9f5",
    "data": [
      {
        "text": "🎌",
        "userDefined": false
      }
    ],
    "isTemplate": false,
    "count": 0,
    "updated": 0
  },
  {
    "id": "76151c69-cff0-456c-b2da-fd1df2ba8aae",
    "data": [
      {
        "text": "🏮",
        "userDefined": false
      }
    ],
    "isTemplate": false,
    "count": 0,
    "updated": 0
  },
  {
    "id": "74fba371-ee91-43a9-b5c3-453607928ed6",
    "data": [
      {
        "text": "✉",
        "userDefined": false
      }
    ],
    "isTemplate": false,
    "count": 0,
    "updated": 0
  },
  {
    "id": "ed8dc06e-409b-4c35-a646-48bacf7c809f",
    "data": [
      {
        "text": "📩",
        "userDefined": false
      }
    ],
    "isTemplate": false,
    "count": 0,
    "updated": 0
  },
  {
    "id": "7fe7cc37-caab-4fff-9b23-4bcb4f462c2e",
    "data": [
      {
        "text": "📨",
        "userDefined": false
      }
    ],
    "isTemplate": false,
    "count": 0,
    "updated": 0
  },
  {
    "id": "9365b934-2727-4fac-8b76-9c2cac03d4e7",
    "data": [
      {
        "text": "📧",
        "userDefined": false
      }
    ],
    "isTemplate": false,
    "count": 0,
    "updated": 0
  },
  {
    "id": "211a86c6-ad1d-463c-99ba-8070ad4df0e6",
    "data": [
      {
        "text": "💌",
        "userDefined": false
      }
    ],
    "isTemplate": false,
    "count": 0,
    "updated": 0
  },
  {
    "id": "730f45d8-f389-4e8c-b2c9-a2b6da35f58e",
    "data": [
      {
        "text": "📮",
        "userDefined": false
      }
    ],
    "isTemplate": false,
    "count": 0,
    "updated": 0
  },
  {
    "id": "e72473d7-7fe1-4fd3-ad88-76038de28511",
    "data": [
      {
        "text": "📪",
        "userDefined": false
      }
    ],
    "isTemplate": false,
    "count": 0,
    "updated": 0
  },
  {
    "id": "811281f1-e24d-4035-95ea-8da552ab8cd0",
    "data": [
      {
        "text": "📫",
        "userDefined": false
      }
    ],
    "isTemplate": false,
    "count": 0,
    "updated": 0
  },
  {
    "id": "f29f43b3-b7ca-4124-9610-120b270aa521",
    "data": [
      {
        "text": "📬",
        "userDefined": false
      }
    ],
    "isTemplate": false,
    "count": 0,
    "updated": 0
  },
  {
    "id": "8cb7585d-826a-452a-b991-d8a6d96726d1",
    "data": [
      {
        "text": "📭",
        "userDefined": false
      }
    ],
    "isTemplate": false,
    "count": 0,
    "updated": 0
  },
  {
    "id": "81225834-f547-43b5-8f2c-0083c4136464",
    "data": [
      {
        "text": "📦",
        "userDefined": false
      }
    ],
    "isTemplate": false,
    "count": 0,
    "updated": 0
  },
  {
    "id": "6fcacf6a-6232-4742-87f1-d10690a592ac",
    "data": [
      {
        "text": "📯",
        "userDefined": false
      }
    ],
    "isTemplate": false,
    "count": 0,
    "updated": 0
  },
  {
    "id": "a8bff4f1-b865-46a2-8c94-def9f2d79ee7",
    "data": [
      {
        "text": "📥",
        "userDefined": false
      }
    ],
    "isTemplate": false,
    "count": 0,
    "updated": 0
  },
  {
    "id": "daa49a52-8b77-41c3-8280-0786b25c8ebd",
    "data": [
      {
        "text": "📤",
        "userDefined": false
      }
    ],
    "isTemplate": false,
    "count": 0,
    "updated": 0
  },
  {
    "id": "65449f03-3f05-40a8-878e-1bc74e11231c",
    "data": [
      {
        "text": "📜",
        "userDefined": false
      }
    ],
    "isTemplate": false,
    "count": 0,
    "updated": 0
  },
  {
    "id": "1c72d868-11f2-4690-aba6-8004d2964d06",
    "data": [
      {
        "text": "📃",
        "userDefined": false
      }
    ],
    "isTemplate": false,
    "count": 0,
    "updated": 0
  },
  {
    "id": "ac8d1483-dc3f-46cd-84d4-09f16481ba61",
    "data": [
      {
        "text": "📑",
        "userDefined": false
      }
    ],
    "isTemplate": false,
    "count": 0,
    "updated": 0
  },
  {
    "id": "d3868cbc-e4b5-4cff-99f2-7ffe2302fc4e",
    "data": [
      {
        "text": "📊",
        "userDefined": false
      }
    ],
    "isTemplate": false,
    "count": 0,
    "updated": 0
  },
  {
    "id": "8f3ad328-59e2-43ac-a4a3-f236616225c0",
    "data": [
      {
        "text": "📈",
        "userDefined": false
      }
    ],
    "isTemplate": false,
    "count": 0,
    "updated": 0
  },
  {
    "id": "fc5e41e2-de3b-48a1-9bcc-d209ed9bf8fb",
    "data": [
      {
        "text": "📉",
        "userDefined": false
      }
    ],
    "isTemplate": false,
    "count": 0,
    "updated": 0
  },
  {
    "id": "be01cbf0-366f-410a-9eec-df1d3bfa26ec",
    "data": [
      {
        "text": "📄",
        "userDefined": false
      }
    ],
    "isTemplate": false,
    "count": 0,
    "updated": 0
  },
  {
    "id": "c38c7bf2-b708-4d1d-8007-0fd06ea71400",
    "data": [
      {
        "text": "📅",
        "userDefined": false
      }
    ],
    "isTemplate": false,
    "count": 0,
    "updated": 0
  },
  {
    "id": "efcfad5d-4d2d-44ec-83ec-fbdd7b621168",
    "data": [
      {
        "text": "📆",
        "userDefined": false
      }
    ],
    "isTemplate": false,
    "count": 0,
    "updated": 0
  },
  {
    "id": "40f20505-51b4-4bcc-b7ec-0ea9a0fd753d",
    "data": [
      {
        "text": "🗓",
        "userDefined": false
      }
    ],
    "isTemplate": false,
    "count": 0,
    "updated": 0
  },
  {
    "id": "ac66086f-b09e-49d0-ae7d-7d6f411e7b77",
    "data": [
      {
        "text": "📇",
        "userDefined": false
      }
    ],
    "isTemplate": false,
    "count": 0,
    "updated": 0
  },
  {
    "id": "fe2e2ef4-d4e0-474d-8cfe-edcbb065832d",
    "data": [
      {
        "text": "🗃",
        "userDefined": false
      }
    ],
    "isTemplate": false,
    "count": 0,
    "updated": 0
  },
  {
    "id": "11426dfa-ff15-49f4-ac30-c048703543f0",
    "data": [
      {
        "text": "🗳",
        "userDefined": false
      }
    ],
    "isTemplate": false,
    "count": 0,
    "updated": 0
  },
  {
    "id": "5d22eb4a-8abb-478e-9a18-646216f61e42",
    "data": [
      {
        "text": "🗄",
        "userDefined": false
      }
    ],
    "isTemplate": false,
    "count": 0,
    "updated": 0
  },
  {
    "id": "3e3efa5b-ce1c-463c-83a7-6662feca63d5",
    "data": [
      {
        "text": "📋",
        "userDefined": false
      }
    ],
    "isTemplate": false,
    "count": 0,
    "updated": 0
  },
  {
    "id": "a031a656-8fcc-4398-8a6c-47af7a1c3a82",
    "data": [
      {
        "text": "🗒",
        "userDefined": false
      }
    ],
    "isTemplate": false,
    "count": 0,
    "updated": 0
  },
  {
    "id": "9621f021-d1ff-4f55-9012-f3245b4012b6",
    "data": [
      {
        "text": "📁",
        "userDefined": false
      }
    ],
    "isTemplate": false,
    "count": 0,
    "updated": 0
  },
  {
    "id": "5478088e-2e19-417c-9cc5-07eb1a8d3552",
    "data": [
      {
        "text": "📂",
        "userDefined": false
      }
    ],
    "isTemplate": false,
    "count": 0,
    "updated": 0
  },
  {
    "id": "95492e21-1feb-4b9c-857e-106341212096",
    "data": [
      {
        "text": "🗂",
        "userDefined": false
      }
    ],
    "isTemplate": false,
    "count": 0,
    "updated": 0
  },
  {
    "id": "b7a3b945-6ae0-46ea-ac2e-82df5420f886",
    "data": [
      {
        "text": "🗞",
        "userDefined": false
      }
    ],
    "isTemplate": false,
    "count": 0,
    "updated": 0
  },
  {
    "id": "7b8eb793-ea07-4cb0-a9f4-d6e314951949",
    "data": [
      {
        "text": "📰",
        "userDefined": false
      }
    ],
    "isTemplate": false,
    "count": 0,
    "updated": 0
  },
  {
    "id": "918aa82f-a50e-479a-9c9f-6203ab4e5f66",
    "data": [
      {
        "text": "📓",
        "userDefined": false
      }
    ],
    "isTemplate": false,
    "count": 0,
    "updated": 0
  },
  {
    "id": "45364ef4-e908-4540-a4dc-36d8fb7053ca",
    "data": [
      {
        "text": "📕",
        "userDefined": false
      }
    ],
    "isTemplate": false,
    "count": 0,
    "updated": 0
  },
  {
    "id": "34abbdcc-c034-4d3e-8592-c0985e121588",
    "data": [
      {
        "text": "📗",
        "userDefined": false
      }
    ],
    "isTemplate": false,
    "count": 0,
    "updated": 0
  },
  {
    "id": "f24524d2-ba7d-4fea-858e-65f6b23b30c9",
    "data": [
      {
        "text": "📘",
        "userDefined": false
      }
    ],
    "isTemplate": false,
    "count": 0,
    "updated": 0
  },
  {
    "id": "1730992a-2d11-4c44-aff6-96f13507057d",
    "data": [
      {
        "text": "📙",
        "userDefined": false
      }
    ],
    "isTemplate": false,
    "count": 0,
    "updated": 0
  },
  {
    "id": "23b445a7-979a-4442-bbfb-df4b9c109a0a",
    "data": [
      {
        "text": "📔",
        "userDefined": false
      }
    ],
    "isTemplate": false,
    "count": 0,
    "updated": 0
  },
  {
    "id": "01bc8311-6090-437c-8693-d83ffc3cafe8",
    "data": [
      {
        "text": "📒",
        "userDefined": false
      }
    ],
    "isTemplate": false,
    "count": 0,
    "updated": 0
  },
  {
    "id": "37c18aa0-36a6-4c2c-8593-1d4966dd4d62",
    "data": [
      {
        "text": "📚",
        "userDefined": false
      }
    ],
    "isTemplate": false,
    "count": 0,
    "updated": 0
  },
  {
    "id": "8c0324e7-c509-4c3b-8ea1-0a0601309e5b",
    "data": [
      {
        "text": "📖",
        "userDefined": false
      }
    ],
    "isTemplate": false,
    "count": 0,
    "updated": 0
  },
  {
    "id": "4de58197-a3d8-4a3e-9caf-94a96a899898",
    "data": [
      {
        "text": "🔗",
        "userDefined": false
      }
    ],
    "isTemplate": false,
    "count": 0,
    "updated": 0
  },
  {
    "id": "c4298157-bd76-4fc2-8652-5378eeea59a2",
    "data": [
      {
        "text": "📎",
        "userDefined": false
      }
    ],
    "isTemplate": false,
    "count": 0,
    "updated": 0
  },
  {
    "id": "e2e7a121-abd7-4e14-abf8-ae29da801225",
    "data": [
      {
        "text": "🖇",
        "userDefined": false
      }
    ],
    "isTemplate": false,
    "count": 0,
    "updated": 0
  },
  {
    "id": "938dc070-180d-440c-8f14-cd12d4f27ee0",
    "data": [
      {
        "text": "✂",
        "userDefined": false
      }
    ],
    "isTemplate": false,
    "count": 0,
    "updated": 0
  },
  {
    "id": "9859dc8c-8625-420f-9f77-df733faf36bf",
    "data": [
      {
        "text": "📐",
        "userDefined": false
      }
    ],
    "isTemplate": false,
    "count": 0,
    "updated": 0
  },
  {
    "id": "7915f0aa-6323-48ee-98f2-d77862748cfb",
    "data": [
      {
        "text": "📏",
        "userDefined": false
      }
    ],
    "isTemplate": false,
    "count": 0,
    "updated": 0
  },
  {
    "id": "3652bbe5-2cc6-490b-ba63-545cb30fa809",
    "data": [
      {
        "text": "📌",
        "userDefined": false
      }
    ],
    "isTemplate": false,
    "count": 0,
    "updated": 0
  },
  {
    "id": "c0049384-d330-4ecb-86db-4ba893d7878b",
    "data": [
      {
        "text": "📍",
        "userDefined": false
      }
    ],
    "isTemplate": false,
    "count": 0,
    "updated": 0
  },
  {
    "id": "b1066694-b456-441e-bdec-7f910fe968af",
    "data": [
      {
        "text": "🚩",
        "userDefined": false
      }
    ],
    "isTemplate": false,
    "count": 0,
    "updated": 0
  },
  {
    "id": "323e548e-59af-4c71-9613-a93810d3c1f4",
    "data": [
      {
        "text": "🏳",
        "userDefined": false
      }
    ],
    "isTemplate": false,
    "count": 0,
    "updated": 0
  },
  {
    "id": "480e9896-d11f-4546-93a9-15802c488ce5",
    "data": [
      {
        "text": "🏴",
        "userDefined": false
      }
    ],
    "isTemplate": false,
    "count": 0,
    "updated": 0
  },
  {
    "id": "9d3f77eb-d43b-4bea-b16d-4d025ade3f9f",
    "data": [
      {
        "text": "🔐",
        "userDefined": false
      }
    ],
    "isTemplate": false,
    "count": 0,
    "updated": 0
  },
  {
    "id": "b25a0b7c-64bf-45f4-aab7-2b16689ca631",
    "data": [
      {
        "text": "🔒",
        "userDefined": false
      }
    ],
    "isTemplate": false,
    "count": 0,
    "updated": 0
  },
  {
    "id": "5f4e0561-9062-444c-bca3-e01946952843",
    "data": [
      {
        "text": "🔓",
        "userDefined": false
      }
    ],
    "isTemplate": false,
    "count": 0,
    "updated": 0
  },
  {
    "id": "1f7edfbc-5b8e-40be-9c13-34082edfed2e",
    "data": [
      {
        "text": "🔏",
        "userDefined": false
      }
    ],
    "isTemplate": false,
    "count": 0,
    "updated": 0
  },
  {
    "id": "05aea113-22f9-48de-8928-4833dba5b411",
    "data": [
      {
        "text": "🖊",
        "userDefined": false
      }
    ],
    "isTemplate": false,
    "count": 0,
    "updated": 0
  },
  {
    "id": "fae328ca-6622-470a-8092-3d1ffa7be1a2",
    "data": [
      {
        "text": "🖋",
        "userDefined": false
      }
    ],
    "isTemplate": false,
    "count": 0,
    "updated": 0
  },
  {
    "id": "fdd21848-8a8b-464c-b2bc-f11570afe66a",
    "data": [
      {
        "text": "✒",
        "userDefined": false
      }
    ],
    "isTemplate": false,
    "count": 0,
    "updated": 0
  },
  {
    "id": "62986b21-7db0-4b96-abf3-86f5b936530d",
    "data": [
      {
        "text": "📝",
        "userDefined": false
      }
    ],
    "isTemplate": false,
    "count": 0,
    "updated": 0
  },
  {
    "id": "4030976f-38e2-4bcc-96a4-99033d02d116",
    "data": [
      {
        "text": "✏",
        "userDefined": false
      }
    ],
    "isTemplate": false,
    "count": 0,
    "updated": 0
  },
  {
    "id": "7650ba58-72db-4315-9704-f1daf765de1d",
    "data": [
      {
        "text": "🖍",
        "userDefined": false
      }
    ],
    "isTemplate": false,
    "count": 0,
    "updated": 0
  },
  {
    "id": "090259c1-cff2-42fe-9c38-c84bb804dfb5",
    "data": [
      {
        "text": "🖌",
        "userDefined": false
      }
    ],
    "isTemplate": false,
    "count": 0,
    "updated": 0
  },
  {
    "id": "276a5a4e-a86a-450e-850e-7514f664a2e8",
    "data": [
      {
        "text": "🔍",
        "userDefined": false
      }
    ],
    "isTemplate": false,
    "count": 0,
    "updated": 0
  },
  {
    "id": "27f9a47f-e9f1-4edb-89a7-9236883fec71",
    "data": [
      {
        "text": "🔎",
        "userDefined": false
      }
    ],
    "isTemplate": false,
    "count": 0,
    "updated": 0
  }
]