[
  {
    "id": "930a0525-d42d-4aa4-93b2-e1428c55e7e4",
    "data": [
      {
        "text": "❤",
        "userDefined": false
      }
    ],
    "isTemplate": false,
    "count": 0,
    "updated": 0
  },
  {
    "id": "d7ad729a-9d8a-4fa0-bb18-fbde7bc9bf69",
    "data": [
      {
        "text": "💛",
        "userDefined": false
      }
    ],
    "isTemplate": false,
    "count": 0,
    "updated": 0
  },
  {
    "id": "9b61985c-1d65-48cc-936f-8fae3be971c7",
    "data": [
      {
        "text": "💚",
        "userDefined": false
      }
    ],
    "isTemplate": false,
    "count": 0,
    "updated": 0
  },
  {
    "id": "4afba8db-4893-4709-9ab7-9c22ab87a445",
    "data": [
      {
        "text": "💙",
        "userDefined": false
      }
    ],
    "isTemplate": false,
    "count": 0,
    "updated": 0
  },
  {
    "id": "a58a949b-efaa-495e-b2f9-81468db9806f",
    "data": [
      {
        "text": "💜",
        "userDefined": false
      }
    ],
    "isTemplate": false,
    "count": 0,
    "updated": 0
  },
  {
    "id": "da24447e-63f2-4a70-ac81-5fc3baa72a6d",
    "data": [
      {
        "text": "💔",
        "userDefined": false
      }
    ],
    "isTemplate": false,
    "count": 0,
    "updated": 0
  },
  {
    "id": "8975fc99-fd0e-43d7-b29d-422da9cf2b2f",
    "data": [
      {
        "text": "❣",
        "userDefined": false
      }
    ],
    "isTemplate": false,
    "count": 0,
    "updated": 0
  },
  {
    "id": "3d9c3da1-2e0e-42fa-9bcf-feb3194b9b8d",
    "data": [
      {
        "text": "💕",
        "userDefined": false
      }
    ],
    "isTemplate": false,
    "count": 0,
    "updated": 0
  },
  {
    "id": "2a21685c-c046-4276-89de-ca3b2c716c74",
    "data": [
      {
        "text": "💞",
        "userDefined": false
      }
    ],
    "isTemplate": false,
    "count": 0,
    "updated": 0
  },
  {
    "id": "357a2ef9-24fd-44c5-8e93-edd3d6d78c2c",
    "data": [
      {
        "text": "💓",
        "userDefined": false
      }
    ],
    "isTemplate": false,
    "count": 0,
    "updated": 0
  },
  {
    "id": "ca0c4071-3fde-485a-adaf-44c2bf212059",
    "data": [
      {
        "text": "💗",
        "userDefined": false
      }
    ],
    "isTemplate": false,
    "count": 0,
    "updated": 0
  },
  {
    "id": "1e80a6f3-c80a-472a-8bc8-4b647433b54e",
    "data": [
      {
        "text": "💖",
        "userDefined": false
      }
    ],
    "isTemplate": false,
    "count": 0,
    "updated": 0
  },
  {
    "id": "0fe6a969-582e-4b20-a397-716727c572e3",
    "data": [
      {
        "text": "💘",
        "userDefined": false
      }
    ],
    "isTemplate": false,
    "count": 0,
    "updated": 0
  },
  {
    "id": "766b701a-1871-4270-bf8b-50780cf22e4a",
    "data": [
      {
        "text": "💝",
        "userDefined": false
      }
    ],
    "isTemplate": false,
    "count": 0,
    "updated": 0
  },
  {
    "id": "7ec9ffc9-c7bd-4f72-a7ae-8e71ed5d4b0c",
    "data": [
      {
        "text": "💟",
        "userDefined": false
      }
    ],
    "isTemplate": false,
    "count": 0,
    "updated": 0
  },
  {
    "id": "4b4eecca-f657-4794-bc8e-ee26a6fc2634",
    "data": [
      {
        "text": "☮",
        "userDefined": false
      }
    ],
    "isTemplate": false,
    "count": 0,
    "updated": 0
  },
  {
    "id": "3698abfc-f09e-4762-a69e-dd946f4b9e60",
    "data": [
      {
        "text": "✝",
        "userDefined": false
      }
    ],
    "isTemplate": false,
    "count": 0,
    "updated": 0
  },
  {
    "id": "ff811ba9-e088-4729-8fee-ec7f42e0d61f",
    "data": [
      {
        "text": "☪",
        "userDefined": false
      }
    ],
    "isTemplate": false,
    "count": 0,
    "updated": 0
  },
  {
    "id": "f7fee35c-0a32-4ee6-af46-af08b5dafa1d",
    "data": [
      {
        "text": "🕉",
        "userDefined": false
      }
    ],
    "isTemplate": false,
    "count": 0,
    "updated": 0
  },
  {
    "id": "6de22b59-0d99-4592-ac60-221a2a9a888b",
    "data": [
      {
        "text": "☸",
        "userDefined": false
      }
    ],
    "isTemplate": false,
    "count": 0,
    "updated": 0
  },
  {
    "id": "8e9227fc-e968-4478-be42-cefd45954c73",
    "data": [
      {
        "text": "✡",
        "userDefined": false
      }
    ],
    "isTemplate": false,
    "count": 0,
    "updated": 0
  },
  {
    "id": "326cac11-4603-44e4-9518-8e10e82b34a3",
    "data": [
      {
        "text": "🔯",
        "userDefined": false
      }
    ],
    "isTemplate": false,
    "count": 0,
    "updated": 0
  },
  {
    "id": "c7fac89a-355e-45f7-9e57-cc94d298e772",
    "data": [
      {
        "text": "🕎",
        "userDefined": false
      }
    ],
    "isTemplate": false,
    "count": 0,
    "updated": 0
  },
  {
    "id": "52c9a059-f364-4054-9246-0ebb1faf1c65",
    "data": [
      {
        "text": "☯",
        "userDefined": false
      }
    ],
    "isTemplate": false,
    "count": 0,
    "updated": 0
  },
  {
    "id": "810ccc0b-f2a4-4015-9af5-03a66183f4a4",
    "data": [
      {
        "text": "☦",
        "userDefined": false
      }
    ],
    "isTemplate": false,
    "count": 0,
    "updated": 0
  },
  {
    "id": "21228acb-d0ef-4ffe-b975-bd1e87f7d4b3",
    "data": [
      {
        "text": "🛐",
        "userDefined": false
      }
    ],
    "isTemplate": false,
    "count": 0,
    "updated": 0
  },
  {
    "id": "9302b6b4-3840-4695-9f37-2f9c0c4a81cb",
    "data": [
      {
        "text": "⛎",
        "userDefined": false
      }
    ],
    "isTemplate": false,
    "count": 0,
    "updated": 0
  },
  {
    "id": "6c7183b3-9213-4718-bd1d-33ded00e92fd",
    "data": [
      {
        "text": "♈",
        "userDefined": false
      }
    ],
    "isTemplate": false,
    "count": 0,
    "updated": 0
  },
  {
    "id": "9c4844e5-e2f6-4ad7-b330-3b80a4d260cf",
    "data": [
      {
        "text": "♉",
        "userDefined": false
      }
    ],
    "isTemplate": false,
    "count": 0,
    "updated": 0
  },
  {
    "id": "505a5fe1-8548-495c-9ee6-de4a50c9f119",
    "data": [
      {
        "text": "♊",
        "userDefined": false
      }
    ],
    "isTemplate": false,
    "count": 0,
    "updated": 0
  },
  {
    "id": "54b5b8b1-95d9-48f9-95dc-5816e8d4fa4c",
    "data": [
      {
        "text": "♋",
        "userDefined": false
      }
    ],
    "isTemplate": false,
    "count": 0,
    "updated": 0
  },
  {
    "id": "3e823e75-2fdf-4e4f-9dca-2a9f8dde16dc",
    "data": [
      {
        "text": "♌",
        "userDefined": false
      }
    ],
    "isTemplate": false,
    "count": 0,
    "updated": 0
  },
  {
    "id": "10107825-9b7c-4e10-95cb-2ebbbf8315da",
    "data": [
      {
        "text": "♍",
        "userDefined": false
      }
    ],
    "isTemplate": false,
    "count": 0,
    "updated": 0
  },
  {
    "id": "130fb87f-2a62-4e40-94d2-019f9418931b",
    "data": [
      {
        "text": "♎",
        "userDefined": false
      }
    ],
    "isTemplate": false,
    "count": 0,
    "updated": 0
  },
  {
    "id": "73fe1f5e-1fdc-4d23-8caf-e0d55fd120fe",
    "data": [
      {
        "text": "♏",
        "userDefined": false
      }
    ],
    "isTemplate": false,
    "count": 0,
    "updated": 0
  },
  {
    "id": "7d95728d-d257-4a09-9f6e-a00b0754d638",
    "data": [
      {
        "text": "♐",
        "userDefined": false
      }
    ],
    "isTemplate": false,
    "count": 0,
    "updated": 0
  },
  {
    "id": "a0e1fefc-47db-4302-88f2-01d5bfadae67",
    "data": [
      {
        "text": "♑",
        "userDefined": false
      }
    ],
    "isTemplate": false,
    "count": 0,
    "updated": 0
  },
  {
    "id": "400b922a-846c-4efa-94d4-1bb69f0e74cf",
    "data": [
      {
        "text": "♒",
        "userDefined": false
      }
    ],
    "isTemplate": false,
    "count": 0,
    "updated": 0
  },
  {
    "id": "23c74456-2ca6-4474-bb2e-9bf37538a70e",
    "data": [
      {
        "text": "♓",
        "userDefined": false
      }
    ],
    "isTemplate": false,
    "count": 0,
    "updated": 0
  },
  {
    "id": "056eaf3d-c03a-4779-a3c2-c14fa14e107c",
    "data": [
      {
        "text": "🆔",
        "userDefined": false
      }
    ],
    "isTemplate": false,
    "count": 0,
    "updated": 0
  },
  {
    "id": "50ed18bb-1485-4302-a9b5-770ff894f753",
    "data": [
      {
        "text": "⚛",
        "userDefined": false
      }
    ],
    "isTemplate": false,
    "count": 0,
    "updated": 0
  },
  {
    "id": "5b1d7d64-b344-4d28-8895-3dad493fbc18",
    "data": [
      {
        "text": "🈳",
        "userDefined": false
      }
    ],
    "isTemplate": false,
    "count": 0,
    "updated": 0
  },
  {
    "id": "2d9c73fc-ae64-4ec6-a247-e7e32595f623",
    "data": [
      {
        "text": "🈹",
        "userDefined": false
      }
    ],
    "isTemplate": false,
    "count": 0,
    "updated": 0
  },
  {
    "id": "2c31b5ce-16ed-44bc-b8e1-38ba10937df6",
    "data": [
      {
        "text": "☢",
        "userDefined": false
      }
    ],
    "isTemplate": false,
    "count": 0,
    "updated": 0
  },
  {
    "id": "e9241395-56b4-41a0-912c-838ed318747d",
    "data": [
      {
        "text": "☣",
        "userDefined": false
      }
    ],
    "isTemplate": false,
    "count": 0,
    "updated": 0
  },
  {
    "id": "7008d678-67a4-492a-94c8-6f05720a01d3",
    "data": [
      {
        "text": "📴",
        "userDefined": false
      }
    ],
    "isTemplate": false,
    "count": 0,
    "updated": 0
  },
  {
    "id": "2ce87a06-24f5-4874-90ce-e7763a484a9c",
    "data": [
      {
        "text": "📳",
        "userDefined": false
      }
    ],
    "isTemplate": false,
    "count": 0,
    "updated": 0
  },
  {
    "id": "2ffceb4d-d4d5-451e-89ea-967ae350e530",
    "data": [
      {
        "text": "🈶",
        "userDefined": false
      }
    ],
    "isTemplate": false,
    "count": 0,
    "updated": 0
  },
  {
    "id": "c87f548d-f413-435b-b5bb-79c3ef9ec3c6",
    "data": [
      {
        "text": "🈚",
        "userDefined": false
      }
    ],
    "isTemplate": false,
    "count": 0,
    "updated": 0
  },
  {
    "id": "16e89a83-fede-41f7-9169-fb110d608259",
    "data": [
      {
        "text": "🈸",
        "userDefined": false
      }
    ],
    "isTemplate": false,
    "count": 0,
    "updated": 0
  },
  {
    "id": "1cc10f2c-5479-41e2-8bd0-4a9d4971b202",
    "data": [
      {
        "text": "🈺",
        "userDefined": false
      }
    ],
    "isTemplate": false,
    "count": 0,
    "updated": 0
  },
  {
    "id": "7ec2b184-a077-419e-b97c-b728804504a3",
    "data": [
      {
        "text": "🈷",
        "userDefined": false
      }
    ],
    "isTemplate": false,
    "count": 0,
    "updated": 0
  },
  {
    "id": "337ba694-7b6f-4449-9ece-8bb27c631048",
    "data": [
      {
        "text": "✴",
        "userDefined": false
      }
    ],
    "isTemplate": false,
    "count": 0,
    "updated": 0
  },
  {
    "id": "734ed0a4-f0fc-4dba-91b1-b57337c3e87a",
    "data": [
      {
        "text": "🆚",
        "userDefined": false
      }
    ],
    "isTemplate": false,
    "count": 0,
    "updated": 0
  },
  {
    "id": "07a63f37-f9aa-4396-95c1-c2b574562b84",
    "data": [
      {
        "text": "🉑",
        "userDefined": false
      }
    ],
    "isTemplate": false,
    "count": 0,
    "updated": 0
  },
  {
    "id": "8cc70e43-ea87-4aca-95a9-3777234c5387",
    "data": [
      {
        "text": "💮",
        "userDefined": false
      }
    ],
    "isTemplate": false,
    "count": 0,
    "updated": 0
  },
  {
    "id": "6b9905c4-a753-4482-8009-62a1cd76c0d5",
    "data": [
      {
        "text": "🉐",
        "userDefined": false
      }
    ],
    "isTemplate": false,
    "count": 0,
    "updated": 0
  },
  {
    "id": "38a3a6ec-1737-48bf-9a74-becb17b93b4f",
    "data": [
      {
        "text": "㊙",
        "userDefined": false
      }
    ],
    "isTemplate": false,
    "count": 0,
    "updated": 0
  },
  {
    "id": "206cea8b-dea5-4dc3-831a-4bbc22f00e5f",
    "data": [
      {
        "text": "㊗",
        "userDefined": false
      }
    ],
    "isTemplate": false,
    "count": 0,
    "updated": 0
  },
  {
    "id": "1d5bef35-dba2-47cd-978a-671aa083726c",
    "data": [
      {
        "text": "🈴",
        "userDefined": false
      }
    ],
    "isTemplate": false,
    "count": 0,
    "updated": 0
  },
  {
    "id": "c7647896-2115-4961-b892-5a674495d87a",
    "data": [
      {
        "text": "🈵",
        "userDefined": false
      }
    ],
    "isTemplate": false,
    "count": 0,
    "updated": 0
  },
  {
    "id": "02964d75-dee5-4e3c-aa4b-4aa8512dd5fd",
    "data": [
      {
        "text": "🈲",
        "userDefined": false
      }
    ],
    "isTemplate": false,
    "count": 0,
    "updated": 0
  },
  {
    "id": "2c0fd27e-c533-4dba-8b12-50c7d08623f2",
    "data": [
      {
        "text": "🅰",
        "userDefined": false
      }
    ],
    "isTemplate": false,
    "count": 0,
    "updated": 0
  },
  {
    "id": "ba019b28-7809-4a54-80e1-58b0b2d33cea",
    "data": [
      {
        "text": "🅱",
        "userDefined": false
      }
    ],
    "isTemplate": false,
    "count": 0,
    "updated": 0
  },
  {
    "id": "bb9ef046-2829-41b1-bf3b-19692fc0142f",
    "data": [
      {
        "text": "🆎",
        "userDefined": false
      }
    ],
    "isTemplate": false,
    "count": 0,
    "updated": 0
  },
  {
    "id": "855aae83-8309-42de-b42e-dc3a628256fd",
    "data": [
      {
        "text": "🆑",
        "userDefined": false
      }
    ],
    "isTemplate": false,
    "count": 0,
    "updated": 0
  },
  {
    "id": "5783fd56-b948-4bce-8d9f-eb15ba52652b",
    "data": [
      {
        "text": "🅾",
        "userDefined": false
      }
    ],
    "isTemplate": false,
    "count": 0,
    "updated": 0
  },
  {
    "id": "64757371-78e6-44a2-a440-4f174e568f04",
    "data": [
      {
        "text": "🆘",
        "userDefined": false
      }
    ],
    "isTemplate": false,
    "count": 0,
    "updated": 0
  },
  {
    "id": "02dc0d1c-5a34-4fb9-bdc2-fd93b59e0936",
    "data": [
      {
        "text": "⛔",
        "userDefined": false
      }
    ],
    "isTemplate": false,
    "count": 0,
    "updated": 0
  },
  {
    "id": "c6b4553e-61e1-453b-8f26-0562fc53ea17",
    "data": [
      {
        "text": "📛",
        "userDefined": false
      }
    ],
    "isTemplate": false,
    "count": 0,
    "updated": 0
  },
  {
    "id": "65c1f43f-bd63-4da5-b885-ab28c817573c",
    "data": [
      {
        "text": "🚫",
        "userDefined": false
      }
    ],
    "isTemplate": false,
    "count": 0,
    "updated": 0
  },
  {
    "id": "031e4c88-6566-43d4-8c2e-a8ba98c8141c",
    "data": [
      {
        "text": "❌",
        "userDefined": false
      }
    ],
    "isTemplate": false,
    "count": 0,
    "updated": 0
  },
  {
    "id": "65e84049-1e64-4395-ab08-8a475e313ab9",
    "data": [
      {
        "text": "⭕",
        "userDefined": false
      }
    ],
    "isTemplate": false,
    "count": 0,
    "updated": 0
  },
  {
    "id": "90d9442b-52da-4e5e-bdf2-13e627ba808d",
    "data": [
      {
        "text": "💢",
        "userDefined": false
      }
    ],
    "isTemplate": false,
    "count": 0,
    "updated": 0
  },
  {
    "id": "66a73f4d-0878-4974-b499-d9bf7be7b9b4",
    "data": [
      {
        "text": "♨",
        "userDefined": false
      }
    ],
    "isTemplate": false,
    "count": 0,
    "updated": 0
  },
  {
    "id": "3628ce56-1f12-433a-b3d6-da2f69719adf",
    "data": [
      {
        "text": "🚷",
        "userDefined": false
      }
    ],
    "isTemplate": false,
    "count": 0,
    "updated": 0
  },
  {
    "id": "4ffb649a-03c6-4086-92e1-53214cac8fa8",
    "data": [
      {
        "text": "🚯",
        "userDefined": false
      }
    ],
    "isTemplate": false,
    "count": 0,
    "updated": 0
  },
  {
    "id": "603969fe-1ab8-414d-aa34-13afe8d3ac97",
    "data": [
      {
        "text": "🚳",
        "userDefined": false
      }
    ],
    "isTemplate": false,
    "count": 0,
    "updated": 0
  },
  {
    "id": "379cc14a-021b-4019-80d7-01aa6093382c",
    "data": [
      {
        "text": "🚱",
        "userDefined": false
      }
    ],
    "isTemplate": false,
    "count": 0,
    "updated": 0
  },
  {
    "id": "368843ff-331d-40ae-989d-ac8a337b7426",
    "data": [
      {
        "text": "🔞",
        "userDefined": false
      }
    ],
    "isTemplate": false,
    "count": 0,
    "updated": 0
  },
  {
    "id": "ae6d9ee6-9839-49a1-8c83-7df79d40b036",
    "data": [
      {
        "text": "📵",
        "userDefined": false
      }
    ],
    "isTemplate": false,
    "count": 0,
    "updated": 0
  },
  {
    "id": "015aeff9-000d-4878-b815-63882e0fa7fa",
    "data": [
      {
        "text": "❗",
        "userDefined": false
      }
    ],
    "isTemplate": false,
    "count": 0,
    "updated": 0
  },
  {
    "id": "3b2db012-0254-4f74-a497-cff5f1fc569b",
    "data": [
      {
        "text": "❕",
        "userDefined": false
      }
    ],
    "isTemplate": false,
    "count": 0,
    "updated": 0
  },
  {
    "id": "8df3ec93-9294-4a0b-b530-f3ccf916248d",
    "data": [
      {
        "text": "❓",
        "userDefined": false
      }
    ],
    "isTemplate": false,
    "count": 0,
    "updated": 0
  },
  {
    "id": "a0014b3f-b2aa-4f95-821f-69afb6acee68",
    "data": [
      {
        "text": "❔",
        "userDefined": false
      }
    ],
    "isTemplate": false,
    "count": 0,
    "updated": 0
  },
  {
    "id": "fb8d8549-c610-4cc6-829d-0e7fe83ec178",
    "data": [
      {
        "text": "‼",
        "userDefined": false
      }
    ],
    "isTemplate": false,
    "count": 0,
    "updated": 0
  },
  {
    "id": "063719e3-53cb-417d-aee5-7074f004901c",
    "data": [
      {
        "text": "⁉",
        "userDefined": false
      }
    ],
    "isTemplate": false,
    "count": 0,
    "updated": 0
  },
  {
    "id": "aa80d2bc-d26a-4b6f-ad88-a0cf18c4fc54",
    "data": [
      {
        "text": "💯",
        "userDefined": false
      }
    ],
    "isTemplate": false,
    "count": 0,
    "updated": 0
  },
  {
    "id": "85b8d9f8-9417-49e5-8274-7801ad4609df",
    "data": [
      {
        "text": "🔅",
        "userDefined": false
      }
    ],
    "isTemplate": false,
    "count": 0,
    "updated": 0
  },
  {
    "id": "828d78c7-7e3f-4624-acb6-2c57b3b3b5af",
    "data": [
      {
        "text": "🔆",
        "userDefined": false
      }
    ],
    "isTemplate": false,
    "count": 0,
    "updated": 0
  },
  {
    "id": "5986c806-c646-4f83-a716-d6143e6273aa",
    "data": [
      {
        "text": "🔱",
        "userDefined": false
      }
    ],
    "isTemplate": false,
    "count": 0,
    "updated": 0
  },
  {
    "id": "10dcdd8d-6fe0-407c-bc4e-c0ad068f13f2",
    "data": [
      {
        "text": "⚜",
        "userDefined": false
      }
    ],
    "isTemplate": false,
    "count": 0,
    "updated": 0
  },
  {
    "id": "8e46fc54-c164-46a0-aba9-9076c62a5658",
    "data": [
      {
        "text": "〽",
        "userDefined": false
      }
    ],
    "isTemplate": false,
    "count": 0,
    "updated": 0
  },
  {
    "id": "37c59387-85bc-401e-9ec7-66dcdd87bc63",
    "data": [
      {
        "text": "⚠",
        "userDefined": false
      }
    ],
    "isTemplate": false,
    "count": 0,
    "updated": 0
  },
  {
    "id": "21f31bb8-137b-4d8b-98d2-a551ff9e8dfd",
    "data": [
      {
        "text": "🚸",
        "userDefined": false
      }
    ],
    "isTemplate": false,
    "count": 0,
    "updated": 0
  },
  {
    "id": "56fbb388-5806-4ae1-83eb-0398f29bb1c1",
    "data": [
      {
        "text": "🔰",
        "userDefined": false
      }
    ],
    "isTemplate": false,
    "count": 0,
    "updated": 0
  },
  {
    "id": "a982af00-154f-40c4-b31b-b6dec7538043",
    "data": [
      {
        "text": "♻",
        "userDefined": false
      }
    ],
    "isTemplate": false,
    "count": 0,
    "updated": 0
  },
  {
    "id": "28b0bee9-e71e-46a5-a13f-6f33a580b173",
    "data": [
      {
        "text": "🈯",
        "userDefined": false
      }
    ],
    "isTemplate": false,
    "count": 0,
    "updated": 0
  },
  {
    "id": "7025d7d5-5f44-426a-a3eb-71b041210fde",
    "data": [
      {
        "text": "💹",
        "userDefined": false
      }
    ],
    "isTemplate": false,
    "count": 0,
    "updated": 0
  },
  {
    "id": "b227d94c-9e27-4563-81ae-c97ca8aeea08",
    "data": [
      {
        "text": "❇",
        "userDefined": false
      }
    ],
    "isTemplate": false,
    "count": 0,
    "updated": 0
  },
  {
    "id": "d8faac60-d8fb-4888-b3e7-72a517e01664",
    "data": [
      {
        "text": "✳",
        "userDefined": false
      }
    ],
    "isTemplate": false,
    "count": 0,
    "updated": 0
  },
  {
    "id": "e615fd56-73e9-427a-9a47-1ff7dc210db4",
    "data": [
      {
        "text": "❎",
        "userDefined": false
      }
    ],
    "isTemplate": false,
    "count": 0,
    "updated": 0
  },
  {
    "id": "e672d137-8499-4910-9021-a74b2079c91b",
    "data": [
      {
        "text": "✅",
        "userDefined": false
      }
    ],
    "isTemplate": false,
    "count": 0,
    "updated": 0
  },
  {
    "id": "9585b2c0-5114-4d97-81d6-a4ac875ae370",
    "data": [
      {
        "text": "💠",
        "userDefined": false
      }
    ],
    "isTemplate": false,
    "count": 0,
    "updated": 0
  },
  {
    "id": "dcc88d31-fb47-41a6-8db4-bb313a569e61",
    "data": [
      {
        "text": "🌀",
        "userDefined": false
      }
    ],
    "isTemplate": false,
    "count": 0,
    "updated": 0
  },
  {
    "id": "82d74fcf-00d9-4d42-b755-bac0c1690e4d",
    "data": [
      {
        "text": "➿",
        "userDefined": false
      }
    ],
    "isTemplate": false,
    "count": 0,
    "updated": 0
  },
  {
    "id": "50a7fbba-b9b0-4ea9-b257-ba9fd7f038c8",
    "data": [
      {
        "text": "🌐",
        "userDefined": false
      }
    ],
    "isTemplate": false,
    "count": 0,
    "updated": 0
  },
  {
    "id": "e848525c-8c9b-44fe-834d-9c1e27b0c448",
    "data": [
      {
        "text": "ⓜ",
        "userDefined": false
      }
    ],
    "isTemplate": false,
    "count": 0,
    "updated": 0
  },
  {
    "id": "bdba1f95-8961-4090-8491-9107149bae1e",
    "data": [
      {
        "text": "🏧",
        "userDefined": false
      }
    ],
    "isTemplate": false,
    "count": 0,
    "updated": 0
  },
  {
    "id": "d125fd98-23df-4b6c-b0de-a2e44ff8d38e",
    "data": [
      {
        "text": "🈂",
        "userDefined": false
      }
    ],
    "isTemplate": false,
    "count": 0,
    "updated": 0
  },
  {
    "id": "a22fd7e1-e633-4f99-ad4a-9ea5572dd372",
    "data": [
      {
        "text": "🛂",
        "userDefined": false
      }
    ],
    "isTemplate": false,
    "count": 0,
    "updated": 0
  },
  {
    "id": "4eacaead-c9c5-4f18-a34f-602188524afb",
    "data": [
      {
        "text": "🛃",
        "userDefined": false
      }
    ],
    "isTemplate": false,
    "count": 0,
    "updated": 0
  },
  {
    "id": "ff93f028-5dc1-438e-bd69-9581baf44a77",
    "data": [
      {
        "text": "🛄",
        "userDefined": false
      }
    ],
    "isTemplate": false,
    "count": 0,
    "updated": 0
  },
  {
    "id": "fed5cd65-e79c-4c4b-a45b-54c73a0ba66c",
    "data": [
      {
        "text": "🛅",
        "userDefined": false
      }
    ],
    "isTemplate": false,
    "count": 0,
    "updated": 0
  },
  {
    "id": "df8cfacc-394d-4217-871d-e78c19e3daa4",
    "data": [
      {
        "text": "♿",
        "userDefined": false
      }
    ],
    "isTemplate": false,
    "count": 0,
    "updated": 0
  },
  {
    "id": "998ad5e6-4a01-4347-bff8-08889879cc80",
    "data": [
      {
        "text": "🚭",
        "userDefined": false
      }
    ],
    "isTemplate": false,
    "count": 0,
    "updated": 0
  },
  {
    "id": "a16de79f-dfdc-48e2-a075-7f3745c35ab2",
    "data": [
      {
        "text": "🚾",
        "userDefined": false
      }
    ],
    "isTemplate": false,
    "count": 0,
    "updated": 0
  },
  {
    "id": "88f40ca5-976e-464c-acc2-86fffbd0fc77",
    "data": [
      {
        "text": "🅿",
        "userDefined": false
      }
    ],
    "isTemplate": false,
    "count": 0,
    "updated": 0
  },
  {
    "id": "9bb7cf2b-130a-4ba3-b9de-9314c0230ddc",
    "data": [
      {
        "text": "🚰",
        "userDefined": false
      }
    ],
    "isTemplate": false,
    "count": 0,
    "updated": 0
  },
  {
    "id": "8e539dda-092c-428e-b477-27bbbb032a39",
    "data": [
      {
        "text": "🚹",
        "userDefined": false
      }
    ],
    "isTemplate": false,
    "count": 0,
    "updated": 0
  },
  {
    "id": "f7d1c033-4885-442d-9d00-5f3c244b2574",
    "data": [
      {
        "text": "🚺",
        "userDefined": false
      }
    ],
    "isTemplate": false,
    "count": 0,
    "updated": 0
  },
  {
    "id": "d0293293-8a04-479d-bbab-f2b709812c2d",
    "data": [
      {
        "text": "🚼",
        "userDefined": false
      }
    ],
    "isTemplate": false,
    "count": 0,
    "updated": 0
  },
  {
    "id": "dc57d719-375c-4320-88fb-6a3d8f228d80",
    "data": [
      {
        "text": "🚻",
        "userDefined": false
      }
    ],
    "isTemplate": false,
    "count": 0,
    "updated": 0
  },
  {
    "id": "79b50895-6d4c-4b0b-80a3-9c546efa9979",
    "data": [
      {
        "text": "🚮",
        "userDefined": false
      }
    ],
    "isTemplate": false,
    "count": 0,
    "updated": 0
  },
  {
    "id": "28f7f5b0-3c68-43e4-b54d-ed0220c59a64",
    "data": [
      {
        "text": "🎦",
        "userDefined": false
      }
    ],
    "isTemplate": false,
    "count": 0,
    "updated": 0
  },
  {
    "id": "abc5259f-ba5c-46dc-a09a-3cf4258afb3a",
    "data": [
      {
        "text": "📶",
        "userDefined": false
      }
    ],
    "isTemplate": false,
    "count": 0,
    "updated": 0
  },
  {
    "id": "06fadc0f-e084-420a-a083-55b360c1f618",
    "data": [
      {
        "text": "🈁",
        "userDefined": false
      }
    ],
    "isTemplate": false,
    "count": 0,
    "updated": 0
  },
  {
    "id": "1aa70220-0f2f-4a8a-8d2c-16af2777a581",
    "data": [
      {
        "text": "🆖",
        "userDefined": false
      }
    ],
    "isTemplate": false,
    "count": 0,
    "updated": 0
  },
  {
    "id": "bedd0af8-1b3a-44de-b446-7879a7729a8d",
    "data": [
      {
        "text": "🆗",
        "userDefined": false
      }
    ],
    "isTemplate": false,
    "count": 0,
    "updated": 0
  },
  {
    "id": "79faa0cd-be41-4a3f-a7ca-ca65aa66b33a",
    "data": [
      {
        "text": "🆙",
        "userDefined": false
      }
    ],
    "isTemplate": false,
    "count": 0,
    "updated": 0
  },
  {
    "id": "c8e28ff9-d047-4313-a5c2-b632fbdb7d5d",
    "data": [
      {
        "text": "🆒",
        "userDefined": false
      }
    ],
    "isTemplate": false,
    "count": 0,
    "updated": 0
  },
  {
    "id": "34f23c53-8b7f-4d1d-a12e-97834cb90458",
    "data": [
      {
        "text": "🆕",
        "userDefined": false
      }
    ],
    "isTemplate": false,
    "count": 0,
    "updated": 0
  },
  {
    "id": "40b9b0b0-1c3d-48c3-bf53-104cc05c21ce",
    "data": [
      {
        "text": "🆓",
        "userDefined": false
      }
    ],
    "isTemplate": false,
    "count": 0,
    "updated": 0
  },
  {
    "id": "b25f8d45-2a22-4658-ac55-d1b2d780d51b",
    "data": [
      {
        "text": "0⃣",
        "userDefined": false
      }
    ],
    "isTemplate": false,
    "count": 0,
    "updated": 0
  },
  {
    "id": "b0eb2c50-9d39-438d-8e74-848f3f7e3ebb",
    "data": [
      {
        "text": "1⃣",
        "userDefined": false
      }
    ],
    "isTemplate": false,
    "count": 0,
    "updated": 0
  },
  {
    "id": "695f25fe-a684-4ff2-901f-1e952bc335fe",
    "data": [
      {
        "text": "2⃣",
        "userDefined": false
      }
    ],
    "isTemplate": false,
    "count": 0,
    "updated": 0
  },
  {
    "id": "64758bc2-7365-4d35-a832-fa80e4e0acf2",
    "data": [
      {
        "text": "3⃣",
        "userDefined": false
      }
    ],
    "isTemplate": false,
    "count": 0,
    "updated": 0
  },
  {
    "id": "d27b33cb-217d-4420-9afa-3d9c4ec46716",
    "data": [
      {
        "text": "4⃣",
        "userDefined": false
      }
    ],
    "isTemplate": false,
    "count": 0,
    "updated": 0
  },
  {
    "id": "e04a2a3d-087c-4517-aee7-d1871e528614",
    "data": [
      {
        "text": "5⃣",
        "userDefined": false
      }
    ],
    "isTemplate": false,
    "count": 0,
    "updated": 0
  },
  {
    "id": "1af0cce8-ecb1-4470-acd1-bac5b05aef69",
    "data": [
      {
        "text": "6⃣",
        "userDefined": false
      }
    ],
    "isTemplate": false,
    "count": 0,
    "updated": 0
  },
  {
    "id": "c87bad6f-f6bd-4665-a65b-25960e259ae3",
    "data": [
      {
        "text": "7⃣",
        "userDefined": false
      }
    ],
    "isTemplate": false,
    "count": 0,
    "updated": 0
  },
  {
    "id": "70b79a65-fa97-4daa-a96b-7ac079380376",
    "data": [
      {
        "text": "8⃣",
        "userDefined": false
      }
    ],
    "isTemplate": false,
    "count": 0,
    "updated": 0
  },
  {
    "id": "3d814802-f472-4d8b-a1fc-ddb65736dc24",
    "data": [
      {
        "text": "9⃣",
        "userDefined": false
      }
    ],
    "isTemplate": false,
    "count": 0,
    "updated": 0
  },
  {
    "id": "a43a94ce-1ef5-4454-a4fb-44836e343ea8",
    "data": [
      {
        "text": "🔟",
        "userDefined": false
      }
    ],
    "isTemplate": false,
    "count": 0,
    "updated": 0
  },
  {
    "id": "5856f917-8a04-4a42-a352-84dc25f7289c",
    "data": [
      {
        "text": "🔢",
        "userDefined": false
      }
    ],
    "isTemplate": false,
    "count": 0,
    "updated": 0
  },
  {
    "id": "dbad5473-b409-4c51-8582-2ff72a97c571",
    "data": [
      {
        "text": "▶",
        "userDefined": false
      }
    ],
    "isTemplate": false,
    "count": 0,
    "updated": 0
  },
  {
    "id": "df098160-c133-4aa1-b4b0-e29edad9c79a",
    "data": [
      {
        "text": "⏸",
        "userDefined": false
      }
    ],
    "isTemplate": false,
    "count": 0,
    "updated": 0
  },
  {
    "id": "f89b26f8-54e8-416d-9d06-7c020d31508f",
    "data": [
      {
        "text": "⏯",
        "userDefined": false
      }
    ],
    "isTemplate": false,
    "count": 0,
    "updated": 0
  },
  {
    "id": "b767fdd3-edec-4910-bc52-7a87842f478f",
    "data": [
      {
        "text": "⏹",
        "userDefined": false
      }
    ],
    "isTemplate": false,
    "count": 0,
    "updated": 0
  },
  {
    "id": "ba875cb9-8510-4ac9-8866-66c0785a010b",
    "data": [
      {
        "text": "⏺",
        "userDefined": false
      }
    ],
    "isTemplate": false,
    "count": 0,
    "updated": 0
  },
  {
    "id": "f23de039-4a3a-4263-891a-5bd5cbcbbafe",
    "data": [
      {
        "text": "⏭",
        "userDefined": false
      }
    ],
    "isTemplate": false,
    "count": 0,
    "updated": 0
  },
  {
    "id": "4445811e-3bba-43f2-9c0a-27592aad7b77",
    "data": [
      {
        "text": "⏮",
        "userDefined": false
      }
    ],
    "isTemplate": false,
    "count": 0,
    "updated": 0
  },
  {
    "id": "d55f8045-c93e-474c-8308-f177b92edade",
    "data": [
      {
        "text": "⏩",
        "userDefined": false
      }
    ],
    "isTemplate": false,
    "count": 0,
    "updated": 0
  },
  {
    "id": "eeb79e5d-7f7c-42be-9346-2a431e3afecb",
    "data": [
      {
        "text": "⏪",
        "userDefined": false
      }
    ],
    "isTemplate": false,
    "count": 0,
    "updated": 0
  },
  {
    "id": "9f1aa34d-defc-4828-ba6a-9df94121d0af",
    "data": [
      {
        "text": "🔀",
        "userDefined": false
      }
    ],
    "isTemplate": false,
    "count": 0,
    "updated": 0
  },
  {
    "id": "fd667011-d594-40ad-bad1-c94f5cfd8faa",
    "data": [
      {
        "text": "🔁",
        "userDefined": false
      }
    ],
    "isTemplate": false,
    "count": 0,
    "updated": 0
  },
  {
    "id": "059edff7-a3d6-422d-9791-e34819247198",
    "data": [
      {
        "text": "🔂",
        "userDefined": false
      }
    ],
    "isTemplate": false,
    "count": 0,
    "updated": 0
  },
  {
    "id": "a5ded57d-2216-4019-85c7-45014525b829",
    "data": [
      {
        "text": "◀",
        "userDefined": false
      }
    ],
    "isTemplate": false,
    "count": 0,
    "updated": 0
  },
  {
    "id": "ad3a983e-cf46-480b-85b5-91fd99ce134a",
    "data": [
      {
        "text": "🔼",
        "userDefined": false
      }
    ],
    "isTemplate": false,
    "count": 0,
    "updated": 0
  },
  {
    "id": "2287041c-bf1d-43b7-9512-25020c8b473e",
    "data": [
      {
        "text": "🔽",
        "userDefined": false
      }
    ],
    "isTemplate": false,
    "count": 0,
    "updated": 0
  },
  {
    "id": "fe43ba1e-2205-4c87-a012-c7751fcad2e3",
    "data": [
      {
        "text": "⏫",
        "userDefined": false
      }
    ],
    "isTemplate": false,
    "count": 0,
    "updated": 0
  },
  {
    "id": "affd3dfb-2ef6-47b6-be0f-880fb45efa42",
    "data": [
      {
        "text": "⏬",
        "userDefined": false
      }
    ],
    "isTemplate": false,
    "count": 0,
    "updated": 0
  },
  {
    "id": "d2f612e6-4192-45ff-8014-369c12b600d1",
    "data": [
      {
        "text": "➡",
        "userDefined": false
      }
    ],
    "isTemplate": false,
    "count": 0,
    "updated": 0
  },
  {
    "id": "55b802c7-30ff-4285-9e3d-95774b7aaa6c",
    "data": [
      {
        "text": "⬅",
        "userDefined": false
      }
    ],
    "isTemplate": false,
    "count": 0,
    "updated": 0
  },
  {
    "id": "d4695605-5da4-466f-b635-21335d83a04f",
    "data": [
      {
        "text": "⬆",
        "userDefined": false
      }
    ],
    "isTemplate": false,
    "count": 0,
    "updated": 0
  },
  {
    "id": "c281e919-e471-4108-8f75-7755b2d67956",
    "data": [
      {
        "text": "⬇",
        "userDefined": false
      }
    ],
    "isTemplate": false,
    "count": 0,
    "updated": 0
  },
  {
    "id": "3005e9bd-d64e-47c7-b2f9-3030b5b4be0b",
    "data": [
      {
        "text": "↗",
        "userDefined": false
      }
    ],
    "isTemplate": false,
    "count": 0,
    "updated": 0
  },
  {
    "id": "179b1d35-4e2d-458d-9fec-64da6c616238",
    "data": [
      {
        "text": "↘",
        "userDefined": false
      }
    ],
    "isTemplate": false,
    "count": 0,
    "updated": 0
  },
  {
    "id": "f1c6bd3f-40ee-4d72-a6f4-c8c6c6f2f7a9",
    "data": [
      {
        "text": "↙",
        "userDefined": false
      }
    ],
    "isTemplate": false,
    "count": 0,
    "updated": 0
  },
  {
    "id": "b1418dda-06ec-46a5-bc1f-7fb7f77072a2",
    "data": [
      {
        "text": "↖",
        "userDefined": false
      }
    ],
    "isTemplate": false,
    "count": 0,
    "updated": 0
  },
  {
    "id": "bd94a90a-0009-45ca-a60d-d70ff9ef9be2",
    "data": [
      {
        "text": "↕",
        "userDefined": false
      }
    ],
    "isTemplate": false,
    "count": 0,
    "updated": 0
  },
  {
    "id": "d34dfbe3-1d8e-440e-8729-13d3d3c612a6",
    "data": [
      {
        "text": "↔",
        "userDefined": false
      }
    ],
    "isTemplate": false,
    "count": 0,
    "updated": 0
  },
  {
    "id": "b5963901-2541-4aa2-92b6-0bc22fe3aa5f",
    "data": [
      {
        "text": "🔄",
        "userDefined": false
      }
    ],
    "isTemplate": false,
    "count": 0,
    "updated": 0
  },
  {
    "id": "0124bea4-2091-4f9e-8eb5-a00b42757fea",
    "data": [
      {
        "text": "↪",
        "userDefined": false
      }
    ],
    "isTemplate": false,
    "count": 0,
    "updated": 0
  },
  {
    "id": "d7234ac7-9869-49fa-b45e-9cd8a2eda207",
    "data": [
      {
        "text": "↩",
        "userDefined": false
      }
    ],
    "isTemplate": false,
    "count": 0,
    "updated": 0
  },
  {
    "id": "1812f136-5d4e-4d7b-86f4-be271cecd04c",
    "data": [
      {
        "text": "⤴",
        "userDefined": false
      }
    ],
    "isTemplate": false,
    "count": 0,
    "updated": 0
  },
  {
    "id": "2d2ad40a-1c35-40ae-86b5-f1f46d16e184",
    "data": [
      {
        "text": "⤵",
        "userDefined": false
      }
    ],
    "isTemplate": false,
    "count": 0,
    "updated": 0
  },
  {
    "id": "10f1930a-2214-403c-9187-5f858d86003d",
    "data": [
      {
        "text": "#⃣",
        "userDefined": false
      }
    ],
    "isTemplate": false,
    "count": 0,
    "updated": 0
  },
  {
    "id": "ab761bf2-167a-42c0-bd9c-76026e0c6792",
    "data": [
      {
        "text": "*⃣",
        "userDefined": false
      }
    ],
    "isTemplate": false,
    "count": 0,
    "updated": 0
  },
  {
    "id": "bc0e25ae-a756-433e-9c61-59a3e7810bf1",
    "data": [
      {
        "text": "ℹ",
        "userDefined": false
      }
    ],
    "isTemplate": false,
    "count": 0,
    "updated": 0
  },
  {
    "id": "a60aa297-a863-403e-998e-f13a23eb8e80",
    "data": [
      {
        "text": "🔤",
        "userDefined": false
      }
    ],
    "isTemplate": false,
    "count": 0,
    "updated": 0
  },
  {
    "id": "b9a4be51-1eba-4243-a862-3499ec0af529",
    "data": [
      {
        "text": "🔡",
        "userDefined": false
      }
    ],
    "isTemplate": false,
    "count": 0,
    "updated": 0
  },
  {
    "id": "21000683-8851-4f55-9c4d-6efa1689e3ea",
    "data": [
      {
        "text": "🔠",
        "userDefined": false
      }
    ],
    "isTemplate": false,
    "count": 0,
    "updated": 0
  },
  {
    "id": "28cba3db-2089-4e9a-b505-ba9a58e04e2f",
    "data": [
      {
        "text": "🔣",
        "userDefined": false
      }
    ],
    "isTemplate": false,
    "count": 0,
    "updated": 0
  },
  {
    "id": "3fd76aaa-4b72-4c37-9d6a-ef3e32c94849",
    "data": [
      {
        "text": "🎵",
        "userDefined": false
      }
    ],
    "isTemplate": false,
    "count": 0,
    "updated": 0
  },
  {
    "id": "0d445fde-5343-4d34-a3e9-1b507fc6305e",
    "data": [
      {
        "text": "🎶",
        "userDefined": false
      }
    ],
    "isTemplate": false,
    "count": 0,
    "updated": 0
  },
  {
    "id": "15a08fba-20db-4963-9c11-1eb647751ebd",
    "data": [
      {
        "text": "〰",
        "userDefined": false
      }
    ],
    "isTemplate": false,
    "count": 0,
    "updated": 0
  },
  {
    "id": "86d9fcfe-9214-4280-a7d5-7604609f46e1",
    "data": [
      {
        "text": "➰",
        "userDefined": false
      }
    ],
    "isTemplate": false,
    "count": 0,
    "updated": 0
  },
  {
    "id": "2ed615b2-27c6-4beb-a2a6-8150f01d0cc7",
    "data": [
      {
        "text": "✔",
        "userDefined": false
      }
    ],
    "isTemplate": false,
    "count": 0,
    "updated": 0
  },
  {
    "id": "4ecaaed4-6b26-41fa-baf3-311aae7f16ab",
    "data": [
      {
        "text": "🔃",
        "userDefined": false
      }
    ],
    "isTemplate": false,
    "count": 0,
    "updated": 0
  },
  {
    "id": "a247a0bf-869d-434a-9a84-5ccff9657a8a",
    "data": [
      {
        "text": "➕",
        "userDefined": false
      }
    ],
    "isTemplate": false,
    "count": 0,
    "updated": 0
  },
  {
    "id": "054b40ec-904a-406c-a1c2-832e22ebffd7",
    "data": [
      {
        "text": "➖",
        "userDefined": false
      }
    ],
    "isTemplate": false,
    "count": 0,
    "updated": 0
  },
  {
    "id": "c4c7f8d2-2c86-4246-a1c8-99c1b2d6ef95",
    "data": [
      {
        "text": "➗",
        "userDefined": false
      }
    ],
    "isTemplate": false,
    "count": 0,
    "updated": 0
  },
  {
    "id": "8518999b-b060-44c5-be6f-838fde3fda25",
    "data": [
      {
        "text": "✖",
        "userDefined": false
      }
    ],
    "isTemplate": false,
    "count": 0,
    "updated": 0
  },
  {
    "id": "45ca8cd5-2386-4341-81e1-4416483fb2b6",
    "data": [
      {
        "text": "💲",
        "userDefined": false
      }
    ],
    "isTemplate": false,
    "count": 0,
    "updated": 0
  },
  {
    "id": "19ab64e8-2388-4740-9cdd-4f33563d0b65",
    "data": [
      {
        "text": "💱",
        "userDefined": false
      }
    ],
    "isTemplate": false,
    "count": 0,
    "updated": 0
  },
  {
    "id": "9acdc8ec-b520-4ff1-880b-6296546f6410",
    "data": [
      {
        "text": "©",
        "userDefined": false
      }
    ],
    "isTemplate": false,
    "count": 0,
    "updated": 0
  },
  {
    "id": "f74b25c3-8723-4ff3-868b-1c6fe235e70c",
    "data": [
      {
        "text": "®",
        "userDefined": false
      }
    ],
    "isTemplate": false,
    "count": 0,
    "updated": 0
  },
  {
    "id": "35de29e1-3e8b-4bc7-88f5-f5ac9410a990",
    "data": [
      {
        "text": "™",
        "userDefined": false
      }
    ],
    "isTemplate": false,
    "count": 0,
    "updated": 0
  },
  {
    "id": "a698193e-e73f-49a2-9430-45bcfa2433f2",
    "data": [
      {
        "text": "🔚",
        "userDefined": false
      }
    ],
    "isTemplate": false,
    "count": 0,
    "updated": 0
  },
  {
    "id": "3f5eb2a8-2201-4623-9fbb-f9d038b8b5fc",
    "data": [
      {
        "text": "🔙",
        "userDefined": false
      }
    ],
    "isTemplate": false,
    "count": 0,
    "updated": 0
  },
  {
    "id": "2655c2d8-d86c-4aa6-8324-500802efddf8",
    "data": [
      {
        "text": "🔛",
        "userDefined": false
      }
    ],
    "isTemplate": false,
    "count": 0,
    "updated": 0
  },
  {
    "id": "46d71851-da9d-4f20-9641-342ffc623340",
    "data": [
      {
        "text": "🔝",
        "userDefined": false
      }
    ],
    "isTemplate": false,
    "count": 0,
    "updated": 0
  },
  {
    "id": "34d582c9-eda2-4508-bb48-81ff3f3094ab",
    "data": [
      {
        "text": "🔜",
        "userDefined": false
      }
    ],
    "isTemplate": false,
    "count": 0,
    "updated": 0
  },
  {
    "id": "2e3db006-09b0-4cf2-ab02-02a318dadd99",
    "data": [
      {
        "text": "☑",
        "userDefined": false
      }
    ],
    "isTemplate": false,
    "count": 0,
    "updated": 0
  },
  {
    "id": "84bfe38a-6f4b-4290-95d0-7a6fe8b81f87",
    "data": [
      {
        "text": "🔘",
        "userDefined": false
      }
    ],
    "isTemplate": false,
    "count": 0,
    "updated": 0
  },
  {
    "id": "502db83a-cf94-4309-9d88-936463694257",
    "data": [
      {
        "text": "⚪",
        "userDefined": false
      }
    ],
    "isTemplate": false,
    "count": 0,
    "updated": 0
  },
  {
    "id": "5e2ff661-ca73-4a28-8f75-fe2669380f94",
    "data": [
      {
        "text": "⚫",
        "userDefined": false
      }
    ],
    "isTemplate": false,
    "count": 0,
    "updated": 0
  },
  {
    "id": "6817761d-82bd-4781-b35a-31ce679f3b0b",
    "data": [
      {
        "text": "🔴",
        "userDefined": false
      }
    ],
    "isTemplate": false,
    "count": 0,
    "updated": 0
  },
  {
    "id": "10cb5e5b-1be7-4d16-8fa2-de179022488b",
    "data": [
      {
        "text": "🔵",
        "userDefined": false
      }
    ],
    "isTemplate": false,
    "count": 0,
    "updated": 0
  },
  {
    "id": "fdd486ac-49f7-45e5-92f2-02c3f96327f1",
    "data": [
      {
        "text": "🔸",
        "userDefined": false
      }
    ],
    "isTemplate": false,
    "count": 0,
    "updated": 0
  },
  {
    "id": "08b0908c-9433-499a-b302-8c1c0d6cb080",
    "data": [
      {
        "text": "🔹",
        "userDefined": false
      }
    ],
    "isTemplate": false,
    "count": 0,
    "updated": 0
  },
  {
    "id": "e4337b39-5e60-4ffd-a5a3-1afa86d713a5",
    "data": [
      {
        "text": "🔶",
        "userDefined": false
      }
    ],
    "isTemplate": false,
    "count": 0,
    "updated": 0
  },
  {
    "id": "9727fc6d-a631-402d-a06e-e447cf495dc1",
    "data": [
      {
        "text": "🔷",
        "userDefined": false
      }
    ],
    "isTemplate": false,
    "count": 0,
    "updated": 0
  },
  {
    "id": "d569e6a7-5250-418b-bda3-d70c2c49dee5",
    "data": [
      {
        "text": "🔺",
        "userDefined": false
      }
    ],
    "isTemplate": false,
    "count": 0,
    "updated": 0
  },
  {
    "id": "ab09de44-9581-4f24-b877-a8f5f059524b",
    "data": [
      {
        "text": "▪",
        "userDefined": false
      }
    ],
    "isTemplate": false,
    "count": 0,
    "updated": 0
  },
  {
    "id": "231d026b-73b7-4b25-9a08-dee7c0ce11f3",
    "data": [
      {
        "text": "▫",
        "userDefined": false
      }
    ],
    "isTemplate": false,
    "count": 0,
    "updated": 0
  },
  {
    "id": "7cdc393f-40b6-41c9-b583-b1136a67fd44",
    "data": [
      {
        "text": "⬛",
        "userDefined": false
      }
    ],
    "isTemplate": false,
    "count": 0,
    "updated": 0
  },
  {
    "id": "8062648e-a9b5-484b-a8cd-767db5c5b960",
    "data": [
      {
        "text": "⬜",
        "userDefined": false
      }
    ],
    "isTemplate": false,
    "count": 0,
    "updated": 0
  },
  {
    "id": "7c032cce-7be5-4204-8fa2-923e7bbb1ffe",
    "data": [
      {
        "text": "🔻",
        "userDefined": false
      }
    ],
    "isTemplate": false,
    "count": 0,
    "updated": 0
  },
  {
    "id": "49acf360-5892-4fb5-a39f-c20d5e874790",
    "data": [
      {
        "text": "◼",
        "userDefined": false
      }
    ],
    "isTemplate": false,
    "count": 0,
    "updated": 0
  },
  {
    "id": "77f844b7-73a3-4cea-8c12-6403dfa5331c",
    "data": [
      {
        "text": "◻",
        "userDefined": false
      }
    ],
    "isTemplate": false,
    "count": 0,
    "updated": 0
  },
  {
    "id": "30c6a792-eaca-4ec4-8ef6-01f0106efb37",
    "data": [
      {
        "text": "◾",
        "userDefined": false
      }
    ],
    "isTemplate": false,
    "count": 0,
    "updated": 0
  },
  {
    "id": "2b4aec37-5de7-4065-9c8b-9cf076a63f4c",
    "data": [
      {
        "text": "◽",
        "userDefined": false
      }
    ],
    "isTemplate": false,
    "count": 0,
    "updated": 0
  },
  {
    "id": "b44c9530-b99a-4985-be13-b99ce4df5b6f",
    "data": [
      {
        "text": "🔲",
        "userDefined": false
      }
    ],
    "isTemplate": false,
    "count": 0,
    "updated": 0
  },
  {
    "id": "d8424aa1-072c-4533-a7b7-de2ff956b6f4",
    "data": [
      {
        "text": "🔳",
        "userDefined": false
      }
    ],
    "isTemplate": false,
    "count": 0,
    "updated": 0
  },
  {
    "id": "bf8712f4-ff66-46d0-be76-e6b2ad00f065",
    "data": [
      {
        "text": "🔈",
        "userDefined": false
      }
    ],
    "isTemplate": false,
    "count": 0,
    "updated": 0
  },
  {
    "id": "8472a2ef-8ffa-45a3-9efd-94b810e9af4f",
    "data": [
      {
        "text": "🔉",
        "userDefined": false
      }
    ],
    "isTemplate": false,
    "count": 0,
    "updated": 0
  },
  {
    "id": "39525c5c-0a1e-44e3-8ebb-e96593ffec50",
    "data": [
      {
        "text": "🔊",
        "userDefined": false
      }
    ],
    "isTemplate": false,
    "count": 0,
    "updated": 0
  },
  {
    "id": "5fdcb37b-07ee-4908-a4b2-7f145b3f2c41",
    "data": [
      {
        "text": "🔇",
        "userDefined": false
      }
    ],
    "isTemplate": false,
    "count": 0,
    "updated": 0
  },
  {
    "id": "ea06d411-fe31-4c15-beac-83edba7867d1",
    "data": [
      {
        "text": "📣",
        "userDefined": false
      }
    ],
    "isTemplate": false,
    "count": 0,
    "updated": 0
  },
  {
    "id": "50467462-ec7d-40d4-a329-120f17dce026",
    "data": [
      {
        "text": "📢",
        "userDefined": false
      }
    ],
    "isTemplate": false,
    "count": 0,
    "updated": 0
  },
  {
    "id": "65d74b49-2a07-4593-b8b3-cfd50be75f94",
    "data": [
      {
        "text": "🔔",
        "userDefined": false
      }
    ],
    "isTemplate": false,
    "count": 0,
    "updated": 0
  },
  {
    "id": "872ab2d3-f450-44bc-b719-a039a0a7b563",
    "data": [
      {
        "text": "🔕",
        "userDefined": false
      }
    ],
    "isTemplate": false,
    "count": 0,
    "updated": 0
  },
  {
    "id": "b8dde3c1-91c3-4287-8a00-d2a928a5cf26",
    "data": [
      {
        "text": "🃏",
        "userDefined": false
      }
    ],
    "isTemplate": false,
    "count": 0,
    "updated": 0
  },
  {
    "id": "8c8ea54e-4b58-4ac4-bcc4-ce80037c7d80",
    "data": [
      {
        "text": "🀄",
        "userDefined": false
      }
    ],
    "isTemplate": false,
    "count": 0,
    "updated": 0
  },
  {
    "id": "b84c256d-e290-43b0-a251-b1f20a5b1477",
    "data": [
      {
        "text": "♠",
        "userDefined": false
      }
    ],
    "isTemplate": false,
    "count": 0,
    "updated": 0
  },
  {
    "id": "1dcd43d1-dd6d-4c94-8dec-ec5d18fdde5b",
    "data": [
      {
        "text": "♣",
        "userDefined": false
      }
    ],
    "isTemplate": false,
    "count": 0,
    "updated": 0
  },
  {
    "id": "4451a629-3b55-4f13-83e6-e4a779da9625",
    "data": [
      {
        "text": "♥",
        "userDefined": false
      }
    ],
    "isTemplate": false,
    "count": 0,
    "updated": 0
  },
  {
    "id": "213c75df-aa74-40b1-95a6-a43ff321a07c",
    "data": [
      {
        "text": "♦",
        "userDefined": false
      }
    ],
    "isTemplate": false,
    "count": 0,
    "updated": 0
  },
  {
    "id": "1ad90877-54da-4b27-8f8a-c4a30ee6aa02",
    "data": [
      {
        "text": "🎴",
        "userDefined": false
      }
    ],
    "isTemplate": false,
    "count": 0,
    "updated": 0
  },
  {
    "id": "13a214b7-4bce-4b5a-b818-9b6363680a2a",
    "data": [
      {
        "text": "👁‍🗨",
        "userDefined": false
      }
    ],
    "isTemplate": false,
    "count": 0,
    "updated": 0
  },
  {
    "id": "920fe290-b507-4bd1-bc21-1ceb66237458",
    "data": [
      {
        "text": "💭",
        "userDefined": false
      }
    ],
    "isTemplate": false,
    "count": 0,
    "updated": 0
  },
  {
    "id": "35559be4-5a2f-4809-8892-90973c8618d4",
    "data": [
      {
        "text": "🗯",
        "userDefined": false
      }
    ],
    "isTemplate": false,
    "count": 0,
    "updated": 0
  },
  {
    "id": "3717c7b8-fdb8-4e7d-9613-e5660bef43b9",
    "data": [
      {
        "text": "💬",
        "userDefined": false
      }
    ],
    "isTemplate": false,
    "count": 0,
    "updated": 0
  },
  {
    "id": "fbeed394-d968-4014-ac3c-8fd8ac97dcb1",
    "data": [
      {
        "text": "🕐",
        "userDefined": false
      }
    ],
    "isTemplate": false,
    "count": 0,
    "updated": 0
  },
  {
    "id": "62aee493-334c-49d8-af99-cc7f4cf68ae7",
    "data": [
      {
        "text": "🕑",
        "userDefined": false
      }
    ],
    "isTemplate": false,
    "count": 0,
    "updated": 0
  },
  {
    "id": "ea679cf9-ae76-48a2-9c86-57ae2f508ffe",
    "data": [
      {
        "text": "🕒",
        "userDefined": false
      }
    ],
    "isTemplate": false,
    "count": 0,
    "updated": 0
  },
  {
    "id": "ae0b5293-6bb6-41e8-991e-b0cd99e86532",
    "data": [
      {
        "text": "🕓",
        "userDefined": false
      }
    ],
    "isTemplate": false,
    "count": 0,
    "updated": 0
  },
  {
    "id": "7f1668a6-c2f3-45fc-ad1d-ec1632e86f92",
    "data": [
      {
        "text": "🕔",
        "userDefined": false
      }
    ],
    "isTemplate": false,
    "count": 0,
    "updated": 0
  },
  {
    "id": "ce2e6503-d649-4fc4-adf4-c2a48fd53223",
    "data": [
      {
        "text": "🕕",
        "userDefined": false
      }
    ],
    "isTemplate": false,
    "count": 0,
    "updated": 0
  },
  {
    "id": "8822fb52-dade-44a8-a462-cf23b9c0c459",
    "data": [
      {
        "text": "🕖",
        "userDefined": false
      }
    ],
    "isTemplate": false,
    "count": 0,
    "updated": 0
  },
  {
    "id": "25db6d8d-7e2b-408c-afe9-1ed69fa3e58a",
    "data": [
      {
        "text": "🕗",
        "userDefined": false
      }
    ],
    "isTemplate": false,
    "count": 0,
    "updated": 0
  },
  {
    "id": "429b9b69-a83d-4444-8449-83fa68320c0a",
    "data": [
      {
        "text": "🕘",
        "userDefined": false
      }
    ],
    "isTemplate": false,
    "count": 0,
    "updated": 0
  },
  {
    "id": "2aba3b58-1311-4d48-bc73-a2b20d6e4945",
    "data": [
      {
        "text": "🕙",
        "userDefined": false
      }
    ],
    "isTemplate": false,
    "count": 0,
    "updated": 0
  },
  {
    "id": "2c40d305-152a-4dc7-934b-a38751a38d4c",
    "data": [
      {
        "text": "🕚",
        "userDefined": false
      }
    ],
    "isTemplate": false,
    "count": 0,
    "updated": 0
  },
  {
    "id": "f189c266-614f-456e-bfb5-f8fc5eeb5ef6",
    "data": [
      {
        "text": "🕛",
        "userDefined": false
      }
    ],
    "isTemplate": false,
    "count": 0,
    "updated": 0
  },
  {
    "id": "db24f12e-64d3-47a0-b097-7bf554273dfd",
    "data": [
      {
        "text": "🕜",
        "userDefined": false
      }
    ],
    "isTemplate": false,
    "count": 0,
    "updated": 0
  },
  {
    "id": "02f66d74-005b-4ae2-8a97-6b7bf5f57fcb",
    "data": [
      {
        "text": "🕝",
        "userDefined": false
      }
    ],
    "isTemplate": false,
    "count": 0,
    "updated": 0
  },
  {
    "id": "294cb25e-4a97-4359-a6d4-78b6bc4538cf",
    "data": [
      {
        "text": "🕞",
        "userDefined": false
      }
    ],
    "isTemplate": false,
    "count": 0,
    "updated": 0
  },
  {
    "id": "3fe062be-072b-41fc-874c-d2828da0e746",
    "data": [
      {
        "text": "🕟",
        "userDefined": false
      }
    ],
    "isTemplate": false,
    "count": 0,
    "updated": 0
  },
  {
    "id": "634cb379-cfbb-45c4-8b4d-39f97c297cc5",
    "data": [
      {
        "text": "🕠",
        "userDefined": false
      }
    ],
    "isTemplate": false,
    "count": 0,
    "updated": 0
  },
  {
    "id": "2a39bd57-9ea1-43bc-ac6c-568a868bd246",
    "data": [
      {
        "text": "🕡",
        "userDefined": false
      }
    ],
    "isTemplate": false,
    "count": 0,
    "updated": 0
  },
  {
    "id": "085fc9b1-5a24-47c4-90a7-27005d379e4c",
    "data": [
      {
        "text": "🕢",
        "userDefined": false
      }
    ],
    "isTemplate": false,
    "count": 0,
    "updated": 0
  },
  {
    "id": "9a8dc7dd-5380-4e2b-9fe3-cb5d8f1d7ee3",
    "data": [
      {
        "text": "🕣",
        "userDefined": false
      }
    ],
    "isTemplate": false,
    "count": 0,
    "updated": 0
  },
  {
    "id": "8bcfd537-a4e4-43b1-b978-6119e80d18a1",
    "data": [
      {
        "text": "🕤",
        "userDefined": false
      }
    ],
    "isTemplate": false,
    "count": 0,
    "updated": 0
  },
  {
    "id": "7f335af8-a76a-4e26-b7d4-62a00807ba18",
    "data": [
      {
        "text": "🕥",
        "userDefined": false
      }
    ],
    "isTemplate": false,
    "count": 0,
    "updated": 0
  },
  {
    "id": "4e26353b-52b7-4636-9ece-efa5153aca30",
    "data": [
      {
        "text": "🕦",
        "userDefined": false
      }
    ],
    "isTemplate": false,
    "count": 0,
    "updated": 0
  },
  {
    "id": "367183ed-29b5-49ed-aced-b249dbfbc31e",
    "data": [
      {
        "text": "🕧",
        "userDefined": false
      }
    ],
    "isTemplate": false,
    "count": 0,
    "updated": 0
  }
]