[
  {
    "id": "c5002cae-28ff-419b-a62c-b92fb469aa37",
    "data": [
      {
        "text": "🍏",
        "userDefined": false
      }
    ],
    "isTemplate": false,
    "count": 0,
    "updated": 0
  },
  {
    "id": "922d1941-2083-4441-9bcd-c947901929f1",
    "data": [
      {
        "text": "🍎",
        "userDefined": false
      }
    ],
    "isTemplate": false,
    "count": 0,
    "updated": 0
  },
  {
    "id": "97c818ee-e9d9-46ab-96b6-3507d6610a38",
    "data": [
      {
        "text": "🍐",
        "userDefined": false
      }
    ],
    "isTemplate": false,
    "count": 0,
    "updated": 0
  },
  {
    "id": "71382d2f-c7af-4f22-8bc6-1789a76c0e1f",
    "data": [
      {
        "text": "🍊",
        "userDefined": false
      }
    ],
    "isTemplate": false,
    "count": 0,
    "updated": 0
  },
  {
    "id": "bcf02e48-c369-415c-974d-62655f405428",
    "data": [
      {
        "text": "🍋",
        "userDefined": false
      }
    ],
    "isTemplate": false,
    "count": 0,
    "updated": 0
  },
  {
    "id": "67da8f2b-cc38-4d70-a046-7bb9ea81c974",
    "data": [
      {
        "text": "🍌",
        "userDefined": false
      }
    ],
    "isTemplate": false,
    "count": 0,
    "updated": 0
  },
  {
    "id": "66273a25-db82-4250-ab0f-dd14777859dc",
    "data": [
      {
        "text": "🍉",
        "userDefined": false
      }
    ],
    "isTemplate": false,
    "count": 0,
    "updated": 0
  },
  {
    "id": "6a15b06c-8c09-43c0-99ee-f918864029c5",
    "data": [
      {
        "text": "🍇",
        "userDefined": false
      }
    ],
    "isTemplate": false,
    "count": 0,
    "updated": 0
  },
  {
    "id": "ab3621a0-bb9d-456f-87b1-2376f96cc86d",
    "data": [
      {
        "text": "🍓",
        "userDefined": false
      }
    ],
    "isTemplate": false,
    "count": 0,
    "updated": 0
  },
  {
    "id": "c990e014-7b1e-4f2d-bdc8-64652f7f20a1",
    "data": [
      {
        "text": "🍈",
        "userDefined": false
      }
    ],
    "isTemplate": false,
    "count": 0,
    "updated": 0
  },
  {
    "id": "ad83167d-a22e-47c9-b242-820a3510d379",
    "data": [
      {
        "text": "🍒",
        "userDefined": false
      }
    ],
    "isTemplate": false,
    "count": 0,
    "updated": 0
  },
  {
    "id": "c88cecea-3647-454f-9782-73e8fda66679",
    "data": [
      {
        "text": "🍑",
        "userDefined": false
      }
    ],
    "isTemplate": false,
    "count": 0,
    "updated": 0
  },
  {
    "id": "ca129d1f-c380-4d30-b2aa-b7c9dc29b5df",
    "data": [
      {
        "text": "🍍",
        "userDefined": false
      }
    ],
    "isTemplate": false,
    "count": 0,
    "updated": 0
  },
  {
    "id": "4b84fe24-bd5c-43ae-b242-ce7905919b23",
    "data": [
      {
        "text": "🍅",
        "userDefined": false
      }
    ],
    "isTemplate": false,
    "count": 0,
    "updated": 0
  },
  {
    "id": "94ee87a9-bbd4-4071-b02f-9430ee306311",
    "data": [
      {
        "text": "🍆",
        "userDefined": false
      }
    ],
    "isTemplate": false,
    "count": 0,
    "updated": 0
  },
  {
    "id": "b6105511-94af-4c23-9c82-10f58d2159da",
    "data": [
      {
        "text": "🌶",
        "userDefined": false
      }
    ],
    "isTemplate": false,
    "count": 0,
    "updated": 0
  },
  {
    "id": "5f0cd084-7178-483b-9477-cc865bd3b242",
    "data": [
      {
        "text": "🌽",
        "userDefined": false
      }
    ],
    "isTemplate": false,
    "count": 0,
    "updated": 0
  },
  {
    "id": "8cce4e13-c192-45e2-92f0-73cdd7b39849",
    "data": [
      {
        "text": "🍠",
        "userDefined": false
      }
    ],
    "isTemplate": false,
    "count": 0,
    "updated": 0
  },
  {
    "id": "f3a08187-ac49-461b-a6d9-e97457a92c1d",
    "data": [
      {
        "text": "🍯",
        "userDefined": false
      }
    ],
    "isTemplate": false,
    "count": 0,
    "updated": 0
  },
  {
    "id": "4b8c8e2c-5ca5-4922-9945-50ca46506a11",
    "data": [
      {
        "text": "🍞",
        "userDefined": false
      }
    ],
    "isTemplate": false,
    "count": 0,
    "updated": 0
  },
  {
    "id": "b70870e3-a95b-41e7-b14b-fbd851105541",
    "data": [
      {
        "text": "🧀",
        "userDefined": false
      }
    ],
    "isTemplate": false,
    "count": 0,
    "updated": 0
  },
  {
    "id": "bc72b5d1-dc83-4102-b4b5-c5e9f0c27304",
    "data": [
      {
        "text": "🍗",
        "userDefined": false
      }
    ],
    "isTemplate": false,
    "count": 0,
    "updated": 0
  },
  {
    "id": "53c154f9-9d19-47c0-8063-aa3206a16e5a",
    "data": [
      {
        "text": "🍖",
        "userDefined": false
      }
    ],
    "isTemplate": false,
    "count": 0,
    "updated": 0
  },
  {
    "id": "5ff2ecf9-4cc0-4d0c-b23a-ec3b12cf2654",
    "data": [
      {
        "text": "🍤",
        "userDefined": false
      }
    ],
    "isTemplate": false,
    "count": 0,
    "updated": 0
  },
  {
    "id": "6653c88a-6d47-4315-9d87-21c56d3b5a29",
    "data": [
      {
        "text": "🍳",
        "userDefined": false
      }
    ],
    "isTemplate": false,
    "count": 0,
    "updated": 0
  },
  {
    "id": "0b0170b4-28df-4a67-a0eb-a2154eea10c3",
    "data": [
      {
        "text": "🍔",
        "userDefined": false
      }
    ],
    "isTemplate": false,
    "count": 0,
    "updated": 0
  },
  {
    "id": "9d082082-3417-470b-808a-e8c7433d42c0",
    "data": [
      {
        "text": "🍟",
        "userDefined": false
      }
    ],
    "isTemplate": false,
    "count": 0,
    "updated": 0
  },
  {
    "id": "2753345e-f8ff-49eb-9aef-27fc62e4a92b",
    "data": [
      {
        "text": "🌭",
        "userDefined": false
      }
    ],
    "isTemplate": false,
    "count": 0,
    "updated": 0
  },
  {
    "id": "6268b3f1-9480-4201-80db-9d6873362713",
    "data": [
      {
        "text": "🍕",
        "userDefined": false
      }
    ],
    "isTemplate": false,
    "count": 0,
    "updated": 0
  },
  {
    "id": "3fe4c29e-02b4-40ae-8b05-2beee6108a0b",
    "data": [
      {
        "text": "🍝",
        "userDefined": false
      }
    ],
    "isTemplate": false,
    "count": 0,
    "updated": 0
  },
  {
    "id": "6d7153ae-aa3f-4446-af84-6a8ea5c49e2f",
    "data": [
      {
        "text": "🌮",
        "userDefined": false
      }
    ],
    "isTemplate": false,
    "count": 0,
    "updated": 0
  },
  {
    "id": "89058b7a-8179-4c7d-8f1f-1a5ee308c00e",
    "data": [
      {
        "text": "🌯",
        "userDefined": false
      }
    ],
    "isTemplate": false,
    "count": 0,
    "updated": 0
  },
  {
    "id": "14d2aced-1b22-44cc-85d8-64d050ca37d5",
    "data": [
      {
        "text": "🍜",
        "userDefined": false
      }
    ],
    "isTemplate": false,
    "count": 0,
    "updated": 0
  },
  {
    "id": "263c75c4-f61e-415a-8b5d-e5e297a05157",
    "data": [
      {
        "text": "🍲",
        "userDefined": false
      }
    ],
    "isTemplate": false,
    "count": 0,
    "updated": 0
  },
  {
    "id": "3deda201-68c3-4737-9b1d-76039d2da860",
    "data": [
      {
        "text": "🍥",
        "userDefined": false
      }
    ],
    "isTemplate": false,
    "count": 0,
    "updated": 0
  },
  {
    "id": "21e3f52d-4ae7-41a8-a008-d61acc7ca521",
    "data": [
      {
        "text": "🍣",
        "userDefined": false
      }
    ],
    "isTemplate": false,
    "count": 0,
    "updated": 0
  },
  {
    "id": "783bea26-f91b-48e7-97f4-d59bf5b7c0b0",
    "data": [
      {
        "text": "🍱",
        "userDefined": false
      }
    ],
    "isTemplate": false,
    "count": 0,
    "updated": 0
  },
  {
    "id": "b39c0042-cb3d-4383-ad75-78417cc61998",
    "data": [
      {
        "text": "🍛",
        "userDefined": false
      }
    ],
    "isTemplate": false,
    "count": 0,
    "updated": 0
  },
  {
    "id": "ed196594-2b69-4773-ae22-b0038e9ef305",
    "data": [
      {
        "text": "🍙",
        "userDefined": false
      }
    ],
    "isTemplate": false,
    "count": 0,
    "updated": 0
  },
  {
    "id": "3ab6fa42-dd5e-4e35-9bbd-06e55a0647eb",
    "data": [
      {
        "text": "🍚",
        "userDefined": false
      }
    ],
    "isTemplate": false,
    "count": 0,
    "updated": 0
  },
  {
    "id": "5e00b459-9b37-435b-999b-1ee5ef3fb802",
    "data": [
      {
        "text": "🍘",
        "userDefined": false
      }
    ],
    "isTemplate": false,
    "count": 0,
    "updated": 0
  },
  {
    "id": "3dc95d98-bdf5-4120-8dff-3ed41701f471",
    "data": [
      {
        "text": "🍢",
        "userDefined": false
      }
    ],
    "isTemplate": false,
    "count": 0,
    "updated": 0
  },
  {
    "id": "04f61e6f-faae-41f0-8b35-79c974c93b03",
    "data": [
      {
        "text": "🍡",
        "userDefined": false
      }
    ],
    "isTemplate": false,
    "count": 0,
    "updated": 0
  },
  {
    "id": "68e2f5c7-1a5f-4f5b-875e-9765d8e279dd",
    "data": [
      {
        "text": "🍧",
        "userDefined": false
      }
    ],
    "isTemplate": false,
    "count": 0,
    "updated": 0
  },
  {
    "id": "5d08cbed-3611-40f8-82ac-b1f39322977c",
    "data": [
      {
        "text": "🍨",
        "userDefined": false
      }
    ],
    "isTemplate": false,
    "count": 0,
    "updated": 0
  },
  {
    "id": "3b5fa257-678e-4e9d-90dc-7a495ea9f5fe",
    "data": [
      {
        "text": "🍦",
        "userDefined": false
      }
    ],
    "isTemplate": false,
    "count": 0,
    "updated": 0
  },
  {
    "id": "b1e069d8-4282-4a42-9a53-dd8f2e51c801",
    "data": [
      {
        "text": "🍰",
        "userDefined": false
      }
    ],
    "isTemplate": false,
    "count": 0,
    "updated": 0
  },
  {
    "id": "db576450-240e-42cf-94fb-183f00521435",
    "data": [
      {
        "text": "🎂",
        "userDefined": false
      }
    ],
    "isTemplate": false,
    "count": 0,
    "updated": 0
  },
  {
    "id": "f43c7c91-438d-441c-9954-a81b6765857b",
    "data": [
      {
        "text": "🍮",
        "userDefined": false
      }
    ],
    "isTemplate": false,
    "count": 0,
    "updated": 0
  },
  {
    "id": "b499aaf6-c58d-4ce2-858e-4ff9bd55bff1",
    "data": [
      {
        "text": "🍬",
        "userDefined": false
      }
    ],
    "isTemplate": false,
    "count": 0,
    "updated": 0
  },
  {
    "id": "3acd99d3-099b-4d94-b774-82c33893abf4",
    "data": [
      {
        "text": "🍭",
        "userDefined": false
      }
    ],
    "isTemplate": false,
    "count": 0,
    "updated": 0
  },
  {
    "id": "3ee8f612-507c-4618-96ba-a0535ad030aa",
    "data": [
      {
        "text": "🍫",
        "userDefined": false
      }
    ],
    "isTemplate": false,
    "count": 0,
    "updated": 0
  },
  {
    "id": "cf9bfac2-cd05-48e6-9ddb-9949c82464d3",
    "data": [
      {
        "text": "🍿",
        "userDefined": false
      }
    ],
    "isTemplate": false,
    "count": 0,
    "updated": 0
  },
  {
    "id": "4dbaa140-3f12-4d8e-9783-fdae228994b2",
    "data": [
      {
        "text": "🍩",
        "userDefined": false
      }
    ],
    "isTemplate": false,
    "count": 0,
    "updated": 0
  },
  {
    "id": "7c43abe8-ec02-4786-9c8f-83bb2b5ff2de",
    "data": [
      {
        "text": "🍪",
        "userDefined": false
      }
    ],
    "isTemplate": false,
    "count": 0,
    "updated": 0
  },
  {
    "id": "56492446-125e-4416-9067-35786bbfd108",
    "data": [
      {
        "text": "🍺",
        "userDefined": false
      }
    ],
    "isTemplate": false,
    "count": 0,
    "updated": 0
  },
  {
    "id": "285e6dd1-c222-433d-8f42-be9385e7ea43",
    "data": [
      {
        "text": "🍻",
        "userDefined": false
      }
    ],
    "isTemplate": false,
    "count": 0,
    "updated": 0
  },
  {
    "id": "f0186053-0f2d-46b1-aeb6-ed134201cca2",
    "data": [
      {
        "text": "🍷",
        "userDefined": false
      }
    ],
    "isTemplate": false,
    "count": 0,
    "updated": 0
  },
  {
    "id": "b1cec614-9c9f-4609-87e0-9aa6aea83668",
    "data": [
      {
        "text": "🍸",
        "userDefined": false
      }
    ],
    "isTemplate": false,
    "count": 0,
    "updated": 0
  },
  {
    "id": "5b4794a4-5ea6-4b76-8da6-84e646652dc1",
    "data": [
      {
        "text": "🍹",
        "userDefined": false
      }
    ],
    "isTemplate": false,
    "count": 0,
    "updated": 0
  },
  {
    "id": "4a2434f1-f890-4f54-b34b-cdbd9f8ce4fa",
    "data": [
      {
        "text": "🍾",
        "userDefined": false
      }
    ],
    "isTemplate": false,
    "count": 0,
    "updated": 0
  },
  {
    "id": "92c4e2da-3735-427f-8f39-abf8d374fdd7",
    "data": [
      {
        "text": "🍶",
        "userDefined": false
      }
    ],
    "isTemplate": false,
    "count": 0,
    "updated": 0
  },
  {
    "id": "816769e9-9820-442f-9436-cd3d189a43a7",
    "data": [
      {
        "text": "🍵",
        "userDefined": false
      }
    ],
    "isTemplate": false,
    "count": 0,
    "updated": 0
  },
  {
    "id": "24c6fb03-98c0-4e21-a9e3-85bd3e1d7494",
    "data": [
      {
        "text": "☕",
        "userDefined": false
      }
    ],
    "isTemplate": false,
    "count": 0,
    "updated": 0
  },
  {
    "id": "3822b58b-4786-4e45-b999-06e79fdef107",
    "data": [
      {
        "text": "🍼",
        "userDefined": false
      }
    ],
    "isTemplate": false,
    "count": 0,
    "updated": 0
  },
  {
    "id": "9a2546a5-b139-4a1a-b011-4e47d7493909",
    "data": [
      {
        "text": "🍴",
        "userDefined": false
      }
    ],
    "isTemplate": false,
    "count": 0,
    "updated": 0
  },
  {
    "id": "97092c2b-279c-415a-ba5b-63ea21e34b0b",
    "data": [
      {
        "text": "🍽",
        "userDefined": false
      }
    ],
    "isTemplate": false,
    "count": 0,
    "updated": 0
  }
]