[
  {
    "id": "acdc7b45-df6f-4189-96fe-d154bc32bec2",
    "data": [
      {
        "text": "🐶",
        "userDefined": false
      }
    ],
    "isTemplate": false,
    "count": 0,
    "updated": 0
  },
  {
    "id": "c51a760a-06a6-4dcd-b0d7-ff8e93279f38",
    "data": [
      {
        "text": "🐱",
        "userDefined": false
      }
    ],
    "isTemplate": false,
    "count": 0,
    "updated": 0
  },
  {
    "id": "ef4c816c-7ffb-46bc-a30e-0c563f5d19b8",
    "data": [
      {
        "text": "🐭",
        "userDefined": false
      }
    ],
    "isTemplate": false,
    "count": 0,
    "updated": 0
  },
  {
    "id": "e8b2fa31-bd7a-4fe2-a56d-2e51f5abe576",
    "data": [
      {
        "text": "🐹",
        "userDefined": false
      }
    ],
    "isTemplate": false,
    "count": 0,
    "updated": 0
  },
  {
    "id": "aff175e4-6cae-432f-9b5d-b9217a729ea2",
    "data": [
      {
        "text": "🐰",
        "userDefined": false
      }
    ],
    "isTemplate": false,
    "count": 0,
    "updated": 0
  },
  {
    "id": "011092dd-68d4-4d9d-9708-a541f53c2dce",
    "data": [
      {
        "text": "🐻",
        "userDefined": false
      }
    ],
    "isTemplate": false,
    "count": 0,
    "updated": 0
  },
  {
    "id": "f12532c7-ca5a-4755-8f84-e836d411eb06",
    "data": [
      {
        "text": "🐼",
        "userDefined": false
      }
    ],
    "isTemplate": false,
    "count": 0,
    "updated": 0
  },
  {
    "id": "6c96692f-193d-4e30-8525-44b86f8b23f0",
    "data": [
      {
        "text": "🐨",
        "userDefined": false
      }
    ],
    "isTemplate": false,
    "count": 0,
    "updated": 0
  },
  {
    "id": "577eaa08-29bd-42cb-8ac3-288faa665556",
    "data": [
      {
        "text": "🦁",
        "userDefined": false
      }
    ],
    "isTemplate": false,
    "count": 0,
    "updated": 0
  },
  {
    "id": "d4103933-5ff3-4230-b216-533c80eae403",
    "data": [
      {
        "text": "🐮",
        "userDefined": false
      }
    ],
    "isTemplate": false,
    "count": 0,
    "updated": 0
  },
  {
    "id": "491f8c90-144e-45f0-85eb-f567ba5db1b2",
    "data": [
      {
        "text": "🐷",
        "userDefined": false
      }
    ],
    "isTemplate": false,
    "count": 0,
    "updated": 0
  },
  {
    "id": "9ab9fa4f-661d-4877-aff8-3783a99668c3",
    "data": [
      {
        "text": "🐽",
        "userDefined": false
      }
    ],
    "isTemplate": false,
    "count": 0,
    "updated": 0
  },
  {
    "id": "7228b984-14e3-4cf1-939b-349f863d517e",
    "data": [
      {
        "text": "🐸",
        "userDefined": false
      }
    ],
    "isTemplate": false,
    "count": 0,
    "updated": 0
  },
  {
    "id": "ea6e7411-3fae-4431-9c6e-e1b08baf6a8c",
    "data": [
      {
        "text": "🐙",
        "userDefined": false
      }
    ],
    "isTemplate": false,
    "count": 0,
    "updated": 0
  },
  {
    "id": "28666681-b764-448f-a542-0b9f165495d1",
    "data": [
      {
        "text": "🐵",
        "userDefined": false
      }
    ],
    "isTemplate": false,
    "count": 0,
    "updated": 0
  },
  {
    "id": "84d09324-75e6-4962-a75a-19d6fd2b7d86",
    "data": [
      {
        "text": "🐯",
        "userDefined": false
      }
    ],
    "isTemplate": false,
    "count": 0,
    "updated": 0
  },
  {
    "id": "5569bc87-c436-4622-8453-0dc53eb9805f",
    "data": [
      {
        "text": "🙈",
        "userDefined": false
      }
    ],
    "isTemplate": false,
    "count": 0,
    "updated": 0
  },
  {
    "id": "9b709302-d48e-4d64-bf94-ae16f7f89f48",
    "data": [
      {
        "text": "🙉",
        "userDefined": false
      }
    ],
    "isTemplate": false,
    "count": 0,
    "updated": 0
  },
  {
    "id": "45390e36-eb70-49eb-8ec0-269a20c35395",
    "data": [
      {
        "text": "🙊",
        "userDefined": false
      }
    ],
    "isTemplate": false,
    "count": 0,
    "updated": 0
  },
  {
    "id": "4bd93b9b-ea58-41a4-b710-24df1822b641",
    "data": [
      {
        "text": "🐒",
        "userDefined": false
      }
    ],
    "isTemplate": false,
    "count": 0,
    "updated": 0
  },
  {
    "id": "03082c98-a3ea-4e85-a3fc-d5d0f2702404",
    "data": [
      {
        "text": "🐔",
        "userDefined": false
      }
    ],
    "isTemplate": false,
    "count": 0,
    "updated": 0
  },
  {
    "id": "f7670a9d-0e51-4040-a23a-5920b9530b14",
    "data": [
      {
        "text": "🐧",
        "userDefined": false
      }
    ],
    "isTemplate": false,
    "count": 0,
    "updated": 0
  },
  {
    "id": "768123cd-6fbf-4f85-94ca-061a3ef9439b",
    "data": [
      {
        "text": "🐦",
        "userDefined": false
      }
    ],
    "isTemplate": false,
    "count": 0,
    "updated": 0
  },
  {
    "id": "da0e1489-6328-4c77-a616-643bb23721a8",
    "data": [
      {
        "text": "🐤",
        "userDefined": false
      }
    ],
    "isTemplate": false,
    "count": 0,
    "updated": 0
  },
  {
    "id": "c4b2c204-baf9-44d2-9baa-33d653392794",
    "data": [
      {
        "text": "🐣",
        "userDefined": false
      }
    ],
    "isTemplate": false,
    "count": 0,
    "updated": 0
  },
  {
    "id": "c0b96175-06fe-402f-b899-ec477f4c24ae",
    "data": [
      {
        "text": "🐥",
        "userDefined": false
      }
    ],
    "isTemplate": false,
    "count": 0,
    "updated": 0
  },
  {
    "id": "f2654fd4-19c4-4092-a9d3-73181af53ce7",
    "data": [
      {
        "text": "🐺",
        "userDefined": false
      }
    ],
    "isTemplate": false,
    "count": 0,
    "updated": 0
  },
  {
    "id": "21f0f2f5-0548-46ff-a759-cb55bc4b6a3d",
    "data": [
      {
        "text": "🐗",
        "userDefined": false
      }
    ],
    "isTemplate": false,
    "count": 0,
    "updated": 0
  },
  {
    "id": "9c244078-730b-4ab5-a47b-0d986729e590",
    "data": [
      {
        "text": "🐴",
        "userDefined": false
      }
    ],
    "isTemplate": false,
    "count": 0,
    "updated": 0
  },
  {
    "id": "453b3dfb-eaad-406e-93bc-6877848c2851",
    "data": [
      {
        "text": "🦄",
        "userDefined": false
      }
    ],
    "isTemplate": false,
    "count": 0,
    "updated": 0
  },
  {
    "id": "109b648b-addc-4d4d-8a4f-a2e31fd6749e",
    "data": [
      {
        "text": "🐝",
        "userDefined": false
      }
    ],
    "isTemplate": false,
    "count": 0,
    "updated": 0
  },
  {
    "id": "ae548333-16aa-447f-a553-5c6a6d10b5d9",
    "data": [
      {
        "text": "🐛",
        "userDefined": false
      }
    ],
    "isTemplate": false,
    "count": 0,
    "updated": 0
  },
  {
    "id": "18d57483-db85-4597-b0cf-41aee8369ba8",
    "data": [
      {
        "text": "🐌",
        "userDefined": false
      }
    ],
    "isTemplate": false,
    "count": 0,
    "updated": 0
  },
  {
    "id": "5c4109bf-310a-44da-9299-88e5eee36b1d",
    "data": [
      {
        "text": "🐞",
        "userDefined": false
      }
    ],
    "isTemplate": false,
    "count": 0,
    "updated": 0
  },
  {
    "id": "0f773ccc-26fb-447c-8e61-ed16737b2ce3",
    "data": [
      {
        "text": "🐜",
        "userDefined": false
      }
    ],
    "isTemplate": false,
    "count": 0,
    "updated": 0
  },
  {
    "id": "899b437d-58dd-4036-a249-57dc13063778",
    "data": [
      {
        "text": "🕷",
        "userDefined": false
      }
    ],
    "isTemplate": false,
    "count": 0,
    "updated": 0
  },
  {
    "id": "d0000b1c-9ef3-4d58-823e-33b80c857371",
    "data": [
      {
        "text": "🦂",
        "userDefined": false
      }
    ],
    "isTemplate": false,
    "count": 0,
    "updated": 0
  },
  {
    "id": "9a0b37e4-6f13-45a8-a2c9-fa3d29a7e6f5",
    "data": [
      {
        "text": "🦀",
        "userDefined": false
      }
    ],
    "isTemplate": false,
    "count": 0,
    "updated": 0
  },
  {
    "id": "65c96681-4f1d-4ee1-a586-8209b9cac686",
    "data": [
      {
        "text": "🐍",
        "userDefined": false
      }
    ],
    "isTemplate": false,
    "count": 0,
    "updated": 0
  },
  {
    "id": "5f8f6e10-c1fb-48bb-ae4c-82e5743df9f5",
    "data": [
      {
        "text": "🐢",
        "userDefined": false
      }
    ],
    "isTemplate": false,
    "count": 0,
    "updated": 0
  },
  {
    "id": "9bdeef8f-37a2-4b19-adf9-c7ddb536433c",
    "data": [
      {
        "text": "🐠",
        "userDefined": false
      }
    ],
    "isTemplate": false,
    "count": 0,
    "updated": 0
  },
  {
    "id": "1fbb1bde-f0d7-49fb-8ec2-8061cd7e9031",
    "data": [
      {
        "text": "🐟",
        "userDefined": false
      }
    ],
    "isTemplate": false,
    "count": 0,
    "updated": 0
  },
  {
    "id": "e7250e49-9321-4db7-90d2-37f1f200950e",
    "data": [
      {
        "text": "🐡",
        "userDefined": false
      }
    ],
    "isTemplate": false,
    "count": 0,
    "updated": 0
  },
  {
    "id": "41c9aef3-6c89-47d6-85d6-c34f993b8671",
    "data": [
      {
        "text": "🐬",
        "userDefined": false
      }
    ],
    "isTemplate": false,
    "count": 0,
    "updated": 0
  },
  {
    "id": "2f3c55cd-c551-4841-85e0-252cd1c33214",
    "data": [
      {
        "text": "🐳",
        "userDefined": false
      }
    ],
    "isTemplate": false,
    "count": 0,
    "updated": 0
  },
  {
    "id": "002a1336-e5f6-4efb-a578-63efac9d3dd7",
    "data": [
      {
        "text": "🐋",
        "userDefined": false
      }
    ],
    "isTemplate": false,
    "count": 0,
    "updated": 0
  },
  {
    "id": "cda7e604-f0d6-42d0-9c40-b2924a9637f7",
    "data": [
      {
        "text": "🐊",
        "userDefined": false
      }
    ],
    "isTemplate": false,
    "count": 0,
    "updated": 0
  },
  {
    "id": "cd0f81ee-24d6-4014-a82a-7de07f98d60a",
    "data": [
      {
        "text": "🐆",
        "userDefined": false
      }
    ],
    "isTemplate": false,
    "count": 0,
    "updated": 0
  },
  {
    "id": "d9ffa82d-ec26-46b1-bdfe-be9d33f79952",
    "data": [
      {
        "text": "🐅",
        "userDefined": false
      }
    ],
    "isTemplate": false,
    "count": 0,
    "updated": 0
  },
  {
    "id": "00865aa2-7705-4fe1-9193-23d0d1e3f4e0",
    "data": [
      {
        "text": "🐃",
        "userDefined": false
      }
    ],
    "isTemplate": false,
    "count": 0,
    "updated": 0
  },
  {
    "id": "26d5cff5-662e-4a54-aa4c-a21790d7fc51",
    "data": [
      {
        "text": "🐂",
        "userDefined": false
      }
    ],
    "isTemplate": false,
    "count": 0,
    "updated": 0
  },
  {
    "id": "8cbfae6e-66c4-4b13-8a82-f464922bb9d9",
    "data": [
      {
        "text": "🐄",
        "userDefined": false
      }
    ],
    "isTemplate": false,
    "count": 0,
    "updated": 0
  },
  {
    "id": "a9da2e62-fa4a-4ecc-b7e8-11f633ba20b1",
    "data": [
      {
        "text": "🐪",
        "userDefined": false
      }
    ],
    "isTemplate": false,
    "count": 0,
    "updated": 0
  },
  {
    "id": "659fa8bc-3b53-4915-bff6-2b978aaf83fd",
    "data": [
      {
        "text": "🐫",
        "userDefined": false
      }
    ],
    "isTemplate": false,
    "count": 0,
    "updated": 0
  },
  {
    "id": "a47843d6-a0dc-4555-a077-a089e8aaed65",
    "data": [
      {
        "text": "🐘",
        "userDefined": false
      }
    ],
    "isTemplate": false,
    "count": 0,
    "updated": 0
  },
  {
    "id": "a5ad586b-8801-4bc1-9d41-30b842ef3804",
    "data": [
      {
        "text": "🐐",
        "userDefined": false
      }
    ],
    "isTemplate": false,
    "count": 0,
    "updated": 0
  },
  {
    "id": "a2c4dc2e-d769-4129-98e4-2bada97c4644",
    "data": [
      {
        "text": "🐏",
        "userDefined": false
      }
    ],
    "isTemplate": false,
    "count": 0,
    "updated": 0
  },
  {
    "id": "70b188de-385b-4b7e-a98e-e964835be65c",
    "data": [
      {
        "text": "🐑",
        "userDefined": false
      }
    ],
    "isTemplate": false,
    "count": 0,
    "updated": 0
  },
  {
    "id": "074abcda-7d8c-4868-b30f-a5a69e0a6d1c",
    "data": [
      {
        "text": "🐎",
        "userDefined": false
      }
    ],
    "isTemplate": false,
    "count": 0,
    "updated": 0
  },
  {
    "id": "77440982-4918-4e91-8009-5de06216351e",
    "data": [
      {
        "text": "🐖",
        "userDefined": false
      }
    ],
    "isTemplate": false,
    "count": 0,
    "updated": 0
  },
  {
    "id": "a5014362-89f1-4a12-942c-01ef2a731796",
    "data": [
      {
        "text": "🐀",
        "userDefined": false
      }
    ],
    "isTemplate": false,
    "count": 0,
    "updated": 0
  },
  {
    "id": "bec05b1e-2546-4bab-8393-f4bf774ab79d",
    "data": [
      {
        "text": "🐁",
        "userDefined": false
      }
    ],
    "isTemplate": false,
    "count": 0,
    "updated": 0
  },
  {
    "id": "c226483e-bf91-45f1-b915-2cd6513028f6",
    "data": [
      {
        "text": "🐓",
        "userDefined": false
      }
    ],
    "isTemplate": false,
    "count": 0,
    "updated": 0
  },
  {
    "id": "2e30ea56-ae89-4e2b-a801-e93a2a7d091a",
    "data": [
      {
        "text": "🦃",
        "userDefined": false
      }
    ],
    "isTemplate": false,
    "count": 0,
    "updated": 0
  },
  {
    "id": "5c0241f0-2177-4cd9-b6cb-16df102d8a3d",
    "data": [
      {
        "text": "🕊",
        "userDefined": false
      }
    ],
    "isTemplate": false,
    "count": 0,
    "updated": 0
  },
  {
    "id": "6c2da69a-a19b-4eb5-b538-b9fc9cffb5f4",
    "data": [
      {
        "text": "🐕",
        "userDefined": false
      }
    ],
    "isTemplate": false,
    "count": 0,
    "updated": 0
  },
  {
    "id": "4c6afe11-16c2-4bfe-b90b-3aad1f388906",
    "data": [
      {
        "text": "🐩",
        "userDefined": false
      }
    ],
    "isTemplate": false,
    "count": 0,
    "updated": 0
  },
  {
    "id": "763fe140-5409-440f-9777-e212b6c5a394",
    "data": [
      {
        "text": "🐈",
        "userDefined": false
      }
    ],
    "isTemplate": false,
    "count": 0,
    "updated": 0
  },
  {
    "id": "2f3e54d9-d011-4c96-9c5b-10a60d2dd9d1",
    "data": [
      {
        "text": "🐇",
        "userDefined": false
      }
    ],
    "isTemplate": false,
    "count": 0,
    "updated": 0
  },
  {
    "id": "13414275-8308-4738-b1f4-145554f2b9c1",
    "data": [
      {
        "text": "🐿",
        "userDefined": false
      }
    ],
    "isTemplate": false,
    "count": 0,
    "updated": 0
  },
  {
    "id": "b6374371-516d-4bb8-874d-7ab5ee0ba549",
    "data": [
      {
        "text": "🐾",
        "userDefined": false
      }
    ],
    "isTemplate": false,
    "count": 0,
    "updated": 0
  },
  {
    "id": "e02ab0a9-8d9f-40b4-975a-407b2ebff55c",
    "data": [
      {
        "text": "🐉",
        "userDefined": false
      }
    ],
    "isTemplate": false,
    "count": 0,
    "updated": 0
  },
  {
    "id": "96defb69-0bc9-47b3-b376-1394bcea1a04",
    "data": [
      {
        "text": "🐲",
        "userDefined": false
      }
    ],
    "isTemplate": false,
    "count": 0,
    "updated": 0
  },
  {
    "id": "92441d16-db9f-4ebd-b6ed-c6b4f70d79e3",
    "data": [
      {
        "text": "🌵",
        "userDefined": false
      }
    ],
    "isTemplate": false,
    "count": 0,
    "updated": 0
  },
  {
    "id": "207cf4cf-a771-409b-9a1e-760ecfecbaea",
    "data": [
      {
        "text": "🎄",
        "userDefined": false
      }
    ],
    "isTemplate": false,
    "count": 0,
    "updated": 0
  },
  {
    "id": "2a41c956-cdd0-4b7f-b53e-015964f8076b",
    "data": [
      {
        "text": "🌲",
        "userDefined": false
      }
    ],
    "isTemplate": false,
    "count": 0,
    "updated": 0
  },
  {
    "id": "fec3431f-ad54-494a-8067-1ecf40e724e1",
    "data": [
      {
        "text": "🌳",
        "userDefined": false
      }
    ],
    "isTemplate": false,
    "count": 0,
    "updated": 0
  },
  {
    "id": "502360a2-28b0-4d6e-840a-c04bf2b03b74",
    "data": [
      {
        "text": "🌴",
        "userDefined": false
      }
    ],
    "isTemplate": false,
    "count": 0,
    "updated": 0
  },
  {
    "id": "08b5f8f3-96b6-4950-943a-86b1c59d6469",
    "data": [
      {
        "text": "🌱",
        "userDefined": false
      }
    ],
    "isTemplate": false,
    "count": 0,
    "updated": 0
  },
  {
    "id": "77bf1f0b-6934-45b9-9a0c-b73a08973008",
    "data": [
      {
        "text": "🌿",
        "userDefined": false
      }
    ],
    "isTemplate": false,
    "count": 0,
    "updated": 0
  },
  {
    "id": "67ce4ce6-7cf9-4955-9a7c-66a856c668b5",
    "data": [
      {
        "text": "☘",
        "userDefined": false
      }
    ],
    "isTemplate": false,
    "count": 0,
    "updated": 0
  },
  {
    "id": "94e129b9-180b-4b23-9f62-04876ee0e956",
    "data": [
      {
        "text": "🍀",
        "userDefined": false
      }
    ],
    "isTemplate": false,
    "count": 0,
    "updated": 0
  },
  {
    "id": "7a558822-3cdc-47da-8fa5-920811008fa5",
    "data": [
      {
        "text": "🎍",
        "userDefined": false
      }
    ],
    "isTemplate": false,
    "count": 0,
    "updated": 0
  },
  {
    "id": "9ae65659-f869-4ea3-a356-30718366f5ac",
    "data": [
      {
        "text": "🎋",
        "userDefined": false
      }
    ],
    "isTemplate": false,
    "count": 0,
    "updated": 0
  },
  {
    "id": "c6ce9ba9-5690-4530-b9d6-ebf48059beed",
    "data": [
      {
        "text": "🍃",
        "userDefined": false
      }
    ],
    "isTemplate": false,
    "count": 0,
    "updated": 0
  },
  {
    "id": "c744a6b1-aa34-48fa-a5b1-80477870ecf5",
    "data": [
      {
        "text": "🍂",
        "userDefined": false
      }
    ],
    "isTemplate": false,
    "count": 0,
    "updated": 0
  },
  {
    "id": "5aaf9d5f-11d7-4f1d-bdcf-201e6835a33c",
    "data": [
      {
        "text": "🍁",
        "userDefined": false
      }
    ],
    "isTemplate": false,
    "count": 0,
    "updated": 0
  },
  {
    "id": "bddf9baa-3bb7-438b-9392-93cfb6cd9346",
    "data": [
      {
        "text": "🌾",
        "userDefined": false
      }
    ],
    "isTemplate": false,
    "count": 0,
    "updated": 0
  },
  {
    "id": "a6f54f0e-0975-4ee4-91b3-c0a11a290892",
    "data": [
      {
        "text": "🌺",
        "userDefined": false
      }
    ],
    "isTemplate": false,
    "count": 0,
    "updated": 0
  },
  {
    "id": "75b12a28-163b-41a5-a5bd-49b47dbb81b2",
    "data": [
      {
        "text": "🌻",
        "userDefined": false
      }
    ],
    "isTemplate": false,
    "count": 0,
    "updated": 0
  },
  {
    "id": "7b0aa5b2-45db-437b-829c-718af98946c5",
    "data": [
      {
        "text": "🌹",
        "userDefined": false
      }
    ],
    "isTemplate": false,
    "count": 0,
    "updated": 0
  },
  {
    "id": "9b5316ff-3fe0-487c-89c2-4ad11655176b",
    "data": [
      {
        "text": "🌷",
        "userDefined": false
      }
    ],
    "isTemplate": false,
    "count": 0,
    "updated": 0
  },
  {
    "id": "dacdcd21-99ab-4ce1-818e-cc6faa7b6b66",
    "data": [
      {
        "text": "🌼",
        "userDefined": false
      }
    ],
    "isTemplate": false,
    "count": 0,
    "updated": 0
  },
  {
    "id": "51ca1654-ff2e-45d5-9ae7-9bde8d4e13ea",
    "data": [
      {
        "text": "🌸",
        "userDefined": false
      }
    ],
    "isTemplate": false,
    "count": 0,
    "updated": 0
  },
  {
    "id": "1efa74b7-36cd-41a1-bbbb-1e0ec0674313",
    "data": [
      {
        "text": "💐",
        "userDefined": false
      }
    ],
    "isTemplate": false,
    "count": 0,
    "updated": 0
  },
  {
    "id": "5f66af19-4291-4ad6-b48a-0bdf4213fc1a",
    "data": [
      {
        "text": "🍄",
        "userDefined": false
      }
    ],
    "isTemplate": false,
    "count": 0,
    "updated": 0
  },
  {
    "id": "933cc590-c23e-47a1-ac52-4528a730e8bf",
    "data": [
      {
        "text": "🌰",
        "userDefined": false
      }
    ],
    "isTemplate": false,
    "count": 0,
    "updated": 0
  },
  {
    "id": "14993e52-ef52-4be1-89e2-76d21dc53e6a",
    "data": [
      {
        "text": "🎃",
        "userDefined": false
      }
    ],
    "isTemplate": false,
    "count": 0,
    "updated": 0
  },
  {
    "id": "ffde6546-87e0-4954-bd54-a64ad84cef0a",
    "data": [
      {
        "text": "🐚",
        "userDefined": false
      }
    ],
    "isTemplate": false,
    "count": 0,
    "updated": 0
  },
  {
    "id": "cfdb2973-72a9-4ec4-b3f3-f02d971af898",
    "data": [
      {
        "text": "🕸",
        "userDefined": false
      }
    ],
    "isTemplate": false,
    "count": 0,
    "updated": 0
  },
  {
    "id": "f060195c-787c-4b3d-a9af-775b91504668",
    "data": [
      {
        "text": "🌎",
        "userDefined": false
      }
    ],
    "isTemplate": false,
    "count": 0,
    "updated": 0
  },
  {
    "id": "cf83d14e-a5da-457b-b10a-57264ca17c42",
    "data": [
      {
        "text": "🌍",
        "userDefined": false
      }
    ],
    "isTemplate": false,
    "count": 0,
    "updated": 0
  },
  {
    "id": "8449cdb0-06fe-4baa-b368-9eb7b8e5798c",
    "data": [
      {
        "text": "🌏",
        "userDefined": false
      }
    ],
    "isTemplate": false,
    "count": 0,
    "updated": 0
  },
  {
    "id": "01c3ffc6-f2c4-40f7-8ec6-d56821f456e0",
    "data": [
      {
        "text": "🌕",
        "userDefined": false
      }
    ],
    "isTemplate": false,
    "count": 0,
    "updated": 0
  },
  {
    "id": "30372b5c-77ca-479c-a3e3-a67ba193556a",
    "data": [
      {
        "text": "🌖",
        "userDefined": false
      }
    ],
    "isTemplate": false,
    "count": 0,
    "updated": 0
  },
  {
    "id": "da74a3c2-4cd3-46b8-98b2-3c8ccca6ee38",
    "data": [
      {
        "text": "🌗",
        "userDefined": false
      }
    ],
    "isTemplate": false,
    "count": 0,
    "updated": 0
  },
  {
    "id": "d9115189-8a87-4e3f-a12b-a3ba883c810e",
    "data": [
      {
        "text": "🌘",
        "userDefined": false
      }
    ],
    "isTemplate": false,
    "count": 0,
    "updated": 0
  },
  {
    "id": "37fef3f6-17d0-47c5-b88e-3f7eff187700",
    "data": [
      {
        "text": "🌑",
        "userDefined": false
      }
    ],
    "isTemplate": false,
    "count": 0,
    "updated": 0
  },
  {
    "id": "ec781ada-51e2-49b1-ab04-3698f40616d4",
    "data": [
      {
        "text": "🌒",
        "userDefined": false
      }
    ],
    "isTemplate": false,
    "count": 0,
    "updated": 0
  },
  {
    "id": "de0ccbbe-be15-464a-83d3-64b75c5509b3",
    "data": [
      {
        "text": "🌓",
        "userDefined": false
      }
    ],
    "isTemplate": false,
    "count": 0,
    "updated": 0
  },
  {
    "id": "26c63f29-4344-4984-8533-f4129d850e0f",
    "data": [
      {
        "text": "🌔",
        "userDefined": false
      }
    ],
    "isTemplate": false,
    "count": 0,
    "updated": 0
  },
  {
    "id": "be8bad84-9c4e-42f1-ac1c-c24233e9da64",
    "data": [
      {
        "text": "🌚",
        "userDefined": false
      }
    ],
    "isTemplate": false,
    "count": 0,
    "updated": 0
  },
  {
    "id": "3226afcb-66ce-4b2f-8acd-708daa6afdcd",
    "data": [
      {
        "text": "🌝",
        "userDefined": false
      }
    ],
    "isTemplate": false,
    "count": 0,
    "updated": 0
  },
  {
    "id": "f82945ec-033e-41d1-acba-8bc3113e75a7",
    "data": [
      {
        "text": "🌛",
        "userDefined": false
      }
    ],
    "isTemplate": false,
    "count": 0,
    "updated": 0
  },
  {
    "id": "c2256c03-46d7-4f76-8dc3-0a9f816c0685",
    "data": [
      {
        "text": "🌜",
        "userDefined": false
      }
    ],
    "isTemplate": false,
    "count": 0,
    "updated": 0
  },
  {
    "id": "39977c9f-5427-4286-8d60-2e507f219606",
    "data": [
      {
        "text": "🌞",
        "userDefined": false
      }
    ],
    "isTemplate": false,
    "count": 0,
    "updated": 0
  },
  {
    "id": "e30479a5-e843-4d2f-bfc3-b7f2d5ce6dcd",
    "data": [
      {
        "text": "🌙",
        "userDefined": false
      }
    ],
    "isTemplate": false,
    "count": 0,
    "updated": 0
  },
  {
    "id": "50f89b3c-5c96-4c9f-8473-8984fce531e8",
    "data": [
      {
        "text": "⭐",
        "userDefined": false
      }
    ],
    "isTemplate": false,
    "count": 0,
    "updated": 0
  },
  {
    "id": "4eacf89b-ad6f-4dd7-8889-66a043a4f90c",
    "data": [
      {
        "text": "🌟",
        "userDefined": false
      }
    ],
    "isTemplate": false,
    "count": 0,
    "updated": 0
  },
  {
    "id": "bcad0ba8-0e25-4a9d-baca-25d1ee66a3cd",
    "data": [
      {
        "text": "💫",
        "userDefined": false
      }
    ],
    "isTemplate": false,
    "count": 0,
    "updated": 0
  },
  {
    "id": "2c862f4b-0644-4744-8a54-f52237be5d92",
    "data": [
      {
        "text": "✨",
        "userDefined": false
      }
    ],
    "isTemplate": false,
    "count": 0,
    "updated": 0
  },
  {
    "id": "01cbe6f7-6409-4e21-8e1a-4282c349dca5",
    "data": [
      {
        "text": "☄",
        "userDefined": false
      }
    ],
    "isTemplate": false,
    "count": 0,
    "updated": 0
  },
  {
    "id": "27ef04a9-29a1-40ad-9086-e3136140b26e",
    "data": [
      {
        "text": "☀",
        "userDefined": false
      }
    ],
    "isTemplate": false,
    "count": 0,
    "updated": 0
  },
  {
    "id": "a33ea00f-95e4-4fde-b156-f05a502eb97b",
    "data": [
      {
        "text": "🌤",
        "userDefined": false
      }
    ],
    "isTemplate": false,
    "count": 0,
    "updated": 0
  },
  {
    "id": "21e4fef7-2b03-4fd7-a184-d3715309a8f4",
    "data": [
      {
        "text": "⛅",
        "userDefined": false
      }
    ],
    "isTemplate": false,
    "count": 0,
    "updated": 0
  },
  {
    "id": "b101f556-62ae-4fdc-94ba-9d48323f7fa3",
    "data": [
      {
        "text": "🌥",
        "userDefined": false
      }
    ],
    "isTemplate": false,
    "count": 0,
    "updated": 0
  },
  {
    "id": "26ee7cfc-8067-4dd7-b20c-ee77d03afc86",
    "data": [
      {
        "text": "🌦",
        "userDefined": false
      }
    ],
    "isTemplate": false,
    "count": 0,
    "updated": 0
  },
  {
    "id": "9d835263-e232-49a5-962a-970abe55678e",
    "data": [
      {
        "text": "☁",
        "userDefined": false
      }
    ],
    "isTemplate": false,
    "count": 0,
    "updated": 0
  },
  {
    "id": "d3ffbb51-a9c7-4a52-8bcc-4d7b3fd6982c",
    "data": [
      {
        "text": "🌧",
        "userDefined": false
      }
    ],
    "isTemplate": false,
    "count": 0,
    "updated": 0
  },
  {
    "id": "277edc32-f9d9-4e1a-b9e0-64494b2cfa3d",
    "data": [
      {
        "text": "⛈",
        "userDefined": false
      }
    ],
    "isTemplate": false,
    "count": 0,
    "updated": 0
  },
  {
    "id": "d3692122-a624-47fb-b9f6-51945bcbc549",
    "data": [
      {
        "text": "🌩",
        "userDefined": false
      }
    ],
    "isTemplate": false,
    "count": 0,
    "updated": 0
  },
  {
    "id": "f8db627a-d9e5-4154-8ecc-c6090f1eb60c",
    "data": [
      {
        "text": "⚡",
        "userDefined": false
      }
    ],
    "isTemplate": false,
    "count": 0,
    "updated": 0
  },
  {
    "id": "b188b6c6-c3dd-47b2-be09-fc9e856a65e5",
    "data": [
      {
        "text": "🔥",
        "userDefined": false
      }
    ],
    "isTemplate": false,
    "count": 0,
    "updated": 0
  },
  {
    "id": "c2dad658-abc4-473a-813b-88d5ccd34fcf",
    "data": [
      {
        "text": "💥",
        "userDefined": false
      }
    ],
    "isTemplate": false,
    "count": 0,
    "updated": 0
  },
  {
    "id": "b3e38b64-8c5d-46ba-bc47-7a6f6c16d92d",
    "data": [
      {
        "text": "❄",
        "userDefined": false
      }
    ],
    "isTemplate": false,
    "count": 0,
    "updated": 0
  },
  {
    "id": "15ef2880-1d0f-4df1-81a1-67802b8cfe4d",
    "data": [
      {
        "text": "🌨",
        "userDefined": false
      }
    ],
    "isTemplate": false,
    "count": 0,
    "updated": 0
  },
  {
    "id": "5db4c856-4fa2-4c2a-9646-526f653bf486",
    "data": [
      {
        "text": "☃",
        "userDefined": false
      }
    ],
    "isTemplate": false,
    "count": 0,
    "updated": 0
  },
  {
    "id": "39c0176d-cd7d-41a6-a0dc-fa3a4a2dfc59",
    "data": [
      {
        "text": "⛄",
        "userDefined": false
      }
    ],
    "isTemplate": false,
    "count": 0,
    "updated": 0
  },
  {
    "id": "c250f027-291c-427c-bb97-36b8f7b32386",
    "data": [
      {
        "text": "🌬",
        "userDefined": false
      }
    ],
    "isTemplate": false,
    "count": 0,
    "updated": 0
  },
  {
    "id": "fbede22d-347f-48c2-9161-519ac86c50fe",
    "data": [
      {
        "text": "💨",
        "userDefined": false
      }
    ],
    "isTemplate": false,
    "count": 0,
    "updated": 0
  },
  {
    "id": "7879d34d-278f-4c15-a58d-93b3b444b29a",
    "data": [
      {
        "text": "🌪",
        "userDefined": false
      }
    ],
    "isTemplate": false,
    "count": 0,
    "updated": 0
  },
  {
    "id": "d0fd6000-b831-4c15-82b3-c0f87036dd3a",
    "data": [
      {
        "text": "🌫",
        "userDefined": false
      }
    ],
    "isTemplate": false,
    "count": 0,
    "updated": 0
  },
  {
    "id": "46c973e8-d5a6-4a93-88dc-bc55a09484b1",
    "data": [
      {
        "text": "☂",
        "userDefined": false
      }
    ],
    "isTemplate": false,
    "count": 0,
    "updated": 0
  },
  {
    "id": "95b1520d-205d-45f8-8037-bfc476f8554a",
    "data": [
      {
        "text": "☔",
        "userDefined": false
      }
    ],
    "isTemplate": false,
    "count": 0,
    "updated": 0
  },
  {
    "id": "219d0837-9000-4d9b-ad70-f98ae052cbdd",
    "data": [
      {
        "text": "💧",
        "userDefined": false
      }
    ],
    "isTemplate": false,
    "count": 0,
    "updated": 0
  },
  {
    "id": "d86d48e1-7f2f-4f3c-8e71-e0a7f4e8f408",
    "data": [
      {
        "text": "💦",
        "userDefined": false
      }
    ],
    "isTemplate": false,
    "count": 0,
    "updated": 0
  },
  {
    "id": "5ed8b914-7393-40d1-a4bc-d61b2cbecbb6",
    "data": [
      {
        "text": "🌊",
        "userDefined": false
      }
    ],
    "isTemplate": false,
    "count": 0,
    "updated": 0
  }
]