[
  {
    "id": "c479bd97-f0fd-42ea-8db9-58573eb47fc7",
    "data": [
      {
        "text": "I\u0027m dying",
        "userDefined": false
      }
    ],
    "isTemplate": false,
    "count": 0,
    "updated": 0
  },
  {
    "id": "49910be6-3abc-45f3-bf17-ee775347277d",
    "data": [
      {
        "text": "i ",
        "userDefined": false
      },
      {
        "text": "feel",
        "alias": "sad",
        "meta": "@sad",
        "userDefined": false
      },
      {
        "text": " ",
        "userDefined": false
      },
      {
        "text": "miserable",
        "alias": "sad",
        "meta": "@sad",
        "userDefined": true
      }
    ],
    "isTemplate": false,
    "count": 0,
    "updated": 0
  },
  {
    "id": "f932b93c-d6f1-4854-8ef9-9dc9b8cf5866",
    "data": [
      {
        "text": "i have a ",
        "userDefined": false
      },
      {
        "text": "melancholy",
        "alias": "sad",
        "meta": "@sad",
        "userDefined": true
      },
      {
        "text": " ",
        "userDefined": false
      },
      {
        "text": "mood",
        "meta": "@sys.ignore",
        "userDefined": false
      },
      {
        "text": " ",
        "userDefined": false
      },
      {
        "text": "today",
        "alias": "date-time",
        "meta": "@sys.date-time",
        "userDefined": false
      }
    ],
    "isTemplate": false,
    "count": 0,
    "updated": 0
  },
  {
    "id": "3603dffa-8bfb-4ae8-9c91-2fb0c47beaaf",
    "data": [
      {
        "text": "i ",
        "userDefined": false
      },
      {
        "text": "feel",
        "alias": "sad",
        "meta": "@sad",
        "userDefined": false
      },
      {
        "text": " ",
        "userDefined": false
      },
      {
        "text": "gloomy",
        "alias": "sad",
        "meta": "@sad",
        "userDefined": true
      }
    ],
    "isTemplate": false,
    "count": 0,
    "updated": 0
  },
  {
    "id": "68e85392-9269-4ec2-a8bc-db504fdf44b8",
    "data": [
      {
        "text": "i am ",
        "userDefined": false
      },
      {
        "text": "depressed",
        "alias": "sad",
        "meta": "@sad",
        "userDefined": false
      }
    ],
    "isTemplate": false,
    "count": 0,
    "updated": 0
  },
  {
    "id": "ea6fff0e-aa20-4c35-877e-4617c9a8461d",
    "data": [
      {
        "text": "i am ",
        "userDefined": false
      },
      {
        "text": "feeling depressed",
        "alias": "sad",
        "meta": "@sad",
        "userDefined": false
      }
    ],
    "isTemplate": false,
    "count": 0,
    "updated": 0
  }
]