[
  {
    "id": "b420d050-7442-4f28-b424-fde19e10d1d2",
    "data": [
      {
        "text": "find ",
        "userDefined": false
      },
      {
        "text": "Newton laws",
        "alias": "q",
        "meta": "@sys.any",
        "userDefined": true
      },
      {
        "text": " in the web",
        "userDefined": false
      }
    ],
    "isTemplate": false,
    "count": 0,
    "updated": 0
  },
  {
    "id": "d20a7f34-a56e-4c66-b3f2-b33823293de3",
    "data": [
      {
        "text": "find ",
        "userDefined": false
      },
      {
        "text": "funny cats",
        "alias": "q",
        "meta": "@sys.any",
        "userDefined": true
      }
    ],
    "isTemplate": false,
    "count": 0,
    "updated": 0
  },
  {
    "id": "4f84dd67-256e-4170-a824-f9274891a585",
    "data": [
      {
        "text": "google",
        "alias": "service",
        "meta": "@search-engine",
        "userDefined": true
      },
      {
        "text": " a ",
        "userDefined": false
      },
      {
        "text": "recipe for tomato soup",
        "alias": "q",
        "meta": "@sys.any",
        "userDefined": true
      }
    ],
    "isTemplate": false,
    "count": 0,
    "updated": 0
  },
  {
    "id": "cb7ac4be-fbd1-4029-8ceb-00b76e31ff07",
    "data": [
      {
        "text": "google",
        "alias": "service",
        "meta": "@search-engine",
        "userDefined": true
      },
      {
        "text": " ",
        "userDefined": false
      },
      {
        "text": "David Bowie",
        "alias": "q",
        "meta": "@sys.any",
        "userDefined": true
      }
    ],
    "isTemplate": false,
    "count": 1,
    "updated": 0
  },
  {
    "id": "96122cee-1a50-420a-8a13-4c4602bece02",
    "data": [
      {
        "text": "find information about ",
        "userDefined": false
      },
      {
        "text": "Madonna",
        "alias": "q",
        "meta": "@sys.any",
        "userDefined": true
      }
    ],
    "isTemplate": false,
    "count": 0,
    "updated": 0
  },
  {
    "id": "a5ccd2f5-e182-47d3-84f2-76195906b79b",
    "data": [
      {
        "text": "Google",
        "alias": "service",
        "meta": "@search-engine",
        "userDefined": true
      },
      {
        "text": " ",
        "userDefined": false
      },
      {
        "text": "who is the president of the United States",
        "alias": "q",
        "meta": "@sys.any",
        "userDefined": true
      }
    ],
    "isTemplate": false,
    "count": 0,
    "updated": 0
  },
  {
    "id": "bbd077bf-db0a-4f54-b6a2-5bb80f1d81bc",
    "data": [
      {
        "text": "search",
        "userDefined": false
      }
    ],
    "isTemplate": false,
    "count": 0,
    "updated": 0
  },
  {
    "id": "cecc3393-2323-4b43-a54d-8d8b575a6d62",
    "data": [
      {
        "text": "web search",
        "userDefined": false
      }
    ],
    "isTemplate": false,
    "count": 0,
    "updated": 0
  },
  {
    "id": "15eba063-de7d-46e0-a296-35af1a8151e0",
    "data": [
      {
        "text": "find ",
        "userDefined": false
      },
      {
        "text": "apple pie recipes",
        "alias": "q",
        "meta": "@sys.any",
        "userDefined": true
      }
    ],
    "isTemplate": false,
    "count": 0,
    "updated": 0
  },
  {
    "id": "4889d5d4-4adc-4da9-a306-f08841104963",
    "data": [
      {
        "text": "search ",
        "userDefined": false
      },
      {
        "text": "how to build a house",
        "alias": "q",
        "meta": "@sys.any",
        "userDefined": true
      }
    ],
    "isTemplate": false,
    "count": 0,
    "updated": 0
  },
  {
    "id": "6f1850f7-a50e-4363-8912-e57906542aab",
    "data": [
      {
        "text": "find ",
        "userDefined": false
      },
      {
        "text": "Lady Gaga\u0027s husband",
        "alias": "q",
        "meta": "@sys.any",
        "userDefined": true
      },
      {
        "text": " on the Internet",
        "userDefined": false
      }
    ],
    "isTemplate": false,
    "count": 0,
    "updated": 0
  },
  {
    "id": "6fd464c1-c405-488f-8003-8a8d8895c5ce",
    "data": [
      {
        "text": "can you find information",
        "userDefined": false
      }
    ],
    "isTemplate": false,
    "count": 0,
    "updated": 0
  },
  {
    "id": "3b1913b4-b864-48bb-a636-bd60bc46dfbd",
    "data": [
      {
        "text": "find ",
        "userDefined": false
      },
      {
        "text": "Pink\u0027s biography",
        "alias": "q",
        "meta": "@sys.any",
        "userDefined": true
      },
      {
        "text": " on ",
        "userDefined": false
      },
      {
        "text": "Wikipedia",
        "alias": "service",
        "meta": "@search-engine",
        "userDefined": true
      }
    ],
    "isTemplate": false,
    "count": 0,
    "updated": 0
  },
  {
    "id": "5c3f6bea-ff67-48a3-a938-ddf9d8e53fb5",
    "data": [
      {
        "text": "look up ",
        "userDefined": false
      },
      {
        "text": "Monty Python",
        "alias": "q",
        "meta": "@sys.any",
        "userDefined": true
      }
    ],
    "isTemplate": false,
    "count": 0,
    "updated": 0
  },
  {
    "id": "e30ab011-d0ef-480e-8891-adaa4fbde680",
    "data": [
      {
        "text": "find ",
        "userDefined": false
      },
      {
        "text": "Metropolitan Museum",
        "alias": "q",
        "meta": "@sys.any",
        "userDefined": true
      },
      {
        "text": " on ",
        "userDefined": false
      },
      {
        "text": "Wikipedia",
        "alias": "service",
        "meta": "@search-engine",
        "userDefined": true
      }
    ],
    "isTemplate": false,
    "count": 0,
    "updated": 0
  },
  {
    "id": "d8b9724a-b017-4b87-af57-9df0fe7fe04d",
    "data": [
      {
        "text": "search for ",
        "userDefined": false
      },
      {
        "text": "popular wallpapers",
        "alias": "q",
        "meta": "@sys.any",
        "userDefined": true
      },
      {
        "text": " on ",
        "userDefined": false
      },
      {
        "text": "Yahoo",
        "alias": "service",
        "meta": "@search-engine",
        "userDefined": true
      }
    ],
    "isTemplate": false,
    "count": 0,
    "updated": 0
  },
  {
    "id": "28d86285-c91d-4570-bae8-aca4edfe1be6",
    "data": [
      {
        "text": "search the Internet",
        "userDefined": false
      }
    ],
    "isTemplate": false,
    "count": 0,
    "updated": 0
  }
]