[
  {
    "id": "dc37948e-0813-4ea7-95bb-d545c7d20d95",
    "data": [
      {
        "text": "dogs",
        "alias": "q",
        "meta": "@sys.any",
        "userDefined": false
      },
      {
        "text": " as ",
        "userDefined": false
      },
      {
        "text": "well",
        "meta": "@sys.ignore",
        "userDefined": false
      }
    ],
    "isTemplate": false,
    "count": 0,
    "updated": 0
  },
  {
    "id": "0b3e0fa8-2dd4-41a6-9f11-00f4b3b9b55b",
    "data": [
      {
        "text": "now",
        "meta": "@sys.ignore",
        "userDefined": false
      },
      {
        "text": " ",
        "userDefined": false
      },
      {
        "text": "kittens",
        "alias": "q",
        "meta": "@sys.any",
        "userDefined": true
      }
    ],
    "isTemplate": false,
    "count": 0,
    "updated": 0
  },
  {
    "id": "b364dbf9-7f20-44da-bcf6-61bab1ab6184",
    "data": [
      {
        "text": "how about ",
        "userDefined": false
      },
      {
        "text": "apple pie recipes",
        "alias": "q",
        "meta": "@sys.any",
        "userDefined": true
      }
    ],
    "isTemplate": false,
    "count": 0,
    "updated": 0
  },
  {
    "id": "da52cfc4-3d9c-4a34-873c-121951726cfc",
    "data": [
      {
        "text": "what about ",
        "userDefined": false
      },
      {
        "text": "puppies",
        "alias": "q",
        "meta": "@sys.any",
        "userDefined": false
      },
      {
        "text": " ",
        "userDefined": false
      },
      {
        "text": "now",
        "meta": "@sys.ignore",
        "userDefined": false
      }
    ],
    "isTemplate": false,
    "count": 0,
    "updated": 0
  },
  {
    "id": "13149ce4-9882-45b7-a317-204a0691877d",
    "data": [
      {
        "text": "now for ",
        "userDefined": false
      },
      {
        "text": "tables",
        "alias": "q",
        "meta": "@sys.any",
        "userDefined": true
      }
    ],
    "isTemplate": false,
    "count": 0,
    "updated": 0
  }
]