[
  {
    "id": "7237f5cf-b149-440f-98a1-356e98d537d8",
    "data": [
      {
        "text": "do you know ",
        "userDefined": false
      },
      {
        "text": "what does the fox say",
        "alias": "fox-say",
        "meta": "@fox-say",
        "userDefined": true
      }
    ],
    "isTemplate": false,
    "count": 1,
    "updated": 0
  },
  {
    "id": "ef36501f-ee60-4b55-bbfa-65784940747c",
    "data": [
      {
        "text": "can you answer me ",
        "userDefined": false
      },
      {
        "text": "what does the fox say",
        "alias": "fox-say",
        "meta": "@fox-say",
        "userDefined": true
      }
    ],
    "isTemplate": false,
    "count": 0,
    "updated": 0
  },
  {
    "id": "8458c223-93bc-4f5c-859d-66ef5a42664e",
    "data": [
      {
        "text": "what ",
        "userDefined": false
      },
      {
        "text": "sounds does a fox make",
        "alias": "fox-say",
        "meta": "@fox-say",
        "userDefined": true
      }
    ],
    "isTemplate": false,
    "count": 0,
    "updated": 0
  },
  {
    "id": "e536e3a8-f58d-4c46-a66d-23c030e8c7de",
    "data": [
      {
        "text": "find out what sound does a fox make",
        "userDefined": false
      }
    ],
    "isTemplate": false,
    "count": 0,
    "updated": 0
  },
  {
    "id": "7ab80557-421e-49be-bd2a-928759724277",
    "data": [
      {
        "text": "fox says",
        "userDefined": false
      }
    ],
    "isTemplate": false,
    "count": 0,
    "updated": 0
  },
  {
    "id": "a24e9ea7-f168-4d11-a85b-26739a6f6614",
    "data": [
      {
        "text": "do you have an idea what does the fox say",
        "userDefined": false
      }
    ],
    "isTemplate": false,
    "count": 0,
    "updated": 0
  },
  {
    "id": "36bd47d3-81f5-44be-90bf-0dba7063bb36",
    "data": [
      {
        "text": "what does the fox say",
        "userDefined": false
      }
    ],
    "isTemplate": false,
    "count": 0,
    "updated": 0
  },
  {
    "id": "f19ebb43-0f81-481a-809c-3df1da0dc1a3",
    "data": [
      {
        "text": "what sound does a fox make",
        "userDefined": false
      }
    ],
    "isTemplate": false,
    "count": 1,
    "updated": 0
  },
  {
    "id": "ca1ade76-8c22-43e7-a560-17c436c1be7c",
    "data": [
      {
        "text": "can you tell me what does the fox say",
        "userDefined": false
      }
    ],
    "isTemplate": false,
    "count": 0,
    "updated": 0
  },
  {
    "id": "c5eac315-eaf6-435f-99da-11661d976f60",
    "data": [
      {
        "text": "can you show me what does the ",
        "userDefined": false
      },
      {
        "text": "fox say",
        "meta": "@sys.ignore",
        "userDefined": false
      }
    ],
    "isTemplate": false,
    "count": 0,
    "updated": 0
  }
]