[
  {
    "id": "e72ed9df-58b9-458f-99d4-1e34e0592a2f",
    "data": [
      {
        "text": "now find ",
        "userDefined": false
      },
      {
        "text": "Britney Spears",
        "alias": "artist",
        "meta": "@sys.music-artist",
        "userDefined": true
      }
    ],
    "isTemplate": false,
    "count": 0,
    "updated": 0
  },
  {
    "id": "1f1f90d7-76c4-4464-ad31-70466abd9d37",
    "data": [
      {
        "text": "search for ",
        "userDefined": false
      },
      {
        "text": "Rihanna",
        "alias": "artist",
        "meta": "@sys.music-artist",
        "userDefined": false
      }
    ],
    "isTemplate": false,
    "count": 0,
    "updated": 0
  },
  {
    "id": "64f28bf3-9892-4d8a-8744-2f929f9949cc",
    "data": [
      {
        "text": "search for ",
        "userDefined": false
      },
      {
        "text": "Adele",
        "alias": "artist",
        "meta": "@sys.music-artist",
        "userDefined": true
      },
      {
        "text": " now",
        "userDefined": false
      }
    ],
    "isTemplate": false,
    "count": 0,
    "updated": 0
  },
  {
    "id": "d7b71ba0-841d-4747-a7af-b983312c3215",
    "data": [
      {
        "text": "now find album ",
        "userDefined": false
      },
      {
        "text": "Burning up",
        "alias": "album",
        "meta": "@music-album",
        "userDefined": false
      }
    ],
    "isTemplate": false,
    "count": 0,
    "updated": 0
  },
  {
    "id": "b77aa2ea-98d4-4d2c-a666-e20828c8344e",
    "data": [
      {
        "text": "now ",
        "userDefined": false
      },
      {
        "text": "YouTube",
        "alias": "service",
        "meta": "@music-service",
        "userDefined": true
      }
    ],
    "isTemplate": false,
    "count": 0,
    "updated": 0
  },
  {
    "id": "0e8eb742-b5cc-4a30-8eee-d30db541afb4",
    "data": [
      {
        "text": "now from ",
        "userDefined": false
      },
      {
        "text": "iTunes",
        "alias": "service",
        "meta": "@music-service",
        "userDefined": false
      }
    ],
    "isTemplate": false,
    "count": 0,
    "updated": 0
  },
  {
    "id": "28f52096-18e3-4769-bb8c-594d6c6df9dd",
    "data": [
      {
        "text": "what about ",
        "userDefined": false
      },
      {
        "text": "Netflix",
        "alias": "service",
        "meta": "@music-service",
        "userDefined": false
      }
    ],
    "isTemplate": false,
    "count": 0,
    "updated": 0
  },
  {
    "id": "1927cba9-d7dc-4167-ac2c-48291f838862",
    "data": [
      {
        "text": "now find ",
        "userDefined": false
      },
      {
        "text": "jazz",
        "alias": "genre",
        "meta": "@sys.music-genre",
        "userDefined": true
      }
    ],
    "isTemplate": false,
    "count": 1,
    "updated": 0
  },
  {
    "id": "3096c034-a645-4fd2-b9d6-49759ae6b349",
    "data": [
      {
        "text": "now search ",
        "userDefined": false
      },
      {
        "text": "Rihanna",
        "alias": "artist",
        "meta": "@sys.music-artist",
        "userDefined": true
      },
      {
        "text": " ft ",
        "userDefined": false
      },
      {
        "text": "Eminem",
        "alias": "artist",
        "meta": "@sys.music-artist",
        "userDefined": true
      }
    ],
    "isTemplate": false,
    "count": 0,
    "updated": 0
  },
  {
    "id": "c44a3e30-19fd-4a08-8136-e3cbcf7be947",
    "data": [
      {
        "text": "now search for ",
        "userDefined": false
      },
      {
        "text": "Diamonds",
        "alias": "song",
        "meta": "@song",
        "userDefined": false
      }
    ],
    "isTemplate": false,
    "count": 0,
    "updated": 0
  },
  {
    "id": "62d47c07-29bf-487d-b3fe-c881d25fa566",
    "data": [
      {
        "text": "now search for album ",
        "userDefined": false
      },
      {
        "text": "Lucky Star",
        "alias": "album",
        "meta": "@music-album",
        "userDefined": true
      }
    ],
    "isTemplate": false,
    "count": 0,
    "updated": 0
  },
  {
    "id": "2f9ecb24-189a-4a32-af39-7a8280890fb1",
    "data": [
      {
        "text": "now find ",
        "userDefined": false
      },
      {
        "text": "Monster",
        "alias": "song",
        "meta": "@song",
        "userDefined": false
      }
    ],
    "isTemplate": false,
    "count": 0,
    "updated": 0
  },
  {
    "id": "56a545ce-f6fe-460a-96e2-72650b67eb38",
    "data": [
      {
        "text": "now find ",
        "userDefined": false
      },
      {
        "text": "Summer",
        "alias": "album",
        "meta": "@music-album",
        "userDefined": false
      },
      {
        "text": " album",
        "userDefined": false
      }
    ],
    "isTemplate": false,
    "count": 0,
    "updated": 0
  },
  {
    "id": "0b90a91e-98f8-4ebe-87c2-7ec3321702d0",
    "data": [
      {
        "text": "now find ",
        "userDefined": false
      },
      {
        "text": "jazz",
        "alias": "genre",
        "meta": "@sys.music-genre",
        "userDefined": true
      },
      {
        "text": " ",
        "userDefined": false
      },
      {
        "text": "music",
        "meta": "@sys.ignore",
        "userDefined": false
      }
    ],
    "isTemplate": false,
    "count": 0,
    "updated": 0
  },
  {
    "id": "05c4faa6-6bf0-4cbc-9f16-c0e04d4fc797",
    "data": [
      {
        "text": "now find ",
        "userDefined": false
      },
      {
        "text": "winter",
        "alias": "playlist",
        "meta": "@playlist",
        "userDefined": true
      },
      {
        "text": " playlist",
        "userDefined": false
      }
    ],
    "isTemplate": false,
    "count": 0,
    "updated": 0
  },
  {
    "id": "518ed104-1370-4568-9263-b563c5bb015f",
    "data": [
      {
        "text": "search ",
        "userDefined": false
      },
      {
        "text": "gym",
        "alias": "playlist",
        "meta": "@playlist",
        "userDefined": true
      },
      {
        "text": " playlist",
        "userDefined": false
      }
    ],
    "isTemplate": false,
    "count": 0,
    "updated": 0
  },
  {
    "id": "458bfa0c-ca62-4d0c-92ac-85a21d37d996",
    "data": [
      {
        "text": "now songs about ",
        "userDefined": false
      },
      {
        "text": "love",
        "alias": "song",
        "meta": "@song",
        "userDefined": true
      }
    ],
    "isTemplate": false,
    "count": 0,
    "updated": 0
  },
  {
    "id": "e40823d0-0e08-47e3-8f94-22b7dedc7879",
    "data": [
      {
        "text": "now search for ",
        "userDefined": false
      },
      {
        "text": "jazz",
        "alias": "genre",
        "meta": "@sys.music-genre",
        "userDefined": true
      }
    ],
    "isTemplate": false,
    "count": 1,
    "updated": 0
  },
  {
    "id": "d19c9eba-05c5-472e-adf4-67a1eb1bf03f",
    "data": [
      {
        "text": "now find album called ",
        "userDefined": false
      },
      {
        "text": "Let it be",
        "alias": "album",
        "meta": "@music-album",
        "userDefined": false
      }
    ],
    "isTemplate": false,
    "count": 0,
    "updated": 0
  },
  {
    "id": "8afb3c68-0d29-4b1e-a924-a8e2784c7853",
    "data": [
      {
        "text": "now find ",
        "userDefined": false
      },
      {
        "text": "Hello",
        "alias": "song",
        "meta": "@song",
        "userDefined": true
      }
    ],
    "isTemplate": false,
    "count": 0,
    "updated": 0
  },
  {
    "id": "8ec9573c-aaa4-48a9-806a-d0b9e76bf009",
    "data": [
      {
        "text": "now ",
        "userDefined": false
      },
      {
        "text": "Elton John",
        "alias": "artist",
        "meta": "@sys.music-artist",
        "userDefined": false
      }
    ],
    "isTemplate": false,
    "count": 0,
    "updated": 0
  },
  {
    "id": "92a59fd5-a3a1-4575-a3ee-843f3cd62893",
    "data": [
      {
        "text": "now by ",
        "userDefined": false
      },
      {
        "text": "Madonna",
        "alias": "artist",
        "meta": "@sys.music-artist",
        "userDefined": false
      }
    ],
    "isTemplate": false,
    "count": 0,
    "updated": 0
  },
  {
    "id": "334f62e3-f958-4f41-a825-aa0099059e41",
    "data": [
      {
        "text": "now find ",
        "userDefined": false
      },
      {
        "text": "Hello",
        "alias": "song",
        "meta": "@song",
        "userDefined": true
      },
      {
        "text": " song",
        "userDefined": false
      }
    ],
    "isTemplate": false,
    "count": 0,
    "updated": 0
  },
  {
    "id": "4f42c037-cf30-489b-ba20-2da03307064d",
    "data": [
      {
        "text": "now ",
        "userDefined": false
      },
      {
        "text": "jazz",
        "alias": "genre",
        "meta": "@sys.music-genre",
        "userDefined": true
      }
    ],
    "isTemplate": false,
    "count": 0,
    "updated": 0
  },
  {
    "id": "20108b2c-25f7-4da1-8607-4636720713cc",
    "data": [
      {
        "text": "now search for ",
        "userDefined": false
      },
      {
        "text": "Eminem",
        "alias": "artist",
        "meta": "@sys.music-artist",
        "userDefined": false
      }
    ],
    "isTemplate": false,
    "count": 0,
    "updated": 0
  },
  {
    "id": "fd1875e6-ee63-4251-ad28-e9b887a76966",
    "data": [
      {
        "text": "now search for ",
        "userDefined": false
      },
      {
        "text": "work",
        "alias": "playlist",
        "meta": "@playlist",
        "userDefined": true
      },
      {
        "text": " playlist",
        "userDefined": false
      }
    ],
    "isTemplate": false,
    "count": 0,
    "updated": 0
  },
  {
    "id": "874e123a-7142-4dba-9da8-6ccb2966aa70",
    "data": [
      {
        "text": "now ",
        "userDefined": false
      },
      {
        "text": "on",
        "meta": "@sys.ignore",
        "userDefined": false
      },
      {
        "text": " ",
        "userDefined": false
      },
      {
        "text": "Spotify",
        "alias": "service",
        "meta": "@music-service",
        "userDefined": true
      }
    ],
    "isTemplate": false,
    "count": 0,
    "updated": 0
  },
  {
    "id": "9b95afa3-2cb1-4641-a11d-49b82dd81a63",
    "data": [
      {
        "text": "how about ",
        "userDefined": false
      },
      {
        "text": "Pandora",
        "alias": "service",
        "meta": "@music-service",
        "userDefined": true
      }
    ],
    "isTemplate": false,
    "count": 0,
    "updated": 0
  },
  {
    "id": "17614c97-8290-4d6f-860e-8c3f73335882",
    "data": [
      {
        "text": "find another ",
        "userDefined": false
      },
      {
        "text": "one",
        "meta": "@sys.ignore",
        "userDefined": false
      }
    ],
    "isTemplate": false,
    "count": 0,
    "updated": 0
  },
  {
    "id": "0c2e69b3-ac2f-4ad7-8e68-b56672bb3a2c",
    "data": [
      {
        "text": "find ",
        "userDefined": false
      },
      {
        "text": "Take 5",
        "alias": "song",
        "meta": "@song",
        "userDefined": false
      }
    ],
    "isTemplate": false,
    "count": 0,
    "updated": 0
  }
]