[
  {
    "id": "f4d632c7-7178-45b8-9c13-029a8c3f5e1c",
    "data": [
      {
        "text": "resume this song",
        "userDefined": false
      }
    ],
    "isTemplate": false,
    "count": 0,
    "updated": 0
  },
  {
    "id": "58629c24-7532-4853-b05e-e567731bae6e",
    "data": [
      {
        "text": "start",
        "meta": "@sys.ignore",
        "userDefined": true
      },
      {
        "text": " ",
        "userDefined": false
      },
      {
        "text": "music",
        "meta": "@sys.ignore",
        "userDefined": true
      },
      {
        "text": " again",
        "userDefined": false
      }
    ],
    "isTemplate": false,
    "count": 0,
    "updated": 0
  },
  {
    "id": "a97f23e4-f1ab-416d-a87f-5c78994d9ce4",
    "data": [
      {
        "text": "continue playing",
        "userDefined": false
      }
    ],
    "isTemplate": false,
    "count": 0,
    "updated": 0
  },
  {
    "id": "4170c168-143b-448d-971b-575133d12b13",
    "data": [
      {
        "text": "resume",
        "userDefined": false
      }
    ],
    "isTemplate": false,
    "count": 0,
    "updated": 0
  },
  {
    "id": "ad5dc940-1520-4f1d-a0d8-5d809ce008c2",
    "data": [
      {
        "text": "resume playing",
        "userDefined": false
      }
    ],
    "isTemplate": false,
    "count": 0,
    "updated": 0
  },
  {
    "id": "3d4bb9cd-74e1-4e00-ba2c-64232f12a904",
    "data": [
      {
        "text": "resume ",
        "userDefined": false
      },
      {
        "text": "it",
        "meta": "@sys.ignore",
        "userDefined": false
      }
    ],
    "isTemplate": false,
    "count": 0,
    "updated": 0
  },
  {
    "id": "01bb9997-857d-4755-b6f0-463e6b92a98f",
    "data": [
      {
        "text": "continue",
        "userDefined": false
      }
    ],
    "isTemplate": false,
    "count": 0,
    "updated": 0
  },
  {
    "id": "062cc925-89ad-40e7-ad16-118084f31728",
    "data": [
      {
        "text": "resume ",
        "userDefined": false
      },
      {
        "text": "music",
        "meta": "@sys.ignore",
        "userDefined": false
      }
    ],
    "isTemplate": false,
    "count": 0,
    "updated": 0
  },
  {
    "id": "4217ae60-4377-4d44-b89f-1ade8ad8fadc",
    "data": [
      {
        "text": "continue the ",
        "userDefined": false
      },
      {
        "text": "music",
        "meta": "@sys.ignore",
        "userDefined": false
      }
    ],
    "isTemplate": false,
    "count": 0,
    "updated": 0
  },
  {
    "id": "3fc9be8f-e486-431b-8752-1b975e88da1c",
    "data": [
      {
        "text": "restart ",
        "userDefined": false
      },
      {
        "text": "music",
        "meta": "@sys.ignore",
        "userDefined": true
      }
    ],
    "isTemplate": false,
    "count": 0,
    "updated": 0
  }
]