[
  {
    "id": "c788119a-e9b5-4de2-ad84-38106dcce5ac",
    "data": [
      {
        "text": "save ",
        "userDefined": false
      },
      {
        "text": "this",
        "meta": "@sys.ignore",
        "userDefined": true
      },
      {
        "text": " song to my ",
        "userDefined": false
      },
      {
        "text": "Workout",
        "alias": "playlist",
        "meta": "@sys.any",
        "userDefined": true
      },
      {
        "text": " playlist",
        "userDefined": false
      }
    ],
    "isTemplate": false,
    "count": 0,
    "updated": 0
  },
  {
    "id": "a17f418c-df84-4876-8a44-0a4b94c945e1",
    "data": [
      {
        "text": "move it to the ",
        "userDefined": false
      },
      {
        "text": "Gym",
        "alias": "playlist",
        "meta": "@sys.any",
        "userDefined": true
      },
      {
        "text": " playlist",
        "userDefined": false
      }
    ],
    "isTemplate": false,
    "count": 0,
    "updated": 0
  },
  {
    "id": "8974864d-80e6-4446-8bfa-d59ad9d3d3ad",
    "data": [
      {
        "text": "put it on my ",
        "userDefined": false
      },
      {
        "text": "Late Night",
        "alias": "playlist",
        "meta": "@sys.any",
        "userDefined": true
      },
      {
        "text": " playlist",
        "userDefined": false
      }
    ],
    "isTemplate": false,
    "count": 0,
    "updated": 0
  },
  {
    "id": "28021c0b-67f0-4f56-87f4-875dff659c2c",
    "data": [
      {
        "text": "put it into the playlist ",
        "userDefined": false
      },
      {
        "text": "Running",
        "alias": "playlist",
        "meta": "@sys.any",
        "userDefined": true
      }
    ],
    "isTemplate": false,
    "count": 0,
    "updated": 0
  },
  {
    "id": "b32e4906-dbdd-4bf3-bbae-5220b2fb4b58",
    "data": [
      {
        "text": "save ",
        "userDefined": false
      },
      {
        "text": "this",
        "meta": "@sys.ignore",
        "userDefined": false
      },
      {
        "text": " track in my playlist",
        "userDefined": false
      }
    ],
    "isTemplate": false,
    "count": 0,
    "updated": 0
  },
  {
    "id": "ce2f711a-ffb3-4857-bad5-c4ed76178095",
    "data": [
      {
        "text": "add it to the playlist ",
        "userDefined": false
      },
      {
        "text": "Yoga",
        "alias": "playlist",
        "meta": "@sys.any",
        "userDefined": false
      }
    ],
    "isTemplate": false,
    "count": 0,
    "updated": 0
  },
  {
    "id": "dd21084d-a137-416e-a36d-ee9b26a48047",
    "data": [
      {
        "text": "add ",
        "userDefined": false
      },
      {
        "text": "this",
        "meta": "@sys.ignore",
        "userDefined": true
      },
      {
        "text": " song to my playlist",
        "userDefined": false
      }
    ],
    "isTemplate": false,
    "count": 0,
    "updated": 0
  }
]