[
  {
    "id": "7a4198fc-14bf-444b-9bb8-65f8ca1aa378",
    "data": [
      {
        "text": "search up ",
        "userDefined": false
      },
      {
        "text": "Monster",
        "alias": "song",
        "meta": "@song",
        "userDefined": true
      },
      {
        "text": " by ",
        "userDefined": false
      },
      {
        "text": "Rihanna",
        "alias": "artist",
        "meta": "@sys.music-artist",
        "userDefined": true
      },
      {
        "text": " feat ",
        "userDefined": false
      },
      {
        "text": "Eminem",
        "alias": "artist",
        "meta": "@sys.music-artist",
        "userDefined": true
      }
    ],
    "isTemplate": false,
    "count": 0,
    "updated": 0
  },
  {
    "id": "2a4b9f50-91f4-4da1-9f90-228c290a8971",
    "data": [
      {
        "text": "could you search for ",
        "userDefined": false
      },
      {
        "text": "jazz",
        "alias": "genre",
        "meta": "@sys.music-genre",
        "userDefined": true
      },
      {
        "text": " music",
        "userDefined": false
      }
    ],
    "isTemplate": false,
    "count": 0,
    "updated": 0
  },
  {
    "id": "ea4193a1-83a0-4e02-be2c-77d898da1e55",
    "data": [
      {
        "text": "can you find ",
        "userDefined": false
      },
      {
        "text": "Champagne Supernova",
        "alias": "song",
        "meta": "@song",
        "userDefined": true
      },
      {
        "text": " from ",
        "userDefined": false
      },
      {
        "text": "Oasis",
        "alias": "artist",
        "meta": "@sys.music-artist",
        "userDefined": true
      }
    ],
    "isTemplate": false,
    "count": 0,
    "updated": 0
  },
  {
    "id": "f9dfe945-bb7a-4003-affe-f545b10ce6fa",
    "data": [
      {
        "text": "find me a song with ",
        "userDefined": false
      },
      {
        "text": "Lil Wayne",
        "alias": "artist",
        "meta": "@sys.music-artist",
        "userDefined": true
      }
    ],
    "isTemplate": false,
    "count": 0,
    "updated": 0
  },
  {
    "id": "a79383d0-268f-44d8-89c3-f673f5890cac",
    "data": [
      {
        "text": "find ",
        "userDefined": false
      },
      {
        "text": "Ghost Town",
        "alias": "song",
        "meta": "@song",
        "userDefined": true
      }
    ],
    "isTemplate": false,
    "count": 0,
    "updated": 0
  },
  {
    "id": "c78e41c2-5f38-420a-b7cf-4928db079b33",
    "data": [
      {
        "text": "find ",
        "userDefined": false
      },
      {
        "text": "my faves",
        "alias": "playlist",
        "meta": "@playlist",
        "userDefined": true
      },
      {
        "text": " playlist",
        "userDefined": false
      }
    ],
    "isTemplate": false,
    "count": 0,
    "updated": 0
  },
  {
    "id": "8d7caa14-ef50-492d-91a3-c5ffa01f1f6c",
    "data": [
      {
        "text": "search",
        "meta": "@sys.ignore",
        "userDefined": false
      },
      {
        "text": " a ",
        "userDefined": false
      },
      {
        "text": "song",
        "meta": "@sys.ignore",
        "userDefined": false
      },
      {
        "text": " ",
        "userDefined": false
      },
      {
        "text": "on",
        "meta": "@sys.ignore",
        "userDefined": false
      },
      {
        "text": " ",
        "userDefined": false
      },
      {
        "text": "YouTube",
        "alias": "service",
        "meta": "@music-service",
        "userDefined": true
      }
    ],
    "isTemplate": false,
    "count": 0,
    "updated": 0
  },
  {
    "id": "53986eef-0b4e-4479-9fbb-f73894de0e7f",
    "data": [
      {
        "text": "find me the song",
        "userDefined": false
      }
    ],
    "isTemplate": false,
    "count": 0,
    "updated": 0
  },
  {
    "id": "c02dccfc-a1f4-464b-b39e-111827d4a665",
    "data": [
      {
        "text": "find ",
        "userDefined": false
      },
      {
        "text": "Walking with a Ghost",
        "alias": "song",
        "meta": "@song",
        "userDefined": true
      },
      {
        "text": " by ",
        "userDefined": false
      },
      {
        "text": "Tegan and Sara",
        "alias": "artist",
        "meta": "@sys.music-artist",
        "userDefined": true
      }
    ],
    "isTemplate": false,
    "count": 0,
    "updated": 0
  },
  {
    "id": "b9fa925f-947e-4969-aab8-3888dd8584d3",
    "data": [
      {
        "text": "find music on ",
        "userDefined": false
      },
      {
        "text": "Spotify",
        "alias": "service",
        "meta": "@music-service",
        "userDefined": true
      }
    ],
    "isTemplate": false,
    "count": 0,
    "updated": 0
  },
  {
    "id": "0a94380a-97b9-4fa2-93ce-31f5867836ad",
    "data": [
      {
        "text": "can",
        "meta": "@sys.ignore",
        "userDefined": false
      },
      {
        "text": " you ",
        "userDefined": false
      },
      {
        "text": "search",
        "meta": "@sys.ignore",
        "userDefined": false
      },
      {
        "text": " a ",
        "userDefined": false
      },
      {
        "text": "song",
        "meta": "@sys.ignore",
        "userDefined": false
      },
      {
        "text": " by ",
        "userDefined": false
      },
      {
        "text": "Taylor Swift",
        "alias": "artist",
        "meta": "@sys.music-artist",
        "userDefined": false
      },
      {
        "text": " ",
        "userDefined": false
      },
      {
        "text": "on",
        "meta": "@sys.ignore",
        "userDefined": false
      },
      {
        "text": " ",
        "userDefined": false
      },
      {
        "text": "YouTube",
        "alias": "service",
        "meta": "@music-service",
        "userDefined": false
      }
    ],
    "isTemplate": false,
    "count": 0,
    "updated": 0
  },
  {
    "id": "dcf8e039-4126-4afa-a8a1-7bc44a87a1b1",
    "data": [
      {
        "text": "find some ",
        "userDefined": false
      },
      {
        "text": "music",
        "meta": "@sys.ignore",
        "userDefined": true
      }
    ],
    "isTemplate": false,
    "count": 0,
    "updated": 0
  },
  {
    "id": "0a47a64c-ddea-47d1-851c-57100a86e15a",
    "data": [
      {
        "text": "find ",
        "userDefined": false
      },
      {
        "text": "Depeche Mode",
        "alias": "artist",
        "meta": "@sys.music-artist",
        "userDefined": true
      },
      {
        "text": " ",
        "userDefined": false
      },
      {
        "text": "on",
        "meta": "@sys.ignore",
        "userDefined": true
      },
      {
        "text": " ",
        "userDefined": false
      },
      {
        "text": "Spotify",
        "alias": "service",
        "meta": "@music-service",
        "userDefined": true
      }
    ],
    "isTemplate": false,
    "count": 0,
    "updated": 0
  },
  {
    "id": "e875fe39-be3b-4c67-9a56-379a76821262",
    "data": [
      {
        "text": "search",
        "meta": "@sys.ignore",
        "userDefined": true
      },
      {
        "text": " ",
        "userDefined": false
      },
      {
        "text": "top",
        "alias": "sort",
        "meta": "@music-sort",
        "userDefined": true
      },
      {
        "text": " ",
        "userDefined": false
      },
      {
        "text": "10",
        "alias": "amount",
        "meta": "@sys.number",
        "userDefined": true
      },
      {
        "text": " songs from ",
        "userDefined": false
      },
      {
        "text": "2014",
        "alias": "start-year",
        "meta": "@sys.number",
        "userDefined": true
      }
    ],
    "isTemplate": false,
    "count": 0,
    "updated": 0
  },
  {
    "id": "ce71e87b-fb69-4c3b-a9ec-ed6dcc958fd4",
    "data": [
      {
        "text": "search me a ",
        "userDefined": false
      },
      {
        "text": "Nicki Minaj",
        "alias": "artist",
        "meta": "@sys.music-artist",
        "userDefined": true
      },
      {
        "text": " song",
        "userDefined": false
      }
    ],
    "isTemplate": false,
    "count": 0,
    "updated": 0
  },
  {
    "id": "dec296f1-be3d-47f9-bdaf-a88d0c6f4ad5",
    "data": [
      {
        "text": "help me find a song",
        "userDefined": false
      }
    ],
    "isTemplate": false,
    "count": 0,
    "updated": 0
  },
  {
    "id": "7d7d7223-57ff-4279-8773-2c61e12a6d85",
    "data": [
      {
        "text": "find some tracks for ",
        "userDefined": false
      },
      {
        "text": "me",
        "meta": "@sys.ignore",
        "userDefined": true
      }
    ],
    "isTemplate": false,
    "count": 0,
    "updated": 0
  },
  {
    "id": "eac98db1-284a-40c7-a974-30443c2af57e",
    "data": [
      {
        "text": "search",
        "meta": "@sys.ignore",
        "userDefined": false
      },
      {
        "text": " ",
        "userDefined": false
      },
      {
        "text": "Japanese",
        "alias": "language",
        "meta": "@sys.language",
        "userDefined": false
      },
      {
        "text": " ",
        "userDefined": false
      },
      {
        "text": "music",
        "meta": "@sys.ignore",
        "userDefined": false
      }
    ],
    "isTemplate": false,
    "count": 0,
    "updated": 0
  },
  {
    "id": "35d15dfb-98d0-49f4-a0a0-40efa64590f0",
    "data": [
      {
        "text": "can",
        "meta": "@sys.ignore",
        "userDefined": false
      },
      {
        "text": " you find ",
        "userDefined": false
      },
      {
        "text": "me",
        "meta": "@sys.ignore",
        "userDefined": false
      },
      {
        "text": " some ",
        "userDefined": false
      },
      {
        "text": "classic",
        "alias": "genre",
        "meta": "@sys.music-genre",
        "userDefined": true
      },
      {
        "text": " ",
        "userDefined": false
      },
      {
        "text": "music",
        "meta": "@sys.ignore",
        "userDefined": false
      }
    ],
    "isTemplate": false,
    "count": 0,
    "updated": 0
  },
  {
    "id": "e92c433d-a116-4cc2-9426-814ca4f1d776",
    "data": [
      {
        "text": "find ",
        "userDefined": false
      },
      {
        "text": "Adele",
        "alias": "artist",
        "meta": "@sys.music-artist",
        "userDefined": true
      }
    ],
    "isTemplate": false,
    "count": 0,
    "updated": 0
  },
  {
    "id": "52b42729-407f-406a-847e-d43693b622b4",
    "data": [
      {
        "text": "search for ",
        "userDefined": false
      },
      {
        "text": "newest",
        "alias": "sort",
        "meta": "@music-sort",
        "userDefined": true
      },
      {
        "text": " songs by ",
        "userDefined": false
      },
      {
        "text": "Maroon 5",
        "alias": "artist",
        "meta": "@sys.music-artist",
        "userDefined": true
      }
    ],
    "isTemplate": false,
    "count": 0,
    "updated": 0
  },
  {
    "id": "883736c9-9ab5-41b2-9355-a32630e136ca",
    "data": [
      {
        "text": "find the song ",
        "userDefined": false
      },
      {
        "text": "Bailando",
        "alias": "song",
        "meta": "@song",
        "userDefined": true
      },
      {
        "text": " by ",
        "userDefined": false
      },
      {
        "text": "Enrique Iglesias",
        "alias": "artist",
        "meta": "@sys.music-artist",
        "userDefined": true
      }
    ],
    "isTemplate": false,
    "count": 0,
    "updated": 0
  },
  {
    "id": "d827f936-c019-495b-94e7-28adf4041a6c",
    "data": [
      {
        "text": "I\u0027d like to find ",
        "userDefined": false
      },
      {
        "text": "Madonna",
        "alias": "artist",
        "meta": "@sys.music-artist",
        "userDefined": true
      },
      {
        "text": "\u0027s album ",
        "userDefined": false
      },
      {
        "text": "Lucky Star",
        "alias": "album",
        "meta": "@music-album",
        "userDefined": true
      }
    ],
    "isTemplate": false,
    "count": 0,
    "updated": 0
  },
  {
    "id": "ddcdf05a-8fe4-40d0-bf95-2c8c93b42025",
    "data": [
      {
        "text": "can you look up for a song name ",
        "userDefined": false
      },
      {
        "text": "Set fire to the rain",
        "alias": "song",
        "meta": "@song",
        "userDefined": true
      },
      {
        "text": " by ",
        "userDefined": false
      },
      {
        "text": "Adele",
        "alias": "artist",
        "meta": "@sys.music-artist",
        "userDefined": true
      }
    ],
    "isTemplate": false,
    "count": 0,
    "updated": 0
  },
  {
    "id": "f9d1d654-795a-4670-aac6-67ef55e8a0df",
    "data": [
      {
        "text": "look up the song ",
        "userDefined": false
      },
      {
        "text": "Thank you",
        "alias": "song",
        "meta": "@song",
        "userDefined": true
      },
      {
        "text": " by ",
        "userDefined": false
      },
      {
        "text": "Dido",
        "alias": "artist",
        "meta": "@sys.music-artist",
        "userDefined": true
      }
    ],
    "isTemplate": false,
    "count": 0,
    "updated": 0
  },
  {
    "id": "454f0ec7-7126-4f25-bf47-b420f9f0b101",
    "data": [
      {
        "text": "search ",
        "userDefined": false
      },
      {
        "text": "Britney Spears",
        "alias": "artist",
        "meta": "@sys.music-artist",
        "userDefined": true
      },
      {
        "text": " ",
        "userDefined": false
      },
      {
        "text": "music",
        "meta": "@sys.ignore",
        "userDefined": true
      }
    ],
    "isTemplate": false,
    "count": 0,
    "updated": 0
  },
  {
    "id": "edae3e08-0032-4eb3-b24f-1ae8c557ca4c",
    "data": [
      {
        "text": "find me a song",
        "userDefined": false
      }
    ],
    "isTemplate": false,
    "count": 0,
    "updated": 0
  },
  {
    "id": "df5c8cae-5e93-40f4-be74-4eda9ac1784f",
    "data": [
      {
        "text": "can you find the song",
        "userDefined": false
      }
    ],
    "isTemplate": false,
    "count": 0,
    "updated": 0
  },
  {
    "id": "586de32e-d129-4a9f-ae62-35d79df5759f",
    "data": [
      {
        "text": "search what ",
        "userDefined": false
      },
      {
        "text": "Prince",
        "alias": "artist",
        "meta": "@sys.music-artist",
        "userDefined": true
      },
      {
        "text": " wrote between ",
        "userDefined": false
      },
      {
        "text": "1980",
        "alias": "start-year",
        "meta": "@sys.number",
        "userDefined": true
      },
      {
        "text": " and ",
        "userDefined": false
      },
      {
        "text": "1999",
        "alias": "end-year",
        "meta": "@sys.number",
        "userDefined": true
      }
    ],
    "isTemplate": false,
    "count": 0,
    "updated": 0
  },
  {
    "id": "9831d67d-84ea-43f9-9dda-d6f80da428b7",
    "data": [
      {
        "text": "search for ",
        "userDefined": false
      },
      {
        "text": "Bengali",
        "alias": "language",
        "meta": "@sys.language",
        "userDefined": true
      },
      {
        "text": " songs",
        "userDefined": false
      }
    ],
    "isTemplate": false,
    "count": 0,
    "updated": 0
  },
  {
    "id": "70580ff8-292c-4383-a9df-d534e4c75f2f",
    "data": [
      {
        "text": "search",
        "meta": "@sys.ignore",
        "userDefined": true
      },
      {
        "text": " for ",
        "userDefined": false
      },
      {
        "text": "Dangerous",
        "alias": "song",
        "meta": "@song",
        "userDefined": true
      },
      {
        "text": " feat ",
        "userDefined": false
      },
      {
        "text": "Sam Martin",
        "alias": "artist",
        "meta": "@sys.music-artist",
        "userDefined": true
      },
      {
        "text": " by ",
        "userDefined": false
      },
      {
        "text": "David Guetta",
        "alias": "artist",
        "meta": "@sys.music-artist",
        "userDefined": true
      },
      {
        "text": " song ",
        "userDefined": false
      },
      {
        "text": "on",
        "meta": "@sys.ignore",
        "userDefined": true
      },
      {
        "text": " ",
        "userDefined": false
      },
      {
        "text": "Spotify",
        "alias": "service",
        "meta": "@music-service",
        "userDefined": true
      }
    ],
    "isTemplate": false,
    "count": 0,
    "updated": 0
  },
  {
    "id": "85ca4381-bd61-433b-b243-268a32a13eb0",
    "data": [
      {
        "text": "find ",
        "userDefined": false
      },
      {
        "text": "rock",
        "alias": "genre",
        "meta": "@sys.music-genre",
        "userDefined": true
      },
      {
        "text": " ",
        "userDefined": false
      },
      {
        "text": "music",
        "meta": "@sys.ignore",
        "userDefined": true
      }
    ],
    "isTemplate": false,
    "count": 0,
    "updated": 0
  },
  {
    "id": "3e8a4ca4-ffd3-441f-b4a9-e2bc28801670",
    "data": [
      {
        "text": "search for me a song",
        "userDefined": false
      }
    ],
    "isTemplate": false,
    "count": 0,
    "updated": 0
  },
  {
    "id": "5974da07-2f42-468d-9b0e-091f8b108cee",
    "data": [
      {
        "text": "search for the song ",
        "userDefined": false
      },
      {
        "text": "Angel",
        "alias": "song",
        "meta": "@song",
        "userDefined": true
      },
      {
        "text": " by ",
        "userDefined": false
      },
      {
        "text": "Shaggy",
        "alias": "artist",
        "meta": "@sys.music-artist",
        "userDefined": true
      }
    ],
    "isTemplate": false,
    "count": 0,
    "updated": 0
  },
  {
    "id": "ac5e2c19-1432-4c75-8581-2054426ff190",
    "data": [
      {
        "text": "can",
        "meta": "@sys.ignore",
        "userDefined": true
      },
      {
        "text": " ",
        "userDefined": false
      },
      {
        "text": "you find",
        "meta": "@sys.ignore",
        "userDefined": true
      },
      {
        "text": " ",
        "userDefined": false
      },
      {
        "text": "Ariana Grande",
        "alias": "artist",
        "meta": "@sys.music-artist",
        "userDefined": true
      },
      {
        "text": " for ",
        "userDefined": false
      },
      {
        "text": "me",
        "meta": "@sys.ignore",
        "userDefined": true
      }
    ],
    "isTemplate": false,
    "count": 0,
    "updated": 0
  },
  {
    "id": "95df7f12-56b3-412b-98bc-521a03f0dc79",
    "data": [
      {
        "text": "find the song ",
        "userDefined": false
      },
      {
        "text": "Lemonade",
        "alias": "song",
        "meta": "@song",
        "userDefined": true
      }
    ],
    "isTemplate": false,
    "count": 0,
    "updated": 0
  },
  {
    "id": "cc72e2a3-b181-4e86-ba3d-eac2ce31e15e",
    "data": [
      {
        "text": "can you search for me a song",
        "userDefined": false
      }
    ],
    "isTemplate": false,
    "count": 0,
    "updated": 0
  },
  {
    "id": "0b845336-c621-439e-89de-b895ec18290d",
    "data": [
      {
        "text": "find some ",
        "userDefined": false
      },
      {
        "text": "good",
        "alias": "sort",
        "meta": "@music-sort",
        "userDefined": true
      },
      {
        "text": " ",
        "userDefined": false
      },
      {
        "text": "music",
        "meta": "@sys.ignore",
        "userDefined": true
      },
      {
        "text": " for me",
        "userDefined": false
      }
    ],
    "isTemplate": false,
    "count": 0,
    "updated": 0
  },
  {
    "id": "3e7e31c5-4912-4380-b34c-ce53280e2271",
    "data": [
      {
        "text": "find ",
        "userDefined": false
      },
      {
        "text": "Dangerous",
        "alias": "song",
        "meta": "@song",
        "userDefined": true
      },
      {
        "text": " by ",
        "userDefined": false
      },
      {
        "text": "Sam Martin",
        "alias": "artist",
        "meta": "@sys.music-artist",
        "userDefined": true
      },
      {
        "text": " feat ",
        "userDefined": false
      },
      {
        "text": "David Guetta",
        "alias": "artist",
        "meta": "@sys.music-artist",
        "userDefined": true
      }
    ],
    "isTemplate": false,
    "count": 0,
    "updated": 0
  },
  {
    "id": "60eeb33b-60b7-45d2-b306-69a80d767ea2",
    "data": [
      {
        "text": "can",
        "meta": "@sys.ignore",
        "userDefined": false
      },
      {
        "text": " you ",
        "userDefined": false
      },
      {
        "text": "search",
        "meta": "@sys.ignore",
        "userDefined": false
      },
      {
        "text": " some ",
        "userDefined": false
      },
      {
        "text": "good mood",
        "meta": "@sys.ignore",
        "userDefined": true
      },
      {
        "text": " ",
        "userDefined": false
      },
      {
        "text": "song",
        "meta": "@sys.ignore",
        "userDefined": false
      },
      {
        "text": " ",
        "userDefined": false
      },
      {
        "text": "in",
        "meta": "@sys.ignore",
        "userDefined": false
      },
      {
        "text": " ",
        "userDefined": false
      },
      {
        "text": "YouTube",
        "alias": "service",
        "meta": "@music-service",
        "userDefined": false
      }
    ],
    "isTemplate": false,
    "count": 0,
    "updated": 0
  },
  {
    "id": "85fb9572-3667-425d-aa88-918d4c4c0ca1",
    "data": [
      {
        "text": "find a song",
        "userDefined": false
      }
    ],
    "isTemplate": false,
    "count": 0,
    "updated": 0
  },
  {
    "id": "be2658c7-f6a4-4860-92fa-ae6355744a05",
    "data": [
      {
        "text": "could",
        "meta": "@sys.ignore",
        "userDefined": false
      },
      {
        "text": " you ",
        "userDefined": false
      },
      {
        "text": "search",
        "meta": "@sys.ignore",
        "userDefined": false
      },
      {
        "text": " ",
        "userDefined": false
      },
      {
        "text": "in",
        "meta": "@sys.ignore",
        "userDefined": false
      },
      {
        "text": " ",
        "userDefined": false
      },
      {
        "text": "YouTube",
        "alias": "service",
        "meta": "@music-service",
        "userDefined": false
      },
      {
        "text": " a ",
        "userDefined": false
      },
      {
        "text": "song",
        "meta": "@sys.ignore",
        "userDefined": false
      },
      {
        "text": " ",
        "userDefined": false
      },
      {
        "text": "of",
        "meta": "@sys.ignore",
        "userDefined": false
      },
      {
        "text": " ",
        "userDefined": false
      },
      {
        "text": "Queen",
        "alias": "artist",
        "meta": "@sys.music-artist",
        "userDefined": true
      }
    ],
    "isTemplate": false,
    "count": 0,
    "updated": 0
  },
  {
    "id": "e6976265-ade4-4a18-a841-0a7082b97fb2",
    "data": [
      {
        "text": "can you search for the song",
        "userDefined": false
      }
    ],
    "isTemplate": false,
    "count": 0,
    "updated": 0
  },
  {
    "id": "69e213b1-de77-419e-bc02-e1cd5e1f477f",
    "data": [
      {
        "text": "can",
        "meta": "@sys.ignore",
        "userDefined": true
      },
      {
        "text": " ",
        "userDefined": false
      },
      {
        "text": "you",
        "meta": "@sys.ignore",
        "userDefined": true
      },
      {
        "text": " find me a song",
        "userDefined": false
      }
    ],
    "isTemplate": false,
    "count": 0,
    "updated": 0
  },
  {
    "id": "0c66492b-81bc-4543-ab41-01be443934e8",
    "data": [
      {
        "text": "find ",
        "userDefined": false
      },
      {
        "text": "Lorde",
        "alias": "artist",
        "meta": "@sys.music-artist",
        "userDefined": true
      },
      {
        "text": " song",
        "userDefined": false
      }
    ],
    "isTemplate": false,
    "count": 0,
    "updated": 0
  },
  {
    "id": "fd662029-72f9-49d6-99f2-912413af5747",
    "data": [
      {
        "text": "find ",
        "userDefined": false
      },
      {
        "text": "French",
        "alias": "language",
        "meta": "@sys.language",
        "userDefined": true
      },
      {
        "text": " songs by ",
        "userDefined": false
      },
      {
        "text": "Joe Dassin",
        "alias": "artist",
        "meta": "@sys.music-artist",
        "userDefined": true
      }
    ],
    "isTemplate": false,
    "count": 0,
    "updated": 0
  },
  {
    "id": "61da2a8d-63d9-4542-a967-7b0231ead321",
    "data": [
      {
        "text": "look up another song",
        "userDefined": false
      }
    ],
    "isTemplate": false,
    "count": 0,
    "updated": 0
  },
  {
    "id": "9fb6557e-5431-4a09-b755-0b00ab24cfde",
    "data": [
      {
        "text": "look for ",
        "userDefined": false
      },
      {
        "text": "The Beatles",
        "alias": "artist",
        "meta": "@sys.music-artist",
        "userDefined": true
      },
      {
        "text": " ",
        "userDefined": false
      },
      {
        "text": "music",
        "meta": "@sys.ignore",
        "userDefined": true
      }
    ],
    "isTemplate": false,
    "count": 0,
    "updated": 0
  },
  {
    "id": "8c41c2ab-25a0-417f-9dc8-a113e68b76e1",
    "data": [
      {
        "text": "find ",
        "userDefined": false
      },
      {
        "text": "White",
        "alias": "album",
        "meta": "@music-album",
        "userDefined": true
      },
      {
        "text": " album",
        "userDefined": false
      }
    ],
    "isTemplate": false,
    "count": 0,
    "updated": 0
  },
  {
    "id": "c564c92e-adf3-4f53-aa29-89ba5dc03b45",
    "data": [
      {
        "text": "find me for some good music on ",
        "userDefined": false
      },
      {
        "text": "Hindi",
        "alias": "language",
        "meta": "@sys.language",
        "userDefined": true
      }
    ],
    "isTemplate": false,
    "count": 0,
    "updated": 0
  },
  {
    "id": "73d5fc2c-8057-4581-96a2-d1badb452a0a",
    "data": [
      {
        "text": "find the ",
        "userDefined": false
      },
      {
        "text": "best",
        "alias": "sort",
        "meta": "@music-sort",
        "userDefined": true
      },
      {
        "text": " songs of ",
        "userDefined": false
      },
      {
        "text": "2016",
        "alias": "start-year",
        "meta": "@sys.number",
        "userDefined": true
      }
    ],
    "isTemplate": false,
    "count": 0,
    "updated": 0
  },
  {
    "id": "c39a9afc-37ee-4f03-9908-c423dc087b5b",
    "data": [
      {
        "text": "top",
        "alias": "sort",
        "meta": "@music-sort",
        "userDefined": true
      },
      {
        "text": " songs ",
        "userDefined": false
      },
      {
        "text": "of",
        "meta": "@sys.ignore",
        "userDefined": true
      },
      {
        "text": " ",
        "userDefined": false
      },
      {
        "text": "2016",
        "alias": "start-year",
        "meta": "@sys.number",
        "userDefined": true
      }
    ],
    "isTemplate": false,
    "count": 0,
    "updated": 0
  },
  {
    "id": "b6f3c010-328e-4cb7-b856-1c750154b427",
    "data": [
      {
        "text": "search",
        "meta": "@sys.ignore",
        "userDefined": true
      },
      {
        "text": " ",
        "userDefined": false
      },
      {
        "text": "Britney Spears",
        "alias": "artist",
        "meta": "@sys.music-artist",
        "userDefined": true
      },
      {
        "text": " ",
        "userDefined": false
      },
      {
        "text": "Me Against the Music",
        "alias": "song",
        "meta": "@song",
        "userDefined": true
      },
      {
        "text": " feat ",
        "userDefined": false
      },
      {
        "text": "Madonna",
        "alias": "artist",
        "meta": "@sys.music-artist",
        "userDefined": true
      }
    ],
    "isTemplate": false,
    "count": 0,
    "updated": 0
  },
  {
    "id": "51df7c24-59ed-490c-8a06-0c261ea913ae",
    "data": [
      {
        "text": "search for a playlist ",
        "userDefined": false
      },
      {
        "text": "summer",
        "alias": "playlist",
        "meta": "@playlist",
        "userDefined": true
      }
    ],
    "isTemplate": false,
    "count": 0,
    "updated": 0
  },
  {
    "id": "3a397727-5e5b-4ac8-89c8-ce36babbf84b",
    "data": [
      {
        "text": "find a song by ",
        "userDefined": false
      },
      {
        "text": "Madonna",
        "alias": "artist",
        "meta": "@sys.music-artist",
        "userDefined": true
      }
    ],
    "isTemplate": false,
    "count": 0,
    "updated": 0
  },
  {
    "id": "90d866ef-571f-49de-a6e0-eefefdbf110b",
    "data": [
      {
        "text": "look up a song for me",
        "userDefined": false
      }
    ],
    "isTemplate": false,
    "count": 0,
    "updated": 0
  },
  {
    "id": "0f8fce54-e3b4-4a72-9eb1-b2d1f53dca59",
    "data": [
      {
        "text": "search",
        "meta": "@sys.ignore",
        "userDefined": true
      },
      {
        "text": " for ",
        "userDefined": false
      },
      {
        "text": "Ignition",
        "alias": "song",
        "meta": "@song",
        "userDefined": true
      },
      {
        "text": " by ",
        "userDefined": false
      },
      {
        "text": "R Kelly",
        "alias": "artist",
        "meta": "@sys.music-artist",
        "userDefined": true
      }
    ],
    "isTemplate": false,
    "count": 0,
    "updated": 0
  },
  {
    "id": "9e4f3e00-d5fe-44a6-81bf-6b5cd5821c82",
    "data": [
      {
        "text": "search a song ",
        "userDefined": false
      },
      {
        "text": "Thrift shop",
        "alias": "song",
        "meta": "@song",
        "userDefined": true
      }
    ],
    "isTemplate": false,
    "count": 0,
    "updated": 0
  },
  {
    "id": "67421c7e-93fd-494e-9fe0-11a4af21bc0b",
    "data": [
      {
        "text": "find me ",
        "userDefined": false
      },
      {
        "text": "greatest",
        "alias": "sort",
        "meta": "@music-sort",
        "userDefined": true
      },
      {
        "text": " hits by ",
        "userDefined": false
      },
      {
        "text": "Metallica",
        "alias": "artist",
        "meta": "@sys.music-artist",
        "userDefined": true
      }
    ],
    "isTemplate": false,
    "count": 0,
    "updated": 0
  },
  {
    "id": "9c7c78b5-ba1d-4026-9079-6ef8e0290857",
    "data": [
      {
        "text": "find ",
        "userDefined": false
      },
      {
        "text": "Diamonds",
        "alias": "song",
        "meta": "@song",
        "userDefined": true
      },
      {
        "text": " on ",
        "userDefined": false
      },
      {
        "text": "Youtube",
        "alias": "service",
        "meta": "@music-service",
        "userDefined": true
      }
    ],
    "isTemplate": false,
    "count": 0,
    "updated": 0
  },
  {
    "id": "83a08b53-4c06-495d-9fad-3676c6fb2716",
    "data": [
      {
        "text": "find some song in ",
        "userDefined": false
      },
      {
        "text": "Hindi",
        "alias": "language",
        "meta": "@sys.language",
        "userDefined": true
      }
    ],
    "isTemplate": false,
    "count": 0,
    "updated": 0
  },
  {
    "id": "883a7c5a-717f-4be0-b9d9-d65393f22cd5",
    "data": [
      {
        "text": "could you find the music",
        "userDefined": false
      }
    ],
    "isTemplate": false,
    "count": 0,
    "updated": 0
  },
  {
    "id": "d1e02a2a-0098-4a87-a005-a5400b1fb909",
    "data": [
      {
        "text": "find my ",
        "userDefined": false
      },
      {
        "text": "music",
        "meta": "@sys.ignore",
        "userDefined": false
      }
    ],
    "isTemplate": false,
    "count": 0,
    "updated": 0
  },
  {
    "id": "78210a82-aba9-4f89-9f0a-fdd9f3a63d9b",
    "data": [
      {
        "text": "find me the song ",
        "userDefined": false
      },
      {
        "text": "Greatness Of Our God",
        "alias": "song",
        "meta": "@song",
        "userDefined": true
      }
    ],
    "isTemplate": false,
    "count": 0,
    "updated": 0
  },
  {
    "id": "21a1401e-9efa-4760-a184-61abb3e1874b",
    "data": [
      {
        "text": "search for cool ",
        "userDefined": false
      },
      {
        "text": "rap",
        "alias": "genre",
        "meta": "@sys.music-genre",
        "userDefined": true
      },
      {
        "text": " music",
        "userDefined": false
      }
    ],
    "isTemplate": false,
    "count": 0,
    "updated": 0
  },
  {
    "id": "4a4f7a07-97d2-4420-a9e5-1cab052be860",
    "data": [
      {
        "text": "find the ",
        "userDefined": false
      },
      {
        "text": "greatest",
        "alias": "sort",
        "meta": "@music-sort",
        "userDefined": true
      },
      {
        "text": " songs",
        "userDefined": false
      }
    ],
    "isTemplate": false,
    "count": 0,
    "updated": 0
  },
  {
    "id": "a7ebbf6c-614b-4425-84e3-cd2585999ce6",
    "data": [
      {
        "text": "find music",
        "userDefined": false
      }
    ],
    "isTemplate": false,
    "count": 0,
    "updated": 0
  },
  {
    "id": "6a541b06-820c-4c1e-a75e-dce9b82659b7",
    "data": [
      {
        "text": "I\u0027d like to search for a song",
        "userDefined": false
      }
    ],
    "isTemplate": false,
    "count": 0,
    "updated": 0
  },
  {
    "id": "5997a29f-20ff-4492-a0f0-f03cf2c2138b",
    "data": [
      {
        "text": "find ",
        "userDefined": false
      },
      {
        "text": "Blackbird",
        "alias": "song",
        "meta": "@song",
        "userDefined": true
      },
      {
        "text": " song",
        "userDefined": false
      }
    ],
    "isTemplate": false,
    "count": 1,
    "updated": 0
  },
  {
    "id": "5882bfaf-529c-4dd8-8e3e-867c16fc5249",
    "data": [
      {
        "text": "find how about some music",
        "userDefined": false
      }
    ],
    "isTemplate": false,
    "count": 0,
    "updated": 0
  },
  {
    "id": "1473c790-5d7f-4e16-8416-c3986330083d",
    "data": [
      {
        "text": "find a ",
        "userDefined": false
      },
      {
        "text": "relaxing",
        "alias": "playlist",
        "meta": "@playlist",
        "userDefined": true
      },
      {
        "text": " playlist",
        "userDefined": false
      }
    ],
    "isTemplate": false,
    "count": 0,
    "updated": 0
  },
  {
    "id": "52d54548-d89b-41be-8fd6-db20a2dacbfb",
    "data": [
      {
        "text": "search for the song ",
        "userDefined": false
      },
      {
        "text": "Bass pedal",
        "alias": "song",
        "meta": "@song",
        "userDefined": true
      }
    ],
    "isTemplate": false,
    "count": 0,
    "updated": 0
  },
  {
    "id": "383b182c-57ff-48d4-ba17-c209fe527a73",
    "data": [
      {
        "text": "search up the song ",
        "userDefined": false
      },
      {
        "text": "I need to feel loved",
        "alias": "song",
        "meta": "@song",
        "userDefined": true
      }
    ],
    "isTemplate": false,
    "count": 0,
    "updated": 0
  },
  {
    "id": "7def3f1c-fccb-4100-974b-68c3f2a3a90e",
    "data": [
      {
        "text": "look up the ",
        "userDefined": false
      },
      {
        "text": "song",
        "meta": "@sys.ignore",
        "userDefined": true
      },
      {
        "text": " ",
        "userDefined": false
      },
      {
        "text": "Diamonds",
        "alias": "song",
        "meta": "@song",
        "userDefined": true
      }
    ],
    "isTemplate": false,
    "count": 0,
    "updated": 0
  },
  {
    "id": "33d87f48-01fb-4aca-904f-78c296ebdf23",
    "data": [
      {
        "text": "can you find me the song called ",
        "userDefined": false
      },
      {
        "text": "Maria",
        "alias": "song",
        "meta": "@song",
        "userDefined": true
      }
    ],
    "isTemplate": false,
    "count": 0,
    "updated": 0
  },
  {
    "id": "66284260-e928-4571-8973-b3fcad5f6938",
    "data": [
      {
        "text": "search",
        "meta": "@sys.ignore",
        "userDefined": true
      },
      {
        "text": " ",
        "userDefined": false
      },
      {
        "text": "Adele",
        "alias": "artist",
        "meta": "@sys.music-artist",
        "userDefined": true
      },
      {
        "text": "\u0027s ",
        "userDefined": false
      },
      {
        "text": "Hello",
        "alias": "song",
        "meta": "@song",
        "userDefined": true
      }
    ],
    "isTemplate": false,
    "count": 0,
    "updated": 0
  }
]