[
  {
    "id": "1046b0b3-444d-4899-af42-f1fe0f57eca5",
    "data": [
      {
        "text": "Can you play ",
        "userDefined": false
      },
      {
        "text": "music",
        "alias": "music-genre",
        "meta": "@sys.music-genre",
        "userDefined": false
      }
    ],
    "isTemplate": false,
    "count": 0,
    "updated": 0
  },
  {
    "id": "41d1f489-a451-4f5d-a840-5894f0d2a88b",
    "data": [
      {
        "text": "Music",
        "alias": "music-genre",
        "meta": "@sys.music-genre",
        "userDefined": false
      }
    ],
    "isTemplate": false,
    "count": 0,
    "updated": 0
  },
  {
    "id": "27ea159a-b8ed-47d4-aef4-873657695763",
    "data": [
      {
        "text": "What\u0027s your favourite ",
        "userDefined": false
      },
      {
        "text": "poem",
        "alias": "music-genre",
        "meta": "@sys.music-genre",
        "userDefined": true
      },
      {
        "text": "?",
        "userDefined": false
      }
    ],
    "isTemplate": false,
    "count": 0,
    "updated": 0
  },
  {
    "id": "63e44666-d790-4faa-b006-aa33241aa4c4",
    "data": [
      {
        "text": "how about some ",
        "userDefined": false
      },
      {
        "text": "tunes",
        "alias": "music-genre",
        "meta": "@sys.music-genre",
        "userDefined": true
      },
      {
        "text": "?",
        "userDefined": false
      }
    ],
    "isTemplate": false,
    "count": 0,
    "updated": 0
  },
  {
    "id": "b90169cc-99a3-4c02-8be9-54f0d7db9836",
    "data": [
      {
        "text": "i think ",
        "userDefined": false
      },
      {
        "text": "music",
        "alias": "music-genre",
        "meta": "@sys.music-genre",
        "userDefined": false
      },
      {
        "text": " might help",
        "userDefined": false
      }
    ],
    "isTemplate": false,
    "count": 0,
    "updated": 0
  },
  {
    "id": "a2fe7235-413e-4028-be9a-ca86c0b27b87",
    "data": [
      {
        "text": "music",
        "alias": "music-genre",
        "meta": "@sys.music-genre",
        "userDefined": false
      },
      {
        "text": " maybe",
        "userDefined": false
      }
    ],
    "isTemplate": false,
    "count": 0,
    "updated": 0
  },
  {
    "id": "1df119da-3dc0-42eb-a9c1-f79b8efe73e2",
    "data": [
      {
        "text": "play me some ",
        "userDefined": false
      },
      {
        "text": "music",
        "alias": "music-genre",
        "meta": "@sys.music-genre",
        "userDefined": true
      }
    ],
    "isTemplate": false,
    "count": 0,
    "updated": 0
  }
]