[
  {
    "value": "sad",
    "synonyms": [
      "sad",
      "unhappy",
      "feeling low",
      "feel weird",
      "not happy"
    ]
  },
  {
    "value": "lonely",
    "synonyms": [
      "lonely",
      "isolated",
      "alone",
      "friendless",
      "outcast",
      "abandoned",
      "unloved",
      "rejected",
      "forsaken"
    ]
  },
  {
    "value": "depressed",
    "synonyms": [
      "depressed",
      "dejected",
      "sorrowful",
      "melancholy",
      "unhearty",
      "dishartened",
      "pessimistic",
      "discouraged",
      "oppressed",
      "tearful",
      "desolate"
    ]
  }
]